Date,Close,High,Low,Open,Volume
03-01-2000,6.76512146,6.76512146,6.605942283,6.605942283,665180
04-01-2000,6.916338921,7.300358969,6.804913918,7.24265706,3374200
05-01-2000,6.643746376,6.920320308,6.566146583,6.765120722,3196400
06-01-2000,6.697468758,6.765119988,6.578084591,6.685530037,1700520
07-01-2000,6.699458122,6.80491492,6.452730643,6.452730643,1702880
10-01-2000,6.601960659,7.143170451,6.566145261,6.880524701,2008680
11-01-2000,6.502473831,6.68155083,6.247786839,6.625837564,2915680
12-01-2000,6.58405304,6.68354009,6.458699143,6.516401815,1719040
13-01-2000,6.57012701,6.761142026,6.566147436,6.761142026,965520
14-01-2000,6.58405304,6.685529497,6.526350368,6.685529497,1163040
17-01-2000,7.111335754,7.111335754,6.846699797,6.924299586,2748080
18-01-2000,6.594002247,7.111335417,6.54823829,7.111335417,5113040
19-01-2000,7.123274803,7.123274803,6.844711434,6.844711434,6996360
20-01-2000,7.107357025,7.354084551,7.003890374,7.354084551,5381960
21-01-2000,7.48739481,7.640604942,6.848687439,7.003887737,9446580
24-01-2000,7.980852127,8.086308168,7.680400779,7.911210729,8987320
25-01-2000,8.619557381,8.619557381,7.919168504,7.919168504,5805820
26-01-2000,8.619557381,8.619557381,8.619557381,8.619557381,0
27-01-2000,9.140869141,9.309997567,8.804603212,8.914038806,11271640
28-01-2000,9.06924057,9.2721935,8.914040243,9.152809334,9583300
31-01-2000,9.461219788,9.795496389,9.15678961,9.15678961,12747600
01-02-2000,9.588562012,9.709936339,9.351783096,9.391578069,7815580
02-02-2000,9.709939003,10.35660503,9.51096484,10.35461563,6876640
03-02-2000,8.991641045,9.948706924,8.933939121,9.709937806,5693740
04-02-2000,9.111026764,9.23240112,8.655375766,9.150821747,5314080
07-02-2000,9.817383766,9.84126045,9.152810131,9.351784264,7780700
08-02-2000,9.978552818,10.0999264,9.554737713,9.948706396,6104160
09-02-2000,10.04819107,10.38644716,9.79350449,10.14767811,6344660
10-02-2000,10.01834679,10.42624435,9.879065508,9.948706147,4201720
11-02-2000,9.23637867,10.30685969,9.218471727,10.15166012,5296460
14-02-2000,9.290102005,9.35178426,8.760830841,9.35178426,5050880
15-02-2000,9.057301521,9.351783111,8.957814467,9.311988138,3881740
16-02-2000,9.783556938,9.783556938,9.152809354,9.745752129,1412000
17-02-2000,9.964625359,10.25512742,9.875086843,10.25512742,4683200
18-02-2000,9.654222488,10.06808818,9.510960907,9.988499005,2375540
21-02-2000,9.397547722,9.86911618,9.355763338,9.680091371,2209440
22-02-2000,8.657363892,9.550758052,8.647415337,9.39356831,3496120
23-02-2000,8.73297596,9.347806159,8.655376157,8.993632389,2690160
24-02-2000,9.033426285,9.152810466,8.575785154,8.834452144,1757840
25-02-2000,9.033426285,9.311989626,8.834452144,9.150821058,2530640
28-02-2000,9.05531311,9.152810777,8.754862482,9.146841795,1714420
29-02-2000,8.627515793,9.51096039,8.337013833,9.073217284,5173760
01-03-2000,9.317956924,9.317956924,8.675269951,8.675269951,641880
02-03-2000,10.06411171,10.06411171,9.948706352,9.948706352,798720
03-03-2000,10.86995697,10.86995697,10.86995697,10.86995697,1285880
06-03-2000,10.58741474,11.7394753,10.14768204,11.73748589,4072820
07-03-2000,10.27502155,10.66103176,10.14767826,10.54562643,3248240
08-03-2000,10.82618046,11.09877476,10.42624286,10.54562702,4009540
09-03-2000,10.72868538,11.14255196,9.988502086,10.75057266,2679580
10-03-2000,10.11385822,10.46604186,9.871109474,10.3964012,2936660
13-03-2000,10.74261379,10.92368022,9.948706666,9.948706666,4159640
14-03-2000,10.56154728,11.14255138,10.1874757,10.96347436,3564040
15-03-2000,10.34068584,10.74460309,9.829322388,10.74460309,1655720
16-03-2000,10.22527981,10.42624409,10.14966943,10.42624409,2649280
17-03-2000,10.22527981,10.22527981,10.22527981,10.22527981,0
20-03-2000,10.22527981,10.22527981,10.22527981,10.22527981,0
21-03-2000,10.1795187,10.34665704,9.817385764,10.34665704,3202220
22-03-2000,10.39241791,10.54562807,10.10987503,10.3367054,1522600
23-03-2000,11.1584692,11.22413027,10.27701377,10.27701377,5076880
24-03-2000,10.87990284,11.05301008,10.52572922,10.94755406,2343080
27-03-2000,10.81225395,11.06296101,10.59537213,10.94357684,1222620
28-03-2000,10.94755459,11.08285703,10.66700115,10.68490885,1967280
29-03-2000,10.56154728,11.45892028,10.46802919,10.98337223,1969600
30-03-2000,10.44812965,10.58542227,9.988499969,10.20737118,1907360
31-03-2000,10.23522758,10.34665336,10.02829509,10.06808931,1487200
03-04-2000,9.835290909,10.86398675,9.556726834,10.34466493,3371760
04-04-2000,9.049345016,9.670144204,9.049345016,9.670144204,1435660
05-04-2000,8.327066422,9.232399253,8.327066422,9.232399253,1745620
06-04-2000,7.721535683,8.501509712,7.721535683,8.301002414,1670120
07-04-2000,8.339100838,8.339100838,7.420776794,7.819786763,3218580
10-04-2000,9.006785393,9.006785393,8.820314352,9.002775921,3121120
11-04-2000,9.070949554,9.419831788,8.381204032,9.006786522,5918660
12-04-2000,9.34363842,9.744652958,8.942623883,9.544145689,2618020
13-04-2000,9.281482697,9.383741079,8.621813525,9.183233787,3826320
14-04-2000,9.281482697,9.281482697,9.281482697,9.281482697,0
17-04-2000,8.539607048,9.022829673,8.539607048,9.022829673,2566580
18-04-2000,8.906535149,9.018819528,8.583718993,8.583718993,2737960
19-04-2000,9.080975533,9.303538751,8.782219328,9.183233916,2819060
20-04-2000,9.050899506,9.103031833,8.633844714,8.942625379,3587940
21-04-2000,9.050899506,9.050899506,9.050899506,9.050899506,0
24-04-2000,9.307547569,9.45993353,9.002777177,9.022827599,3972720
25-04-2000,9.261431694,9.423842879,8.822320993,9.147142597,5120320
26-04-2000,9.995286942,10.00330742,9.273461087,9.620338567,3779560
27-04-2000,9.844906807,10.22587093,9.347648861,10.21384022,5115360
28-04-2000,9.830872536,10.00531443,9.626355001,9.706558226,3344980
01-05-2000,9.830872536,9.830872536,9.830872536,9.830872536,0
02-05-2000,10.07348442,10.18576799,9.624347851,9.905058303,5077460
03-05-2000,9.872977257,10.02135219,9.323587059,9.744651975,4457840
04-05-2000,10.05744648,10.30607588,9.868969887,10.22186241,3444900
05-05-2000,10.42036343,10.82739295,9.915084997,9.965211816,5688380
08-05-2000,10.44442558,11.02790181,10.2659742,10.6268872,2764400
09-05-2000,10.48251915,10.62487988,10.1456669,10.26597171,2285760
10-05-2000,10.53264809,10.62688676,10.10556809,10.42637946,3749540
11-05-2000,10.65896797,10.86348551,10.18777613,10.22988247,4862760
12-05-2000,10.5105896,10.8835332,10.43038716,10.8835332,2593960
15-05-2000,10.31008339,10.50658119,10.06546504,10.34818026,3306260
16-05-2000,10.27599812,10.49655582,10.2258713,10.30607451,2148140
17-05-2000,10.34817982,10.46647913,10.2298805,10.42637753,1602860
18-05-2000,10.26797771,10.38627704,10.22587137,10.22988161,977420
19-05-2000,10.25594711,10.44642841,10.1075714,10.1075714,4338100
22-05-2000,9.979245186,10.34216356,9.754677297,10.26597059,2203000
23-05-2000,9.373716354,9.90506101,8.784225163,9.90506101,4078200
24-05-2000,9.708563805,10.12361465,8.826332079,9.22333647,6396820
25-05-2000,9.367698669,9.925108562,9.227343446,9.724601318,3152620
26-05-2000,9.233359337,9.461937495,9.0268371,9.267445969,2774700
29-05-2000,9.008791924,9.283486676,8.501508763,9.145136932,2823020
30-05-2000,8.974705696,9.203284642,8.661914823,9.103031,2934900
31-05-2000,9.235366821,9.600290058,9.022828801,9.263437722,3053380
01-06-2000,9.193257332,9.303536934,9.062928075,9.103029679,1871460
02-06-2000,9.804806709,9.905060353,9.303538488,9.303538488,4436940
05-06-2000,9.907063484,10.56673254,9.790769673,9.868967381,3142220
06-06-2000,9.808815956,10.22587147,9.504045558,10.22587147,1835860
07-06-2000,9.604298592,9.640389962,9.383740134,9.544145798,1600040
08-06-2000,9.638383865,9.82084544,9.504044369,9.624348418,1273240
09-06-2000,9.834881783,10.02536385,9.704552511,9.704552511,2164220
12-06-2000,9.798789978,9.985261799,9.748663161,9.885008165,1282880
13-06-2000,10.16972828,10.22587007,9.584246693,9.624348297,2280280
14-06-2000,10.03739452,10.38627676,9.985262203,10.38627676,1414600
15-06-2000,10.06145382,10.1456665,9.927113565,10.06746879,1270040
16-06-2000,10.06546688,10.14366461,9.744654733,9.744654733,1116260
19-06-2000,10.09152985,10.14566613,9.83086982,9.834880057,1483700
20-06-2000,10.20982838,10.37424502,9.885006859,10.22185909,2015080
21-06-2000,10.27399158,10.5466808,10.14967654,10.34617355,3678280
22-06-2000,10.31008339,10.50658119,10.26597231,10.350185,1301480
23-06-2000,10.32211685,10.38627913,10.18978205,10.18978205,1515620
26-06-2000,10.23188877,10.32412272,10.19178792,10.19980763,1320820
27-06-2000,10.10155582,10.22587011,10.06546446,10.22587011,1486640
28-06-2000,10.04341221,10.42638118,9.949173519,10.42638118,1207660
29-06-2000,10.33013344,10.38627522,10.06546393,10.08551435,1548080
30-06-2000,10.11960411,10.25394364,10.10556866,10.22587274,769000
03-07-2000,10.77325535,11.14820372,10.10757128,10.14967763,4008680
04-07-2000,11.18228912,11.26249156,10.66698557,10.74718801,6268580
05-07-2000,11.14820385,11.42089386,10.87751934,11.42089386,4385420
06-07-2000,11.06599712,11.22439807,10.93566784,11.14820508,1914660
07-07-2000,11.30059147,11.42891602,11.02990616,11.10810465,4243960
10-07-2000,11.05597305,11.34871354,10.94769892,11.22840946,2883340
11-07-2000,11.02188587,11.22840813,10.98779924,11.18830652,1836820
12-07-2000,10.74317837,11.17627398,10.46647816,11.02789828,3658300
13-07-2000,10.66097355,11.07401889,10.51259856,10.98379045,4119320
14-07-2000,10.65896797,10.82739413,10.59079546,10.62889157,1551100
17-07-2000,10.19980431,10.5968086,10.18576886,10.59079362,2251520
18-07-2000,10.03538704,10.24191001,10.02536183,10.19579268,2852240
19-07-2000,10.07549286,10.14366538,9.945162795,9.945162795,1388080
20-07-2000,9.959195137,10.34617421,9.828865878,10.0253629,1976220
21-07-2000,9.688511848,10.01934917,9.628359817,9.965212113,2296240
24-07-2000,9.271454811,9.544144006,9.026835742,9.425844708,4279640
25-07-2000,9.73061657,9.973230923,8.926582836,9.062927827,2046620
26-07-2000,9.824858665,10.10556922,9.724605006,9.985264368,1215260
27-07-2000,9.804806709,9.856938268,9.664451454,9.75868936,618840
28-07-2000,9.427853584,9.848918619,9.383741732,9.706558616,2598880
31-07-2000,9.339630127,9.463944435,9.223335529,9.423842823,492860
01-08-2000,9.121079445,9.459936582,9.070952609,9.459936582,1462000
02-08-2000,8.98272419,9.219322794,8.742115349,9.163181012,2341600
03-08-2000,10.1236124,10.34216536,8.984731049,9.01480668,5908060
04-08-2000,10.01533985,10.18577075,9.714578899,9.824857762,5677640
07-08-2000,9.431863785,10.02536522,9.215315529,9.947167496,2988300
08-08-2000,10.1476717,10.34216397,9.263434788,9.307545861,3933440
09-08-2000,9.78676033,10.22587099,9.704552378,10.19378985,1274620
10-08-2000,9.770718575,9.985261279,9.674475183,9.704551577,878980
11-08-2000,9.712572098,9.800795788,9.425846634,9.425846634,1013240
14-08-2000,9.764702797,9.804804398,9.674474385,9.708560249,1103500
15-08-2000,9.764702797,9.764702797,9.764702797,9.764702797,0
16-08-2000,9.864958763,9.925110797,9.784755542,9.864958763,619500
17-08-2000,9.903056145,10.22587304,9.8128277,9.8128277,2365400
18-08-2000,9.606302261,9.78475359,9.504043901,9.78475359,4924620
21-08-2000,9.431863785,9.544147386,9.074960263,9.427853547,5602380
22-08-2000,9.243382454,9.351656535,9.183230441,9.351656535,2223540
23-08-2000,9.335618019,9.744652236,9.263435285,9.744652236,2151480
24-08-2000,9.285493851,9.375721529,9.25140721,9.34364039,781340
25-08-2000,9.576227188,9.893029052,9.227344955,9.227344955,4625440
28-08-2000,9.431863785,9.704553841,9.421838573,9.704553841,858460
29-08-2000,9.413818359,9.512066513,9.263437877,9.383741957,1872900
30-08-2000,9.459934235,9.61632968,9.42384286,9.504046084,2226340
31-08-2000,9.598282814,9.624348973,9.399781045,9.399781045,876820
01-09-2000,9.598282814,9.598282814,9.598282814,9.598282814,0
04-09-2000,9.562192917,9.74465453,9.504046381,9.624350456,963600
05-09-2000,9.59427166,9.824855305,9.504044009,9.508053481,1739380
06-09-2000,9.72660923,9.985263842,9.624350839,9.624350839,2183900
07-09-2000,9.628361702,9.824858786,9.578234871,9.578234871,1395100
08-09-2000,9.566200256,9.782748443,9.548154574,9.548154574,1329520
11-09-2000,9.628361702,9.704554699,9.584249846,9.584249846,1347320
12-09-2000,9.473967552,9.61432278,9.443891159,9.588256623,1861700
13-09-2000,9.457927704,9.564197079,9.427852072,9.544145892,946040
14-09-2000,9.323588371,9.473968829,9.30353795,9.345644294,1849500
15-09-2000,9.129095078,9.267445573,8.962674454,9.267445573,3678120
18-09-2000,8.39523983,9.022827848,7.899987355,9.022827848,8188720
19-09-2000,9.237370491,9.423842326,7.942093623,8.280950657,6782700
20-09-2000,9.024832726,9.463944177,8.826330938,9.383740956,2684660
21-09-2000,8.984733582,9.07295653,8.82633261,9.022829698,1577580
22-09-2000,8.698005676,8.938614556,8.621812699,8.824324707,2826480
25-09-2000,8.974705696,8.992751382,8.643869136,8.822320497,1365780
26-09-2000,8.91656208,8.982729108,8.832348596,8.902526627,1821640
27-09-2000,9.088994026,9.119069655,8.74211581,8.822319016,1232820
28-09-2000,8.978715897,9.141127071,8.82232046,9.119071148,2462080
29-09-2000,9.393766403,9.64440052,8.930595044,9.143132286,3224960
02-10-2000,9.393766403,9.393766403,9.393766403,9.393766403,0
03-10-2000,9.596281052,9.624351956,9.223337291,9.383743004,2031680
04-10-2000,9.467952728,9.624348141,9.305541578,9.624348141,1076860
05-10-2000,9.409806252,9.524095334,9.305542379,9.463943306,1068040
06-10-2000,9.800795555,9.945160269,8.902523079,9.431862148,8331960
09-10-2000,9.750667572,9.864956641,9.544144589,9.630362766,3405360
10-10-2000,9.586253166,9.820846313,9.443892419,9.544146057,3195220
11-10-2000,9.490010262,9.584248166,9.193258804,9.459933863,3054000
12-10-2000,9.481989861,9.524096208,9.347649579,9.4258473,1070640
13-10-2000,9.481989861,9.534121419,9.267447123,9.343639342,1717300
16-10-2000,9.498029709,9.80480637,9.247395607,9.66445112,3345360
17-10-2000,9.534123421,9.624351872,9.393768136,9.405798851,2013840
18-10-2000,9.546152115,9.618334861,9.313563691,9.463944157,1748820
19-10-2000,9.70054245,9.784755141,9.544146251,9.58424786,2330000
20-10-2000,9.81282711,9.905061051,9.744654597,9.824857824,1966900
23-10-2000,9.748663902,9.901049866,9.724603242,9.824856884,981080
24-10-2000,9.754681587,9.784757227,9.644401947,9.664453139,1817240
25-10-2000,9.680493355,9.784757255,9.630366524,9.784757255,968560
26-10-2000,9.678486824,9.824857052,9.636380477,9.824857052,265520
27-10-2000,9.624350548,9.738639649,9.506051208,9.664452161,315420
30-10-2000,9.90104866,9.985261342,9.54615072,9.54615072,1451960
31-10-2000,10.04741859,10.22185969,9.744652213,10.02536267,2537880
01-11-2000,9.911073685,10.20381409,9.824855504,10.20381409,901740
02-11-2000,10.1035614,10.14566775,9.846912336,9.846912336,2180520
03-11-2000,9.949168205,10.14566519,9.905057136,10.14566519,1172820
06-11-2000,10.02536488,10.14566895,9.905060803,9.905060803,6828940
07-11-2000,9.975237846,10.02135443,9.929121261,9.945161446,1001480
08-11-2000,9.780744553,10.02335893,9.744653182,10.02335893,622380
09-11-2000,9.822849274,9.856935135,9.620336548,9.704549981,927460
10-11-2000,9.830872536,9.905060786,9.784755949,9.804807138,1017820
13-11-2000,9.638383865,9.784754072,9.624348418,9.654424813,758700
14-11-2000,9.455924988,9.644401589,9.32359019,9.624351164,1923120
15-11-2000,9.638383865,9.784754072,9.524094789,9.620338181,3576540
16-11-2000,9.327598572,9.668461094,9.189248827,9.624349248,6772260
17-11-2000,9.213310242,9.303538676,8.966686364,9.243385877,4549040
20-11-2000,9.169197083,9.223334136,9.002776451,9.18323253,1688420
21-11-2000,9.010798454,9.183234867,8.966687365,9.143133251,3451140
22-11-2000,8.986738205,9.21932667,8.902525496,9.21932667,3089020
23-11-2000,8.696001053,9.00277773,8.583717459,8.944630432,4064840
24-11-2000,8.970694542,9.024830825,8.748131376,8.782217241,3390040
27-11-2000,9.052904129,9.082979763,8.952650488,9.008792282,3358520
28-11-2000,8.888486862,9.093003586,8.822319102,9.058917721,3691140
29-11-2000,8.904528618,9.600289151,8.788234789,9.600289151,3114600
30-11-2000,8.868436813,9.062929118,8.762168201,8.976710927,2444480
01-12-2000,8.671937943,8.832343578,8.421303898,8.832343578,7303660
04-12-2000,8.675951004,8.778209391,8.621813941,8.621813941,2176400
05-12-2000,8.587726593,8.738107043,8.541609249,8.738107043,4543480
06-12-2000,8.820316315,9.219325407,8.742117827,8.742117827,4733020
07-12-2000,8.752140999,8.822318224,8.722064608,8.792241833,1620300
08-12-2000,8.788233757,8.882471651,8.744121914,8.782218019,3503620
11-12-2000,8.926581383,9.006783811,8.822317538,8.862419135,3172700
12-12-2000,9.167193413,9.301532928,9.022827921,9.022827921,9136860
13-12-2000,9.403791428,9.784754788,9.187243205,9.203284154,9930900
14-12-2000,9.193257332,9.504044189,9.143130518,9.423840981,3493500
15-12-2000,8.812296867,9.303539954,8.774199987,9.303539954,4491360
18-12-2000,8.706027031,8.8183114,8.543616599,8.543616599,2768860
19-12-2000,8.62381649,8.784222902,8.583715652,8.720060643,5264760
20-12-2000,8.820316315,8.898514038,8.641864178,8.702016979,3553020
21-12-2000,8.728081703,8.842370792,8.621813089,8.702016307,2755400
22-12-2000,8.671937943,8.822318369,8.647877288,8.818308133,2122180
25-12-2000,8.671937943,8.671937943,8.671937943,8.671937943,0
26-12-2000,8.635849953,8.7822202,8.517550607,8.627829477,3800920
27-12-2000,8.752140999,8.822318224,8.641861409,8.641861409,1422820
28-12-2000,8.824325562,9.02082338,8.770189266,8.770189266,3506960
29-12-2000,8.934602737,9.012800437,8.82231841,8.86242001,3605400
01-01-2001,8.912547112,9.052902335,8.902521902,9.018815706,2007180
02-01-2001,8.98272419,9.022825791,8.78221695,8.936607616,3573620
03-01-2001,9.056913376,9.423842062,9.022827506,9.103030723,8415080
04-01-2001,9.036863327,9.219324927,9.008792429,9.157167393,4250540
05-01-2001,9.167193413,9.223335208,9.010797209,9.040873608,3236880
08-01-2001,9.229349136,9.303537375,9.10303011,9.10303011,5192260
09-01-2001,9.453919411,9.544147083,9.191254575,9.251406611,5399700
10-01-2001,9.038866043,9.622342035,8.986733736,9.568204993,6518560
11-01-2001,9.179221153,9.303536192,9.062927352,9.143129789,3798000
12-01-2001,9.516077042,9.58424956,9.223336544,9.283488585,7893520
15-01-2001,9.985261917,10.1015565,9.584247376,9.616328509,9799160
16-01-2001,10.02536488,10.08952715,9.866963927,10.02536488,5726300
17-01-2001,9.991277695,10.06546517,9.832876767,9.985261956,4166160
18-01-2001,10.02135277,10.04541342,9.86495735,10.02335827,3389020
19-01-2001,10.095541,10.18576943,9.86896833,10.02135352,6125080
22-01-2001,9.947165489,10.40632731,9.860947304,10.14566725,5107020
23-01-2001,10.0113306,10.14567014,9.955188799,9.955188799,2148120
24-01-2001,10.00130367,10.06546594,9.885009079,9.985262723,2142100
25-01-2001,10.00932407,10.22587233,9.945161799,10.0053146,2559860
26-01-2001,10.00932407,10.00932407,10.00932407,10.00932407,0
29-01-2001,9.83688736,10.02536393,9.74465343,9.945160709,3282160
30-01-2001,10.00130367,10.04541476,9.726608139,9.824857046,2454700
31-01-2001,10.18175888,10.22587072,9.864957793,9.864957793,3481040
01-02-2001,10.07348442,10.22787433,9.965210324,10.18576799,1884860
02-02-2001,10.11559391,10.16973098,9.965213428,10.04942613,1685260
05-02-2001,10.58678436,10.92363666,10.06546573,10.10556734,10560940
06-02-2001,10.40632725,10.62688493,10.30807835,10.54668172,2046400
07-02-2001,10.07749653,10.56673483,10.02536497,10.42637957,2288320
08-02-2001,10.3582058,10.38627669,10.02536375,10.09754649,2494420
09-02-2001,10.91361237,11.18830715,10.42236933,10.42236933,15991040
12-02-2001,10.52663326,10.98378966,10.46648123,10.94368881,4402060
13-02-2001,10.39429855,10.64693742,10.32612604,10.54668377,3622020
14-02-2001,10.60683632,10.65495764,10.30206514,10.42637945,5282120
15-02-2001,10.47249508,10.66698738,10.4263785,10.66698738,1878960
16-02-2001,10.17774963,10.82538885,10.11358736,10.58477995,4477960
19-02-2001,10.29805565,10.57876543,10.16572085,10.46648182,3579220
20-02-2001,10.05744648,10.3261263,10.02937558,10.26597426,2885340
21-02-2001,10.03739452,10.18576948,9.584247651,10.17774901,4237540
22-02-2001,10.08551407,10.26597089,9.997291158,10.02937229,4735480
23-02-2001,9.921100616,10.14566857,9.784755598,10.14366383,5395320
26-02-2001,10.02536488,10.06546649,9.626355017,9.905060803,1656760
27-02-2001,10.04140568,10.10556795,9.909070129,10.02536473,3106380
28-02-2001,10.28802681,10.78728941,10.02536205,10.62688377,8807820
01-03-2001,10.6248827,11.01587134,10.39028875,10.50658335,6688000
02-03-2001,10.61084557,10.90759703,10.55871401,10.7872922,6168800
05-03-2001,10.31610107,10.70709047,10.23188761,10.54668402,4162800
06-03-2001,10.31610107,10.31610107,10.31610107,10.31610107,0
07-03-2001,10.32211685,10.42638075,10.02937635,10.26597505,2432700
08-03-2001,10.51660824,10.58678549,10.26597411,10.26597411,1809940
09-03-2001,10.1316328,10.34617554,10.02736893,10.34617554,2856760
12-03-2001,10.03338623,10.14566984,9.98726964,10.06546737,1830840
13-03-2001,8.868436813,9.987267792,8.443361598,9.987267792,5029780
14-03-2001,9.780744553,9.945160456,8.82232003,8.82232003,2948680
15-03-2001,9.718587875,10.01934879,9.425846672,10.01934879,3428160
16-03-2001,9.323588371,9.824856563,8.982725848,9.626354023,2215020
19-03-2001,9.41782856,9.504046764,8.982727301,9.062930531,914540
20-03-2001,9.201277733,9.423840906,9.113054817,9.38774954,1399640
21-03-2001,9.469958305,9.70455221,9.062928791,9.062928791,1922000
22-03-2001,9.335618019,9.524094562,9.271455759,9.483992959,472500
23-03-2001,9.205289841,9.423842822,9.022828234,9.323589175,723580
26-03-2001,9.121079445,9.263439476,8.942627266,8.942627266,343540
27-03-2001,9.111048698,9.221328292,9.064932125,9.143129826,2381400
28-03-2001,9.169197083,9.379729557,9.143130924,9.187242767,610000
29-03-2001,9.203284264,9.263436293,9.143131469,9.17922284,2361900
30-03-2001,9.157167435,9.263436817,9.064934266,9.183233596,1237980
02-04-2001,8.948638916,9.070948463,8.621811879,9.070948463,1614840
03-04-2001,9.024832726,9.0629296,8.786229327,8.866432549,1723720
04-04-2001,9.060922623,9.101024227,8.828334236,8.926583128,635980
05-04-2001,9.060922623,9.060922623,9.060922623,9.060922623,0
06-04-2001,9.139122963,9.243386084,9.022828364,9.022828364,901400
09-04-2001,9.038866043,9.113053502,8.902521069,9.107037765,1037000
10-04-2001,9.062931061,9.139124057,9.022829444,9.04287987,1732660
11-04-2001,9.245391846,9.323589571,9.022828617,9.04688928,1868340
12-04-2001,9.279477119,9.423842613,8.98673666,9.145137603,2090400
13-04-2001,9.279477119,9.279477119,9.279477119,9.279477119,0
16-04-2001,9.44990921,9.700543334,9.183234136,9.421838311,1962580
17-04-2001,9.854932785,9.945160446,9.423841842,9.463943449,2617100
18-04-2001,9.834881783,10.02135361,9.744653355,9.905059788,2258380
19-04-2001,9.608307838,10.02536332,9.463943127,9.86495766,4675760
20-04-2001,9.852964401,9.907557156,9.505188679,9.907557156,3066020
23-04-2001,9.840833664,9.903514413,9.755912105,9.826680071,1226440
24-04-2001,9.616396904,9.778152791,9.549672167,9.711428053,2584580
25-04-2001,9.592132568,9.664922907,9.545627801,9.584045353,544900
26-04-2001,9.620443344,9.703343305,9.55371859,9.640662546,439180
27-04-2001,9.400048256,9.543606557,8.89658224,9.523386589,1031440
30-04-2001,9.317150116,9.539564406,9.139218221,9.139218221,1325140
01-05-2001,9.317150116,9.317150116,9.317150116,9.317150116,0
02-05-2001,9.543605804,9.620440134,8.916800733,8.916800733,1119800
03-05-2001,9.436444283,9.705364117,9.309061934,9.664924945,879580
04-05-2001,9.389940262,9.493060196,9.347479476,9.493060196,996520
07-05-2001,9.60224247,9.624483276,9.383871464,9.460705792,1189340
08-05-2001,9.422288895,9.58404555,9.385893724,9.543606386,849800
09-05-2001,9.608309746,9.705363286,9.341412317,9.482949019,1463720
10-05-2001,9.559780121,9.895423817,9.521363345,9.705360779,2145420
11-05-2001,9.44857502,9.624484505,9.422289446,9.624484505,603620
14-05-2001,9.596178055,9.745802749,9.402070968,9.584046844,1570720
15-05-2001,9.735692024,9.822635958,9.139216469,9.385893907,1459080
16-05-2001,9.529454231,9.871163635,9.462729485,9.745802903,2480020
17-05-2001,9.47890377,9.844876302,9.383871854,9.695252403,2546400
18-05-2001,9.527432442,9.705364337,9.466774069,9.624485993,1689200
21-05-2001,9.592132568,9.863073957,9.424311084,9.70536207,3246280
22-05-2001,9.535518646,9.814548035,9.503167469,9.650769764,1771860
23-05-2001,9.598198891,9.664922853,9.575957313,9.664922853,1307940
24-05-2001,9.559780121,9.660877629,9.523384956,9.636614443,375880
25-05-2001,9.331299782,9.596174744,9.300970223,9.596174744,2491600
28-05-2001,9.476881981,9.503167554,9.280753303,9.3009725,1934360
29-05-2001,9.507210732,9.5436059,9.381850025,9.462727577,2833540
30-05-2001,9.307037354,9.521364371,9.224137419,9.503166787,3596640
31-05-2001,9.296929359,9.357587727,9.201897428,9.357587727,1559200
01-06-2001,9.321191788,9.381850922,9.266599801,9.35758696,809540
04-06-2001,9.393982887,9.428356451,9.272666152,9.361631707,1626440
05-06-2001,9.37780571,9.422288092,9.300971382,9.300971382,1624140
06-06-2001,9.466773987,9.491037181,9.40207162,9.422290821,923980
07-06-2001,9.302992821,9.422287917,9.199873697,9.422287917,2484020
08-06-2001,9.361629486,9.402068645,9.24031278,9.341410292,2238760
11-06-2001,9.327259064,9.377807833,9.220095149,9.321192687,752040
12-06-2001,9.212006569,9.341411275,8.89658202,9.341411275,1521240
13-06-2001,9.191785812,9.260532153,9.102820277,9.240312959,1491480
14-06-2001,8.807616234,9.216050308,8.738869889,9.216050308,2216720
15-06-2001,8.662034988,8.892537196,8.249556948,8.736846932,3674360
18-06-2001,8.025121689,8.694387618,7.97052893,8.694387618,2641200
19-06-2001,8.259666443,8.431532676,8.047361821,8.087800981,6105640
20-06-2001,8.623620033,8.653948831,8.32234904,8.366832202,2591140
21-06-2001,8.930953979,9.058337063,8.690342175,8.690342175,2578140
22-06-2001,8.850076675,9.159434829,8.795483924,8.900625434,2128500
25-06-2001,8.528587341,8.856143109,8.478038578,8.835923912,1360940
26-06-2001,8.732802391,8.813680705,8.411312287,8.451751445,1544860
27-06-2001,8.633728027,8.775264704,8.613508061,8.674167188,1091260
28-06-2001,8.704497337,8.742914893,8.613509404,8.662036559,588060
29-06-2001,8.476015091,8.730781255,8.405247141,8.694386089,1528000
02-07-2001,8.599357605,8.674170349,8.573072797,8.653950376,373120
03-07-2001,8.376941681,8.653948707,8.352678489,8.569027149,14009280
04-07-2001,8.190921783,8.409292825,8.069605052,8.409292825,1048980
05-07-2001,8.241470337,8.310216688,8.168680763,8.289997491,806980
06-07-2001,8.249557495,8.322347833,8.172723164,8.172723164,282340
09-07-2001,8.279888153,8.33043692,8.087802685,8.128241853,215820
10-07-2001,8.411314011,8.451753176,8.213162949,8.370875617,426740
11-07-2001,8.532631874,8.573071041,8.45175354,8.45175354,510800
12-07-2001,8.712586403,8.775267158,8.494215337,8.542742498,851240
13-07-2001,8.75908947,8.987570091,8.694387116,8.815703837,1248020
16-07-2001,8.856142044,9.007788315,8.815702884,8.815702884,4856080
17-07-2001,8.941061974,8.997676319,8.898600443,8.908710809,600100
18-07-2001,9.189766884,9.260534856,8.898605464,8.898605464,1407100
19-07-2001,9.072494507,9.175614446,8.977463328,9.058340911,1160260
20-07-2001,9.098777771,9.179656104,9.084624178,9.139216938,2313240
23-07-2001,8.862210274,9.054294973,8.821771106,9.054294973,20840
24-07-2001,9.175614357,9.216053533,8.696411388,8.807619317,1453360
25-07-2001,9.373761177,9.418244328,9.100797439,9.12910539,2523140
26-07-2001,9.274687767,9.377807686,9.078559071,9.078559071,4444020
27-07-2001,9.398026466,9.462728825,9.224138588,9.300972928,3262240
30-07-2001,9.393982887,9.440487661,9.272666152,9.272666152,1079980
31-07-2001,9.470817566,9.53551993,9.353544049,9.420268796,2563380
01-08-2001,9.557759285,9.60426405,9.302993112,9.60426405,1205100
02-08-2001,9.442508698,9.745801263,9.42228873,9.7053621,686440
03-08-2001,9.361629486,9.60426367,9.262554356,9.499122165,1782100
06-08-2001,9.456663132,9.493058305,9.220094508,9.224138502,691660
07-08-2001,9.381851196,9.454640771,9.323214443,9.343433641,449880
08-08-2001,9.507210732,9.561803484,9.18369821,9.18369821,1718500
09-08-2001,9.216051102,9.462728548,9.147304751,9.363653401,699140
10-08-2001,9.300972939,9.458684842,9.27064337,9.349500093,877120
13-08-2001,9.331299782,9.36162857,9.224135905,9.224135905,490940
14-08-2001,9.371738434,9.418243965,9.341409645,9.343431256,770800
15-08-2001,9.371738434,9.371738434,9.371738434,9.371738434,0
16-08-2001,9.422288895,9.44048648,9.377806509,9.377806509,732740
17-08-2001,9.677056313,9.743780286,9.499124432,9.499124432,2033300
20-08-2001,9.511254311,9.584044644,9.381849616,9.523385519,982040
21-08-2001,9.507210732,9.584045062,9.444529992,9.503166738,340760
22-08-2001,9.507210732,9.507210732,9.507210732,9.507210732,0
23-08-2001,9.507210732,9.523385933,9.300971701,9.462727577,427740
24-08-2001,9.537538528,9.551692889,9.426331424,9.503165746,3064240
27-08-2001,9.499124527,9.567870883,9.482949322,9.545629302,542820
28-08-2001,9.503168106,9.543607274,9.462728939,9.543607274,1659900
29-08-2001,9.521368027,9.54158723,9.452621657,9.474863243,808240
30-08-2001,9.497102737,9.664924245,9.442509976,9.664924245,942860
31-08-2001,9.565849304,9.664924459,9.440487802,9.543607722,1073560
03-09-2001,9.50114727,9.624485623,9.34141297,9.624485623,659600
04-09-2001,9.383872986,9.66088001,9.347477812,9.539563279,1083860
05-09-2001,9.503168106,9.541584891,9.361631406,9.503168106,906280
06-09-2001,9.503168106,9.620441615,9.464751321,9.515300088,1743420
07-09-2001,9.385894775,9.62448502,9.341412385,9.341412385,745900
10-09-2001,9.424311638,9.55371635,9.341411696,9.55371635,342000
11-09-2001,9.484972,9.533499163,9.383874451,9.383874451,1068920
12-09-2001,8.898603439,9.256488755,8.734825949,9.09877687,1437460
13-09-2001,8.87838459,9.131128402,8.73482629,8.979482115,1248600
14-09-2001,8.24349308,8.8520999,8.142395545,8.755046359,3186360
17-09-2001,7.796642303,8.289998005,7.444822537,8.289998005,3537620
18-09-2001,8.334481239,8.57307149,7.48526177,7.926047095,2921340
19-09-2001,8.631706238,8.746957352,8.017033884,8.34256726,3089160
20-09-2001,8.75908947,8.844011792,8.330436182,8.611487177,2047200
21-09-2001,8.60542202,8.653948402,8.249558283,8.421424546,1971620
24-09-2001,8.184855461,8.593289551,8.087801931,8.498257632,3667720
25-09-2001,8.425469398,8.856145175,8.289999053,8.330438227,1221580
26-09-2001,8.684277534,8.732803914,8.168680312,8.43962171,2511240
27-09-2001,8.680233002,8.795484111,8.340545278,8.694386593,1609580
28-09-2001,8.77931118,8.856145537,8.593292052,8.593292052,878320
01-10-2001,8.48208046,8.803570543,8.431531709,8.755043403,2249960
02-10-2001,8.48208046,8.48208046,8.48208046,8.48208046,0
03-10-2001,8.526563644,8.73482504,8.455795696,8.494212472,1922620
04-10-2001,8.577114105,8.633729247,8.506346143,8.542741315,2068620
05-10-2001,8.660014153,8.718650129,8.532631058,8.577113444,539080
08-10-2001,8.674166679,8.70449547,7.885605792,8.492190853,757420
09-10-2001,8.651927948,8.714607931,8.633730359,8.674169531,502920
10-10-2001,8.732802391,8.765153562,8.603397705,8.653946459,386440
11-10-2001,8.91680336,8.977462505,8.775267411,8.775267411,1329840
12-10-2001,9.43239975,9.503167711,9.098777596,9.098777596,3566680
15-10-2001,9.216051102,9.422289382,9.118996795,9.422289382,670000
16-10-2001,9.185720444,9.284795578,9.106864504,9.258510779,308380
17-10-2001,9.108888626,9.268622932,9.028011053,9.14123981,1353220
18-10-2001,9.06844902,9.218073719,8.977461852,8.983527457,1088420
19-10-2001,9.06844902,9.098778591,8.991615445,9.021944245,1163900
22-10-2001,9.025987625,9.624484836,8.943087679,9.300973038,2737060
23-10-2001,9.090685844,9.381847101,8.829854143,9.098773828,2728620
24-10-2001,9.108888626,9.191788582,9.080581437,9.106867015,1413860
25-10-2001,8.967349052,9.1311273,8.898602713,9.098776127,2305260
26-10-2001,8.967349052,8.967349052,8.967349052,8.967349052,0
29-10-2001,8.856142044,9.058337071,8.753022919,9.038117877,2554100
30-10-2001,8.815705299,8.854122859,8.738871723,8.738871723,1399180
31-10-2001,8.803572655,8.84603343,8.734826307,8.734826307,1432860
01-11-2001,8.809638977,8.835924552,8.746958229,8.815704582,1946000
02-11-2001,8.983527184,9.034075952,8.835924872,8.89658324,1705360
05-11-2001,8.947133064,8.977462637,8.89658429,8.89658429,1610020
06-11-2001,8.805596352,8.973418653,8.771223555,8.957242675,2626040
07-11-2001,8.874340057,9.357586073,8.785374519,9.357586073,1108720
08-11-2001,8.827834129,8.856141307,8.702473439,8.846031711,1033600
09-11-2001,8.868276596,8.908715768,8.817727825,8.856144613,4583480
12-11-2001,8.882426262,8.89657985,8.813679932,8.835921505,1194860
13-11-2001,8.874340057,8.896581635,8.815703311,8.856142473,1726860
14-11-2001,8.96128273,9.078556205,8.900624382,8.932975552,327400
15-11-2001,8.924888611,9.058337301,8.856142269,9.058337301,2440280
16-11-2001,8.924888611,8.924888611,8.924888611,8.924888611,0
19-11-2001,8.981502533,9.098776016,8.896580994,9.098776016,4656060
20-11-2001,9.090685844,9.118993017,8.979478763,9.086641852,2147340
21-11-2001,9.084625244,9.179657181,9.058339667,9.058339667,2918400
22-11-2001,9.017900467,9.13921798,8.997681267,9.13921798,1762360
23-11-2001,9.104841232,9.127082807,9.0098101,9.058336472,1394020
26-11-2001,9.179656982,9.296929728,9.074515448,9.179656982,1291200
27-11-2001,9.222115517,9.290861858,9.017898103,9.141237195,4360600
28-11-2001,9.080581665,9.422291097,8.941067327,9.381852695,3639280
29-11-2001,8.983527184,9.250424619,8.744936935,9.250424619,5564400
30-11-2001,8.983527184,8.983527184,8.983527184,8.983527184,0
03-12-2001,9.078557014,9.139215368,8.815702862,8.937020341,3650900
04-12-2001,9.036095619,9.098776356,8.939042097,8.977459647,909580
05-12-2001,9.009810448,9.179654297,8.949151324,9.179654297,1199980
06-12-2001,9.177635193,9.248403939,9.028011255,9.09877923,1613280
07-12-2001,9.468793869,9.543605816,9.161457323,9.220093297,3648480
10-12-2001,9.387917519,9.486992675,9.220095234,9.300973574,1756720
11-12-2001,9.090685844,9.300968802,8.941061996,9.300968802,3828080
12-12-2001,9.086645126,9.201896241,9.01789878,9.106865094,920900
13-12-2001,9.331299782,9.499121235,8.856141058,9.078556026,1730740
14-12-2001,9.090685844,9.220090504,8.997676342,9.220090504,943560
17-12-2001,9.090685844,9.090685844,9.090685844,9.090685844,0
18-12-2001,8.947133064,9.078560186,8.89658429,9.058340214,2075980
19-12-2001,8.890514374,9.017896668,8.835921631,8.900623969,1836160
20-12-2001,8.995659828,9.092713378,8.755047179,8.876364695,1882220
21-12-2001,9.048229218,9.175612325,8.896582918,8.896582918,1798880
24-12-2001,8.888493538,8.928932699,8.653947329,8.815703202,630940
25-12-2001,8.888493538,8.888493538,8.888493538,8.888493538,0
26-12-2001,8.918824196,9.017899343,8.860187444,8.860187444,1043060
27-12-2001,8.947133064,9.01790104,8.856145116,8.884452306,896160
28-12-2001,8.932976723,8.967349508,8.819747225,8.932976723,1159420
31-12-2001,9.12304306,9.22009662,8.87434317,8.878387165,758960
01-01-2002,9.100799561,9.300973015,9.007790016,9.22009468,1172820
02-01-2002,9.098777771,9.129107339,9.017899438,9.058338604,1242180
03-01-2002,9.149324417,9.218070753,8.985546177,9.098775663,991640
04-01-2002,9.056316376,9.220093871,9.038118791,9.098777151,426620
07-01-2002,9.056316376,9.153369906,8.959262845,9.058337987,1625460
08-01-2002,9.007789612,9.098777541,8.898604096,9.098777541,1178020
09-01-2002,9.072494507,9.098780088,8.957243354,8.957243354,867500
10-01-2002,9.121020317,9.159437105,8.977461993,9.098778735,1413380
11-01-2002,9.153370857,9.361631531,9.058338928,9.13517327,1643740
14-01-2002,9.450598717,9.584047443,9.159437297,9.159437297,2371160
15-01-2002,9.699297905,10.27150956,9.381851702,9.462729268,4415660
16-01-2002,9.337367058,10.06931289,9.260532726,10.02887373,1265000
17-01-2002,9.424311638,9.503167586,9.179655806,9.286818939,1276720
18-01-2002,9.596178055,9.660880417,9.442510138,9.442510138,1319680
21-01-2002,9.662901878,9.82667938,9.472838033,9.624484324,1092600
22-01-2002,9.733671188,9.786242342,9.584047259,9.662903218,1071080
23-01-2002,9.806462288,9.826681489,9.709408733,9.745803913,1063940
24-01-2002,9.50114727,9.857010276,9.426334534,9.806461506,603300
25-01-2002,9.266599655,9.503167497,9.224138108,9.503167497,508720
28-01-2002,9.292883873,9.379827802,9.143259975,9.143259975,214960
29-01-2002,9.163479805,9.339389286,9.12304064,9.321191701,520920
30-01-2002,9.090685844,9.220090504,9.058334679,9.220090504,1131420
31-01-2002,9.086645126,9.179655434,8.900626054,9.06642593,931900
01-02-2002,9.090685844,9.139212978,9.044181093,9.139212978,273360
04-02-2002,9.104841232,9.216049107,9.058336472,9.139214786,804640
05-02-2002,9.005768776,9.17763428,8.896583251,9.058339156,4393500
06-02-2002,9.106866837,9.258513151,8.983527711,8.999702917,3419500
07-02-2002,9.165502548,9.381851203,9.074514616,9.102821801,1334580
08-02-2002,9.100799561,9.22009468,8.896582884,9.209985081,3249760
11-02-2002,9.250424385,9.300973152,9.141238863,9.177634037,601460
12-02-2002,9.337367058,9.462727767,9.284795915,9.329279071,832740
13-02-2002,9.296929359,9.381851691,9.18167823,9.361631721,625480
14-02-2002,9.234246254,9.381849298,9.181675888,9.240312629,1080220
15-02-2002,9.444531441,9.584046531,9.26053396,9.300973128,3955800
18-02-2002,10.04707241,10.30790423,9.664923865,9.895426113,5976920
19-02-2002,9.511254311,10.10166342,9.503166324,10.04909305,1965560
20-02-2002,9.555736542,9.907556225,9.442507821,9.503166175,903980
21-02-2002,9.569893837,9.806461719,9.503169088,9.73973697,678580
22-02-2002,9.984392166,10.04505053,9.624484439,9.626506821,2392840
25-02-2002,9.80848217,10.31194822,9.707384639,10.31194822,1782640
26-02-2002,9.55169487,9.939909011,9.466772545,9.753889928,2153560
27-02-2002,9.580000877,9.74377836,9.42633222,9.54360571,1795920
28-02-2002,9.44655323,9.903513716,9.260533378,9.668967483,3415200
01-03-2002,9.563824654,9.664922167,9.341410432,9.381849592,1170380
04-03-2002,9.55169487,9.735692342,9.341411825,9.735692342,1161500
05-03-2002,9.586069107,9.701320246,9.466773974,9.466773974,3134060
06-03-2002,9.509233475,9.745802097,9.464751086,9.543607036,884800
07-03-2002,9.569893837,9.705364175,9.515301071,9.531476277,1319160
08-03-2002,9.480927467,9.644705765,9.353544347,9.598200988,2048540
11-03-2002,9.412181854,9.580004159,9.365677073,9.42633545,522280
12-03-2002,9.331299782,9.422286917,9.26457506,9.26457506,1536600
13-03-2002,9.493059158,9.503168758,9.268622496,9.270644108,1733100
14-03-2002,9.497102737,9.541585129,9.391961208,9.539563517,813900
15-03-2002,9.50114727,9.543608052,9.444532123,9.50114727,670860
18-03-2002,9.677056313,9.705363499,9.385894914,9.624485162,853880
19-03-2002,9.51934433,9.664924257,9.466773179,9.624485088,719420
20-03-2002,9.505187035,9.584043736,9.385891948,9.385891948,663080
21-03-2002,9.454641342,9.57595885,9.404092574,9.478905306,441440
22-03-2002,9.454641342,9.584046838,9.400049351,9.543607669,911140
25-03-2002,9.454641342,9.454641342,9.454641342,9.454641342,0
26-03-2002,9.315126419,9.456663116,9.276709635,9.406114351,680500
27-03-2002,9.644701004,9.761973695,9.242332642,9.242332642,856540
28-03-2002,9.567869186,9.664922713,9.523386031,9.588088382,1250060
29-03-2002,9.567869186,9.567869186,9.567869186,9.567869186,0
01-04-2002,9.44857502,9.766021201,9.311082318,9.766021201,1670180
02-04-2002,9.497102737,9.56382671,9.432400376,9.535519523,2246140
03-04-2002,9.238293648,9.458686333,9.074516114,9.424313537,2567140
04-04-2002,9.102822304,9.381851721,9.084624716,9.240315015,1318240
05-04-2002,9.09271431,9.654816467,9.064407118,9.654816467,1000840
08-04-2002,9.102822304,9.240315015,9.078559111,9.240315015,476560
09-04-2002,9.14124012,9.220096084,9.108888935,9.159437709,440460
10-04-2002,9.177635193,9.300974324,9.088669629,9.25042555,322880
11-04-2002,9.056316376,9.159435511,9.009811607,9.147304302,4025880
12-04-2002,9.025987625,9.058338805,8.993636445,9.058338805,705700
15-04-2002,8.957241058,9.26053365,8.920845886,9.179656088,5630340
16-04-2002,9.056316376,9.300972198,8.900626096,9.098777151,1550400
17-04-2002,9.100799561,9.218073069,9.030031596,9.218073069,603000
18-04-2002,9.189766884,9.260534856,9.046208557,9.09877894,2039020
19-04-2002,9.157413483,9.381850099,9.066425561,9.292883788,1602080
22-04-2002,8.967349052,9.236268806,8.886471505,9.017897809,2846120
23-04-2002,9.088669777,9.260535301,9.038121003,9.058340204,1158980
24-04-2002,9.096755028,9.171566975,9.058337477,9.171566975,522200
25-04-2002,8.989591599,9.082601135,8.90669166,9.021942775,2529980
26-04-2002,9.06844902,9.098778591,8.983527457,9.056317809,1529600
29-04-2002,8.888493538,9.003744646,8.839967162,8.945108672,3295780
30-04-2002,8.88040638,8.937021519,8.835923992,8.937021519,1526820
01-05-2002,8.88040638,8.88040638,8.88040638,8.88040638,0
02-05-2002,8.827834129,8.93701962,8.759087795,8.914778046,2308220
03-05-2002,8.755044937,8.896581617,8.718649769,8.856142456,2618960
06-05-2002,8.803572655,8.82177024,8.755045503,8.775265471,1365900
07-05-2002,9.014252663,9.055161613,8.858799589,9.030616555,1314420
08-05-2002,9.046980858,9.085843936,8.959026877,9.081753743,1931320
09-05-2002,9.077660561,9.110387561,9.020387725,9.081751533,2277400
10-05-2002,9.07561779,9.120617724,8.999936723,9.010163767,1477560
13-05-2002,8.975388527,9.081751472,8.799480609,8.799480609,420860
14-05-2002,9.012209892,9.079709014,8.950846061,8.95902801,443740
15-05-2002,9.07561779,9.12266282,9.040845682,9.081754641,2110900
16-05-2002,8.858801842,9.102208946,8.644029995,8.644029995,3186000
17-05-2002,8.961072922,9.044935931,8.838346054,9.044935931,1839920
20-05-2002,8.873120308,8.938574336,8.204261231,8.204261231,543260
21-05-2002,9.147206306,9.458113225,8.672664373,8.672664373,1515420
22-05-2002,8.932436943,8.999936844,8.842437856,8.959027884,1433860
23-05-2002,8.762661934,8.954932946,8.719707896,8.795388931,951900
24-05-2002,8.918118477,8.979482304,8.779028488,8.836301341,1074580
27-05-2002,8.991750717,9.40902051,8.779024849,9.40902051,412560
28-05-2002,9.087888718,9.159478796,8.959025797,8.991752801,702640
29-05-2002,9.057207108,9.143115984,8.979480958,9.022435006,1811700
30-05-2002,9.102207184,9.204479175,8.948799198,8.959026241,2789460
31-05-2002,9.384476662,9.501066651,9.061296846,9.122659875,3532340
03-06-2002,9.345614433,9.613567336,9.245388317,9.449932303,1048500
04-06-2002,9.198344231,9.468342257,9.049027199,9.245389259,762120
05-06-2002,9.139024734,9.20652384,8.92425372,9.20652384,2532200
06-06-2002,9.089935303,9.204480226,8.918118307,9.004027195,2702400
07-06-2002,8.883345604,9.122661699,8.844482526,9.122661699,2170700
10-06-2002,8.995840073,9.061294054,8.946749977,9.061294054,1282580
11-06-2002,9.026526451,9.245388457,8.944708543,9.204479503,736180
12-06-2002,8.995840073,9.114475902,8.944704101,9.114475902,1275600
13-06-2002,8.995840073,9.036749006,8.940613129,8.965158958,1633460
14-06-2002,8.993795395,9.030613359,8.959022527,8.999931462,790120
17-06-2002,8.959025383,8.999934331,8.942662272,8.999934331,2879060
18-06-2002,8.940618515,9.040845424,8.920164426,9.016300361,773200
19-06-2002,8.946753502,8.997889494,8.918116691,8.918116691,665040
20-06-2002,8.934480667,9.071524752,8.850617671,8.959025725,927260
21-06-2002,8.979477882,9.069476921,8.877205928,8.94061404,444220
24-06-2002,8.779026031,8.918115981,8.738117865,8.918115981,2399900
25-06-2002,8.725845337,8.895617199,8.713572418,8.795390315,1391300
26-06-2002,8.768800735,8.795391673,8.734028631,8.795391673,273840
27-06-2002,8.4497118,8.795390833,8.419029892,8.756527759,2332000
28-06-2002,8.245167732,8.603119681,8.171531778,8.588801665,4055440
01-07-2002,8.664482117,8.72993612,8.181758255,8.181758255,3474940
02-07-2002,8.576529503,8.713573601,8.515166462,8.713573601,1822800
03-07-2002,8.584712982,8.590849053,8.509031131,8.590849053,764520
04-07-2002,8.891527176,8.936526322,8.523347383,8.603120192,2308800
05-07-2002,8.729937553,8.93652664,8.631756532,8.93652664,932760
08-07-2002,8.578573227,8.836299048,8.541755252,8.662436218,1326800
09-07-2002,8.578573227,8.73402707,8.509028251,8.684936178,1737160
10-07-2002,8.603118896,8.631754925,8.535619018,8.590845978,2564440
11-07-2002,8.596985817,8.63175871,8.529486689,8.63175871,982960
12-07-2002,8.588803291,8.631757346,8.551985307,8.631757346,369680
15-07-2002,8.592889786,8.629707754,8.558117694,8.57039061,677560
16-07-2002,8.619482994,8.672664865,8.4497119,8.599028909,1294360
17-07-2002,8.586756706,8.60925667,8.49675763,8.601074723,1509580
18-07-2002,8.619482994,8.738118874,8.558119958,8.69925502,733040
19-07-2002,8.760619164,8.79334617,8.549938331,8.560165374,1923400
22-07-2002,8.789253235,8.959024297,8.64198135,8.959024297,4347660
23-07-2002,8.787208557,8.963116492,8.717663578,8.877208401,2244820
24-07-2002,8.633802414,8.81380136,8.549939402,8.81380136,809420
25-07-2002,8.70334816,8.713575205,8.603122024,8.713575205,687220
26-07-2002,8.631755829,8.752436804,8.562210847,8.668573806,1474280
29-07-2002,8.68493557,8.774935403,8.570391462,8.570391462,895580
30-07-2002,8.596985817,8.693121766,8.576531725,8.678803746,908780
31-07-2002,8.70334816,8.754484166,8.562213063,8.590849101,1134100
01-08-2002,8.625620842,8.754483791,8.488576725,8.752438695,1002460
02-08-2002,8.590847015,8.609256004,8.523347129,8.590847015,378480
05-08-2002,8.590847015,8.709482896,8.574483123,8.709482896,440740
06-08-2002,8.627662659,8.662434751,8.56016279,8.594935663,519100
07-08-2002,8.601073265,8.631755171,8.58675525,8.594937196,655880
08-08-2002,8.566302299,8.619483392,8.52948432,8.556075256,756240
09-08-2002,8.590847015,8.599028962,8.513120086,8.513120086,1541020
12-08-2002,8.582663536,8.611299563,8.539709496,8.541754592,1008440
13-08-2002,8.652209282,8.795390209,8.551983179,8.59084625,640580
14-08-2002,8.52130127,8.703345268,8.482438198,8.594937219,469740
15-08-2002,8.52130127,8.52130127,8.52130127,8.52130127,0
16-08-2002,8.603118896,8.664481926,8.519255907,8.558118977,1365440
19-08-2002,8.631755829,8.670618903,8.570392793,8.611300963,986600
20-08-2002,8.654256821,8.672665812,8.580620857,8.672665812,771440
21-08-2002,8.566302299,8.611301446,8.513120427,8.590847359,2685200
22-08-2002,8.547893524,8.631756529,8.468121493,8.590847575,888860
23-08-2002,8.570392609,8.599028639,8.478347667,8.478347667,1141160
26-08-2002,8.607209206,8.644026396,8.50902743,8.644026396,634600
27-08-2002,8.584712982,8.611303144,8.549940092,8.611303144,339540
28-08-2002,8.584712982,8.648121131,8.541758144,8.549940092,383240
29-08-2002,8.615393639,8.641984579,8.523348676,8.560166661,456320
30-08-2002,8.572437286,8.652209306,8.551983203,8.580619232,3397800
02-09-2002,8.586756706,8.631756634,8.576529663,8.627665661,360900
03-09-2002,8.590847015,8.631755967,8.549938064,8.62357402,391240
04-09-2002,8.707439423,8.729939391,8.549940424,8.596985458,660680
05-09-2002,8.668574333,8.752437336,8.601074443,8.672665307,715420
06-09-2002,8.617437363,8.680845492,8.603119348,8.672664326,448780
09-09-2002,8.592889786,8.63175363,8.541753805,8.59084469,385540
10-09-2002,8.592889786,8.592889786,8.592889786,8.592889786,0
11-09-2002,8.697208405,8.709481322,8.57039138,8.590845462,654400
12-09-2002,8.729937553,8.779027674,8.611301665,8.672665486,582160
13-09-2002,8.785163879,8.803572868,8.621528856,8.621528856,809700
16-09-2002,8.832208633,8.877208556,8.705391591,8.705391591,582480
17-09-2002,9.108340263,9.153340174,8.762661329,8.762661329,1302240
18-09-2002,9.198344231,9.245389259,8.999936294,9.042890349,2207640
19-09-2002,9.004024506,9.19220456,8.999933533,9.19220456,739900
20-09-2002,9.004024506,9.079705546,8.918115643,8.999933533,343960
23-09-2002,8.995840073,9.040839978,8.963113082,8.999931044,1924880
24-09-2002,8.866980553,8.944707478,8.768799543,8.944707478,969340
25-09-2002,8.586756706,8.875163704,8.578574759,8.875163704,1122520
26-09-2002,8.570392609,8.699254747,8.523346809,8.590846693,308360
27-09-2002,9.032664299,9.204481315,8.549940265,8.549940265,2963820
30-09-2002,8.942663193,9.040844211,8.635847218,8.877209181,1305560
01-10-2002,8.658349037,8.877211084,8.633803192,8.840393096,916060
02-10-2002,8.658349037,8.658349037,8.658349037,8.658349037,0
03-10-2002,8.580617905,8.713570989,8.509027062,8.713570989,2904300
04-10-2002,8.594937325,8.652209384,8.488574371,8.572437364,1492760
07-10-2002,8.554029465,8.629710521,8.509029538,8.570393358,1640080
08-10-2002,8.554029465,8.621529355,8.511075415,8.515166388,1448260
09-10-2002,8.519256592,8.586755696,8.490619781,8.549937719,2446400
10-10-2002,8.441527367,8.529481311,8.386300417,8.529481311,1662500
11-10-2002,8.45584774,8.529483694,8.443574821,8.509028829,845400
14-10-2002,8.506983757,8.562210723,8.468120684,8.468120684,1276820
15-10-2002,8.506983757,8.506983757,8.506983757,8.506983757,0
16-10-2002,8.357666969,8.547892929,8.324939964,8.547892929,1653160
17-10-2002,8.167442322,8.468122264,8.140851382,8.386304348,3876920
18-10-2002,8.022213936,8.294256982,7.936305071,8.294256982,3465860
21-10-2002,8.075395584,8.181758539,8.018123524,8.181758539,3028740
22-10-2002,8.036535263,8.222670302,7.997671397,8.222670302,1712000
23-10-2002,7.985394955,8.140847993,7.95675893,8.132666049,1093480
24-10-2002,7.936304092,8.034485082,7.907668068,7.966985993,4671040
25-10-2002,7.870851517,8.018123418,7.813579457,7.895396574,2154560
28-10-2002,7.924033642,8.01812368,7.887215665,7.887215665,2761800
29-10-2002,7.971078873,8.059032843,7.895397041,7.895397041,1118880
30-10-2002,7.733808041,8.011987194,7.60903609,7.897443066,2806140
31-10-2002,7.76857996,7.866760973,7.713352994,7.754261944,1919800
01-11-2002,7.766533852,7.944486866,7.69085203,7.731760975,3923740
04-11-2002,7.862668991,7.932213964,7.813578881,7.854487826,278200
05-11-2002,7.966986656,7.977213697,7.823805741,7.893350713,406400
06-11-2002,7.966986656,7.966986656,7.966986656,7.966986656,0
07-11-2002,7.973124027,8.018123951,7.891306906,7.979260097,710840
08-11-2002,7.981304169,8.02221311,7.944486199,7.997667277,981500
11-11-2002,8.014033318,8.026306237,7.969033392,7.969033392,578400
12-11-2002,8.106079102,8.140851208,7.981307134,8.075397189,392860
13-11-2002,7.926080227,8.116306215,7.772672223,7.772672223,2444760
14-11-2002,7.885169029,7.975168866,7.735852041,7.897441947,2650600
15-11-2002,7.885169029,7.897441947,7.834033042,7.87903296,3740460
18-11-2002,7.926080227,7.969034281,7.864717181,7.866762278,1384980
19-11-2002,7.926080227,7.926080227,7.926080227,7.926080227,0
20-11-2002,7.956763268,7.977217359,7.85449125,7.936308396,1002000
21-11-2002,7.915851116,7.940396172,7.87494217,7.940396172,1559760
22-11-2002,7.997667313,8.034485282,7.897441224,7.977213232,2031720
25-11-2002,7.995622158,8.183802197,7.958804189,8.016076239,9773080
26-11-2002,8.007897377,8.075396487,7.977215467,8.075396487,1368120
27-11-2002,8.007897377,8.07948746,7.936306514,8.01812442,2561620
28-11-2002,7.993579388,8.038578534,7.966988451,8.038578534,2292460
29-11-2002,7.979259014,8.038576946,7.971077849,8.018122863,2461260
02-12-2002,7.973124027,8.014032978,7.940397023,8.014032978,1472660
03-12-2002,7.981304169,7.997667277,7.936304255,7.985395141,2160520
04-12-2002,8.009940147,8.140848136,7.911759156,7.911759156,3021760
05-12-2002,8.093805313,8.136759362,7.960851413,8.050851264,947180
06-12-2002,8.112212181,8.214484145,7.9976673,8.181757148,1169420
09-12-2002,8.030395508,8.181758381,7.782897504,7.782897504,2020980
10-12-2002,7.772671223,7.987442245,7.690853319,7.981306175,2827780
11-12-2002,7.690853596,7.848352559,7.662217562,7.782898546,1693040
12-12-2002,7.938351154,8.079486202,7.739943269,7.77267027,6232560
13-12-2002,8.298348427,8.378120447,8.059032367,8.059032367,10052460
16-12-2002,8.570392609,8.817890624,8.386302725,8.386302725,6908740
17-12-2002,8.797434807,8.832207684,8.388346913,8.631754709,4459120
18-12-2002,8.911979675,8.995842662,8.686981647,8.836298634,5349660
19-12-2002,8.920162201,8.9549343,8.705391199,8.795390261,3947540
20-12-2002,9.018343925,9.081752839,8.887435906,8.948798942,3039760
23-12-2002,8.989707947,9.122661064,8.918117087,9.030616898,1749260
24-12-2002,8.936524391,9.030615196,8.918115406,8.971297266,1669100
25-12-2002,8.936524391,8.936524391,8.936524391,8.936524391,0
26-12-2002,8.918118477,8.989709348,8.918118477,8.979482304,679920
27-12-2002,8.940618515,8.979482376,8.889482512,8.889482512,4155340
30-12-2002,8.762661934,8.91606988,8.71766202,8.889478951,676540
31-12-2002,8.838345528,8.995844492,8.631756443,8.717664544,2600700
01-01-2003,8.819934845,8.995842766,8.79538979,8.995842766,375040
02-01-2003,8.932436943,8.959027884,8.791301851,8.877210745,630780
03-01-2003,8.813798904,8.93857084,8.795389918,8.817889877,684220
06-01-2003,8.789253235,8.836298247,8.758571332,8.811753193,1818180
07-01-2003,8.903800011,8.918118028,8.77698295,8.795391941,1778020
08-01-2003,8.793347359,8.877210372,8.774938367,8.850619432,2430880
09-01-2003,8.752436638,8.807663603,8.65220975,8.754481734,3047720
10-01-2003,8.791298866,8.893570841,8.586754917,8.674708877,2843860
13-01-2003,8.885391235,8.975391096,8.81789212,8.826074067,1192260
14-01-2003,8.920162201,8.938571188,8.842435278,8.936525312,1159940
15-01-2003,8.895619392,9.141071582,8.838346539,8.975391432,2711680
16-01-2003,8.963115692,8.995842692,8.901752664,8.995842692,1312660
17-01-2003,9.151297569,9.654475549,8.979480603,8.999934688,3602720
20-01-2003,9.15947628,9.224930271,9.081750154,9.163567252,1939740
21-01-2003,9.255614281,9.327204355,9.118570201,9.184024206,2055380
22-01-2003,9.82424736,9.895838223,9.286297241,9.286297241,7874740
23-01-2003,9.666747093,9.959245015,9.601293089,9.89992786,2941380
24-01-2003,9.715839386,9.814020406,9.576749412,9.695385299,3036020
27-01-2003,9.738339424,9.797657368,9.613567466,9.736293547,3261600
28-01-2003,9.492888451,9.814022517,9.040846329,9.736295567,3831140
29-01-2003,9.384476662,9.814018645,9.286295659,9.814018645,638580
30-01-2003,9.284250259,9.480612275,9.163569291,9.331295277,1218720
31-01-2003,9.699474335,9.777201259,9.265841352,9.368113334,4006240
03-02-2003,9.746519089,9.940835208,9.081751281,9.081751281,2934160
04-02-2003,9.822199821,10.00015283,9.756745825,9.816063753,4516020
05-02-2003,9.822199821,9.869244833,9.771063838,9.867199737,1288180
06-02-2003,9.916292191,9.9469741,9.818111172,9.818111172,1585200
07-02-2003,10.09628963,10.24151565,9.879472764,9.940835794,5913580
10-02-2003,10.07788086,10.10447179,9.920381919,10.05947187,1564820
11-02-2003,10.0471983,10.18628824,10.0124262,10.0124262,2992760
12-02-2003,10.174016,10.22719708,9.863109114,10.1106071,5571260
13-02-2003,10.174016,10.174016,10.174016,10.174016,0
14-02-2003,10.15560722,10.32537829,10.08401637,10.20674321,3871740
17-02-2003,10.15560722,10.20674321,10.07583443,10.10651633,862300
18-02-2003,10.06970024,10.2271992,10.02265522,10.12492721,1225860
19-02-2003,10.29878712,10.3499231,10.104471,10.23128802,6824380
20-02-2003,10.24151802,10.47265296,10.1924279,10.431744,2349100
21-02-2003,10.23538017,10.30901612,10.02674524,10.30697025,2024240
24-02-2003,10.12901497,10.22719596,10.06356098,10.10651501,856520
25-02-2003,10.04310703,10.12492492,10.02469805,10.112652,444720
26-02-2003,10.1699276,10.22719967,10.02265567,10.08401871,1612920
27-02-2003,10.15969944,10.22719933,10.06970037,10.16583629,1383560
28-02-2003,10.22106075,10.37855968,9.991970982,10.15765185,4255720
03-03-2003,9.934700012,10.31924287,9.840609978,10.22924303,723300
04-03-2003,9.936747551,10.06356461,9.818111661,9.901974666,1123280
05-03-2003,9.86515522,10.02265416,9.832428217,9.930609226,1420140
06-03-2003,9.85492897,9.940837067,9.822201965,9.940837067,1268480
07-03-2003,9.736292839,9.822201714,9.695384669,9.822201714,3125820
10-03-2003,9.826291084,10.06356202,9.744473196,9.744473196,1014340
11-03-2003,9.752656937,10.0594729,9.607430899,9.707657012,679080
12-03-2003,9.742427826,9.77719992,9.695382815,9.744472922,629780
13-03-2003,9.78742981,9.879474763,9.777202766,9.818111721,2849940
14-03-2003,9.78742981,9.78742981,9.78742981,9.78742981,0
17-03-2003,9.795610428,9.826292335,9.746520313,9.760838328,4938500
18-03-2003,9.795610428,9.795610428,9.795610428,9.795610428,0
19-03-2003,9.850839615,9.9408387,9.674931639,9.777203645,3064400
20-03-2003,10.02060986,10.0635639,9.728111904,9.938791952,1617840
21-03-2003,9.920384407,10.20674633,9.736294487,9.899930318,1373280
24-03-2003,9.650384903,10.17810796,9.572657973,10.17810796,1950760
25-03-2003,9.527659416,9.687203479,9.409023528,9.572658563,563400
26-03-2003,9.728111267,9.777201382,8.386302574,9.572657417,919260
27-03-2003,9.298567772,9.7362917,8.852661899,9.717882713,1610080
28-03-2003,9.664702415,9.687202377,9.28629639,9.364022535,1088660
31-03-2003,9.595159531,9.791521594,9.494932622,9.572659565,1960300
01-04-2003,9.584929466,9.644247398,9.449930493,9.53379348,862160
02-04-2003,9.53788662,9.695385588,9.44993264,9.634021766,2324220
03-04-2003,9.676976204,9.711748307,9.529704285,9.531749382,643660
04-04-2003,9.791519165,9.899927995,9.562430148,9.613566138,1300180
07-04-2003,10.06356144,10.21696939,9.859017511,9.859017511,2123840
08-04-2003,9.803792953,10.14129083,9.736293066,10.14129083,2402460
09-04-2003,9.597202301,9.818110154,9.505158143,9.818110154,1230780
10-04-2003,9.638112068,10.22719895,9.449931982,9.449931982,3146240
11-04-2003,9.803792953,10.01856397,9.613566991,9.859019921,2145240
14-04-2003,9.803792953,9.803792953,9.803792953,9.803792953,0
15-04-2003,9.861063957,10.02265387,9.740382992,10.02265387,2716280
16-04-2003,9.967429161,10.08401918,9.922429231,9.991974223,8569120
17-04-2003,10.10856056,10.1821965,9.940834603,9.981743545,7398480
18-04-2003,10.10856056,10.10856056,10.10856056,10.10856056,0
21-04-2003,10.02674389,10.1044708,9.981743973,10.06356186,1416860
22-04-2003,9.98174572,10.02265467,9.910155642,9.930609727,2390020
23-04-2003,9.699474335,9.991972264,9.654475194,9.991972264,3071300
24-04-2003,9.80788517,9.940838305,9.654477167,9.715840212,3080040
25-04-2003,10.00220108,10.04310925,9.717884289,9.736293278,2065040
28-04-2003,9.979700089,10.06356308,9.904018261,10.06356308,815920
29-04-2003,10.02470016,10.17810815,9.946974014,10.02060997,2766640
30-04-2003,10.22970867,10.30425649,10.0143462,10.06611598,4772080
01-05-2003,10.22970867,10.22970867,10.22970867,10.22970867,0
02-05-2003,10.46163845,10.6003811,10.18829404,10.26905478,6733800
05-05-2003,10.36223984,10.64386758,10.27526619,10.56103561,3475140
06-05-2003,10.25041866,10.3518878,10.14687908,10.14687908,2043160
07-05-2003,10.18001175,10.29183469,10.07440172,10.2711263,2880300
08-05-2003,10.08268261,10.1820805,10.00813479,10.1820805,1554060
09-05-2003,10.17793846,10.27112343,10.02262913,10.27112343,815300
12-05-2003,10.07854176,10.27112543,10.03091365,10.14687825,1945180
13-05-2003,10.13652325,10.22142566,10.07439967,10.22142566,789760
14-05-2003,10.10960007,10.15515772,9.939795294,9.939795294,490220
15-05-2003,10.31253815,10.35395412,10.04747717,10.10545906,1023700
16-05-2003,10.40158272,10.44092746,10.31253864,10.31253864,1633700
19-05-2003,10.29183483,10.5196216,10.16344597,10.5092678,3349440
20-05-2003,10.16551208,10.26698118,10.14894538,10.22142353,1422680
21-05-2003,10.21935368,10.45542452,9.90045245,10.26698257,2329540
22-05-2003,9.985352516,10.47820011,9.948078222,10.3332454,1078400
23-05-2003,10.06404305,10.26283956,10.00191948,10.26283956,864480
26-05-2003,10.36223984,10.45749605,10.08682422,10.18829334,2790580
27-05-2003,10.16137409,10.43471851,10.10546263,10.39537376,1014160
28-05-2003,10.06197357,10.25041552,10.02469927,10.25041552,1021000
29-05-2003,10.22763824,10.35395664,9.993638603,9.993638603,3488000
30-05-2003,10.15102005,10.35188708,10.10753362,10.19243604,2210480
02-06-2003,10.08475113,10.26698094,9.989494944,10.06611398,1847340
03-06-2003,10.3270359,10.3953724,9.972930784,9.981214139,10897680
04-06-2003,10.43264675,10.5983099,10.35395646,10.44092932,3068720
05-06-2003,10.4409256,10.63350918,10.39536874,10.51961586,3900600
06-06-2003,10.7432642,10.95448498,10.43678722,10.46991984,11095020
09-06-2003,10.83852196,11.06630869,10.74119451,10.79296429,4015380
10-06-2003,10.46370697,10.76811351,10.4015834,10.68528155,1548420
11-06-2003,10.68942356,10.8240253,10.3580973,10.60245071,6687320
12-06-2003,10.42229176,10.70598991,10.3663803,10.60245036,1486460
13-06-2003,10.42643356,10.64386728,10.35395619,10.39537217,2412180
16-06-2003,10.47199154,10.54032803,10.40779672,10.43678847,2603000
17-06-2003,10.47613049,10.66043074,10.43471451,10.56103288,3685860
18-06-2003,10.42229176,10.5465389,10.27526499,10.5196184,2335380
19-06-2003,10.3228941,10.5237611,10.3125403,10.51547775,3182020
20-06-2003,10.27941036,10.5154805,10.10546382,10.39537499,2784080
23-06-2003,10.06818581,10.34567184,10.02884106,10.31253921,1215420
24-06-2003,9.989497185,10.14687697,9.935656171,10.10960266,3155380
25-06-2003,10.02055836,10.10546076,9.939797628,9.983284053,3158940
26-06-2003,10.13859177,10.22970707,9.89838006,10.02469843,6222500
27-06-2003,10.28354931,10.39330099,10.10546114,10.10546114,4141080
30-06-2003,10.68735218,10.80952888,10.35395471,10.35395471,4914680
01-07-2003,10.81781101,11.09943789,10.60244859,10.97312032,4262440
02-07-2003,10.90892696,11.07459008,10.77225479,11.01246651,5375440
03-07-2003,12.00437641,12.51171961,11.05802493,11.05802493,30977260
04-07-2003,11.46182728,11.88634004,11.28995204,11.80350809,5421560
07-07-2003,11.50324345,11.86356142,11.19262481,11.19262481,4458760
08-07-2003,11.77866173,12.56970398,11.72067903,12.01059014,9648160
09-07-2003,11.708251,11.84492316,11.62127738,11.77244501,2151100
10-07-2003,11.77037811,11.8325017,11.67926358,11.72067877,5030440
11-07-2003,12.00230503,12.05200436,11.78280168,11.78280168,11854500
14-07-2003,11.80558109,12.25701367,11.61092699,12.17625293,7279860
15-07-2003,11.46804047,12.36883421,11.34793421,12.17625059,3878680
16-07-2003,11.7289629,11.80351152,11.43283965,11.55915806,7543100
17-07-2003,11.29616642,11.69997088,11.19262685,11.69997088,2395600
18-07-2003,11.455616,11.51359789,10.97726298,11.22368762,2155920
21-07-2003,11.47011375,11.59643216,11.31273395,11.51360019,2483920
22-07-2003,11.17191601,11.59642794,11.10979244,11.39763223,1669900
23-07-2003,10.59830856,11.47218263,10.45956515,11.47218263,8528800
24-07-2003,10.70598984,10.79917559,10.62315788,10.72255576,6100240
25-07-2003,10.96897984,11.13050128,10.72462644,10.76811286,5049440
28-07-2003,11.02903366,11.18227256,10.89236147,11.16156496,1817300
29-07-2003,10.99797058,11.16984581,10.77018311,11.09529801,2238940
30-07-2003,11.23404217,11.33758173,11.01660925,11.05802523,3577140
31-07-2003,10.98968792,11.26924439,10.89236049,11.26510351,4542740
01-08-2003,11.03317451,11.1118648,10.89857357,11.03731619,1022600
04-08-2003,11.14292622,11.2216157,11.02074952,11.02074952,2019940
05-08-2003,11.58193398,11.6792614,11.0994393,11.24025315,8831400
06-08-2003,11.455616,11.59435941,11.2754574,11.57572226,3158420
07-08-2003,11.26717472,11.43076741,11.20919282,11.42248406,1463400
08-08-2003,11.39970493,11.58814689,11.05802487,11.26510398,4090500
11-08-2003,11.38106632,11.47218163,11.26924343,11.26924343,1894840
12-08-2003,11.3210144,11.51359804,11.26510374,11.51359804,1725000
13-08-2003,11.28581333,11.3893529,9.734790198,11.26717618,5275260
14-08-2003,11.07044983,11.4224845,10.97519362,11.3748564,3873460
15-08-2003,11.07044983,11.07044983,11.07044983,11.07044983,0
18-08-2003,11.50945663,11.59642948,11.02696196,11.07873173,5061040
19-08-2003,11.65026951,11.67926125,11.51359734,11.56536711,4534160
20-08-2003,11.78901196,11.96917053,11.63784432,11.6792603,5558940
21-08-2003,11.92154312,12.01058719,11.63784499,11.76209213,3558280
22-08-2003,11.96917152,12.07685275,11.80765008,11.84906606,3050020
25-08-2003,11.63784695,11.95674899,10.93377761,11.95674899,5238100
26-08-2003,11.56122589,11.72067609,11.52395159,11.72067609,2328040
27-08-2003,11.73103428,11.96917483,11.59643251,11.72067969,4719360
28-08-2003,11.63163471,11.84492676,11.51359967,11.84492676,7593580
29-08-2003,11.41834259,11.61920959,11.26717493,11.34793566,7430140
01-09-2003,11.5322361,11.59643091,11.38935179,11.38935179,2629720
02-09-2003,11.67718983,11.96917131,11.38935002,11.38935002,2397540
03-09-2003,11.61092758,12.05200638,11.5964321,11.5964321,9734260
04-09-2003,11.61092758,11.73724599,11.18227382,11.6171397,7346340
05-09-2003,11.58400631,11.76209449,11.52395396,11.59643134,6838580
08-09-2003,11.52809525,11.71653802,11.43076859,11.45147619,2566100
09-09-2003,11.60057259,11.6751212,11.38935179,11.47218375,4093840
10-09-2003,11.47632408,11.63370465,11.30651927,11.30651927,3772280
11-09-2003,11.53430843,11.63784801,11.45354769,11.51774172,3583320
12-09-2003,11.56951141,11.62749411,11.44526424,11.55501594,4789960
15-09-2003,11.41627216,11.59643078,11.34793567,11.54673144,3019460
16-09-2003,11.49081993,11.59228825,11.26510367,11.26510367,5632140
17-09-2003,11.32515621,11.59228845,11.22782957,11.59228845,4590520
18-09-2003,10.97726631,11.26510702,10.8985768,11.26510702,3809040
19-09-2003,11.2547493,11.26510389,10.93377684,10.99797164,3384860
22-09-2003,10.96069717,11.38935086,10.93377667,11.38935086,3993340
23-09-2003,11.05181217,11.18227224,10.93791882,10.97519312,3835740
24-09-2003,11.35415077,11.42041604,11.01868196,11.18227469,5147900
25-09-2003,11.09322739,11.38935056,11.02282046,11.26510342,3958120
26-09-2003,11.24232674,11.26510557,10.98554825,11.10151286,2960480
29-09-2003,11.17191601,11.53430438,11.09943786,11.3852072,14601180
30-09-2003,11.38935375,11.45561902,11.18227459,11.18227459,12788700
01-10-2003,11.73103428,11.84492765,11.41006096,11.47218534,7873740
02-10-2003,11.73103428,11.73103428,11.73103428,11.73103428,0
03-10-2003,12.19488907,12.23837549,11.88634163,12.03129638,13278020
06-10-2003,12.99628544,13.2530639,12.25908426,12.32120784,11205820
07-10-2003,12.81612587,13.46428291,12.71465755,13.25306291,27094920
08-10-2003,12.84925747,13.04598276,12.7229391,12.96315081,10443740
09-10-2003,13.01699352,13.09775425,12.88239178,13.0211352,5270600
10-10-2003,12.64839172,13.46014141,12.51171876,13.46014141,15090120
13-10-2003,12.78299236,13.0190624,12.710515,12.77263857,10034760
14-10-2003,12.82855034,13.66307964,12.75400174,13.66307964,11243460
15-10-2003,12.8761797,12.96315255,12.59041029,12.92173735,5667140
16-10-2003,12.99421501,13.04598479,12.83890567,12.90102925,5319140
17-10-2003,13.10810852,13.46014319,12.98386136,12.98386136,14812900
20-10-2003,13.04184055,13.33382203,12.94658436,13.12881418,8957200
21-10-2003,12.8844614,13.06669044,12.76021347,12.9217357,5621400
22-10-2003,12.46201992,12.95901006,12.38332964,12.79748783,3988080
23-10-2003,12.41439438,12.59041133,12.31499649,12.54485446,4572080
24-10-2003,12.7519331,12.81405668,12.25908455,12.46616368,2800860
27-10-2003,12.46616173,13.02113377,12.42474575,12.69187797,5335340
28-10-2003,12.91759491,13.02113446,12.47444575,12.55313524,8690900
29-10-2003,13.11639023,13.16608956,12.9610809,12.97971805,7458720
30-10-2003,13.15366745,13.25306535,12.94244663,12.94244663,7013240
31-10-2003,13.089468,13.29447584,12.84925631,13.29447584,6379040
03-11-2003,13.23235607,13.37731082,13.12881651,13.27377126,6993200
04-11-2003,12.8326931,13.33589542,12.72294063,13.33589542,6414400
05-11-2003,12.81405354,12.95693781,12.75607086,12.94658402,3601440
06-11-2003,12.74986076,12.83890484,12.55313545,12.71465769,5243160
07-11-2003,12.64217949,12.8389048,12.52828614,12.82647977,9052180
10-11-2003,12.79334736,13.03148865,12.59248116,13.03148865,2850660
11-11-2003,12.69602299,12.96729617,12.61319101,12.8803233,4271360
12-11-2003,12.38125992,12.75607259,12.32120679,12.75607259,7096680
13-11-2003,12.39989948,12.61112031,12.34191678,12.56970432,2631620
14-11-2003,12.31913757,12.54899474,10.99590129,10.99590129,2738800
17-11-2003,12.59455109,12.63182539,12.32534841,12.3833303,2653200
18-11-2003,12.54278088,12.74778953,12.46823227,12.74778953,5788920
19-11-2003,12.41232014,12.50757712,12.17625011,12.38540042,10485400
20-11-2003,12.35641003,12.49722388,12.19695981,12.38333053,3080120
21-11-2003,12.54692268,12.63182508,12.19695929,12.19695929,4014340
24-11-2003,12.54278088,12.79748807,12.48686943,12.79748807,8704520
25-11-2003,12.53242588,12.67116848,12.47237276,12.47444399,7615700
26-11-2003,12.53242588,12.53242588,12.53242588,12.53242588,0
27-11-2003,12.493083,12.81819714,12.42474652,12.6939492,8099040
28-11-2003,12.53242588,12.75400043,12.42474467,12.59040777,9611280
01-12-2003,12.89067745,13.02113754,12.59041252,12.71466049,20883580
02-12-2003,13.17230225,13.2489213,12.92173671,13.04598386,13234240
03-12-2003,13.62166309,13.70863594,13.24892087,13.24892087,18420280
04-12-2003,13.8515234,13.91157654,13.54297593,13.65479885,16802460
05-12-2003,13.59681416,13.91571457,13.46014119,13.91571457,8233340
08-12-2003,13.53261948,13.78732748,13.27584182,13.56368166,4320740
09-12-2003,13.77075958,13.95091896,13.68999886,13.87015824,7191600
10-12-2003,14.09794807,14.23876195,13.50777285,13.79147026,14488140
11-12-2003,14.51417542,14.57837102,13.99854883,14.08138079,14190320
12-12-2003,15.01944447,15.21617053,14.33194203,14.53694986,15950640
15-12-2003,14.64670563,15.15818968,14.55144785,15.1540488,2914540
16-12-2003,14.90141392,15.10849305,14.68398178,14.73989245,7571840
17-12-2003,14.88277721,14.95111212,14.71090116,14.86828174,8455880
18-12-2003,14.71089649,14.94282561,14.55972808,14.9096922,5089360
19-12-2003,14.83928967,14.9096958,14.63428021,14.63428021,5589400
22-12-2003,14.88899136,14.94697327,14.744035,14.744035,4002020
23-12-2003,14.59700298,15.11677188,14.53694986,14.86827764,3498320
24-12-2003,14.91177177,14.9386915,14.58251507,14.76060328,4202380
25-12-2003,14.91177177,14.91177177,14.91177177,14.91177177,0
26-12-2003,14.851717,15.11470682,14.70261975,14.9096989,2768760
29-12-2003,15.72972679,15.94716046,14.99252577,14.99252577,7945740
30-12-2003,15.24309635,15.89332476,15.11677794,15.77943059,20990060
31-12-2003,15.12091827,15.63447524,15.04015753,15.32385653,4438400
01-01-2004,15.18511105,15.24102171,14.88898786,15.03394261,3777080
02-01-2004,15.0277338,15.53507709,14.84343349,15.48123765,9219500
05-01-2004,15.12506104,15.3859812,15.01323811,15.24102485,5865020
06-01-2004,14.97182178,15.42325435,14.86828222,14.920052,8767620
07-01-2004,14.94697094,15.32385487,14.79787372,15.03394379,7721700
08-01-2004,14.97803593,15.07536338,14.62600041,14.9718238,12897480
09-01-2004,15.25966072,15.98650729,15.03394366,15.13955445,19754680
12-01-2004,15.11263466,15.29072125,15.03601482,15.17889991,11737520
13-01-2004,15.11263466,15.1830408,14.99459963,15.11677555,12873200
14-01-2004,15.23066711,15.29278989,15.03394104,15.16233064,13776720
15-01-2004,15.94716549,16.69057887,15.36527201,15.36527201,30093820
16-01-2004,15.80634785,16.58703535,15.41082601,16.02999365,17756680
19-01-2004,15.31764126,15.94094979,15.24102142,15.94094979,12401760
20-01-2004,15.31764126,15.77321465,15.24102142,15.36526857,14194340
21-01-2004,15.28864765,15.36319624,14.93040018,15.32385071,13271860
22-01-2004,15.19132233,15.6468957,15.08364031,15.63447146,10207880
23-01-2004,15.11056328,15.46259714,12.44752573,14.57837002,5454500
26-01-2004,15.11056328,15.11056328,15.11056328,15.11056328,0
27-01-2004,15.14162636,15.40461615,14.91383805,15.10849294,7097160
28-01-2004,14.91798019,16.84588632,14.78544968,16.84588632,6749200
29-01-2004,14.74402809,15.52264578,14.29880939,14.90969197,8149720
30-01-2004,14.28638649,14.61978396,13.89500712,14.61978396,4773580
02-02-2004,14.28638649,14.28638649,14.28638649,14.28638649,0
03-02-2004,13.94470882,14.57630085,13.66722353,14.08138182,12556540
04-02-2004,14.49347019,14.65706292,13.48085321,13.7417734,5846040
05-02-2004,14.77509499,14.90969673,14.29260025,14.42306111,5920560
06-02-2004,14.6922617,14.90969539,14.29881266,14.84757102,7599900
09-02-2004,15.08571529,15.22031705,14.83307849,14.88899074,8278460
10-02-2004,15.4418869,15.56613403,15.19960476,15.24101994,6810560
11-02-2004,15.51229763,15.63447355,15.38597924,15.55164159,5498300
12-02-2004,15.51229763,15.82084508,15.3673413,15.63447355,4940960
13-02-2004,15.52264977,15.55992407,15.25344787,15.48951793,3603520
16-02-2004,15.66346455,15.74215404,15.48951884,15.73180104,4754040
17-02-2004,15.76700687,15.87882981,15.47295485,15.53714888,5934980
18-02-2004,15.71109295,15.87882653,15.53300478,15.57856244,2889540
19-02-2004,15.52264977,15.75871982,15.45431328,15.75664859,3339260
20-02-2004,15.11263466,15.52472166,14.76059921,15.48951859,9659340
23-02-2004,15.20789146,15.30107644,14.6612027,14.74817555,2724060
24-02-2004,15.38804817,15.48951807,15.01323549,15.15819023,4981180
25-02-2004,15.12506104,15.50608591,14.93247737,15.50608591,3252920
26-02-2004,15.28450871,15.4066862,15.03394317,15.03394317,8090840
27-02-2004,15.51644039,15.63447544,15.08571539,15.32178549,5906800
01-03-2004,15.67795753,15.90367456,15.42739203,15.60962106,4472820
02-03-2004,15.67795753,15.67795753,15.67795753,15.67795753,0
03-03-2004,16.23500443,16.56633072,15.61790791,15.75665055,11667120
04-03-2004,15.87054443,16.22257832,15.62411976,16.22257832,5241520
05-03-2004,15.83947945,16.06312525,15.71730354,15.94094934,4297500
08-03-2004,15.73387241,16.25363987,15.65725257,15.96580002,5833340
09-03-2004,15.53300095,16.05483949,15.42117806,16.05483949,2152040
10-03-2004,15.66760635,15.73801249,15.32385427,15.53093338,4731040
11-03-2004,15.5723505,15.73801444,15.41704115,15.63447488,4396400
12-03-2004,15.19339752,15.55164356,14.9034864,15.49366165,6211700
15-03-2004,14.98010254,15.46880938,14.92005099,15.46880938,4297500
16-03-2004,14.88277721,15.09192599,14.35058393,14.64877679,6279680
17-03-2004,14.88070583,15.11677591,14.55144921,14.82686482,4463180
18-03-2004,14.71711445,14.95111331,14.41270786,14.86828292,3017360
19-03-2004,14.65084648,14.8268634,14.50589174,14.53695234,3746740
22-03-2004,14.03375149,14.8165119,13.88051338,14.8165119,3936960
23-03-2004,14.28845882,14.39199838,13.91571579,14.02960993,3666880
24-03-2004,14.81236935,15.31557168,14.16835315,14.49346731,3227600
25-03-2004,15.02980137,15.11263332,14.80615556,14.90969511,4702580
26-03-2004,15.49365807,15.65932198,14.99459826,15.07535898,4226600
29-03-2004,15.65725327,15.72973065,15.32592697,15.61376684,3269420
30-03-2004,15.28864765,15.61376172,15.0235867,15.57234496,4223460
31-03-2004,15.68624306,15.81670233,15.13748308,15.46880935,5755800
01-04-2004,15.91817284,15.98650775,15.24102322,15.8374121,7471600
02-04-2004,16.10661507,16.2350047,15.86847374,16.02792556,4578820
05-04-2004,16.01549721,16.56632838,15.80013633,16.19772783,6970000
06-04-2004,15.82498455,16.28262918,15.74215259,16.25156857,3121400
07-04-2004,15.76907444,16.01756874,15.73801226,15.94509137,1601740
08-04-2004,15.75871754,16.21014999,15.5702764,15.655178,5776540
09-04-2004,15.75871754,15.75871754,15.75871754,15.75871754,0
12-04-2004,15.5474987,15.89124918,15.40875609,15.89124918,2476120
13-04-2004,15.84362602,15.90367916,15.53921942,15.60134222,3078960
14-04-2004,15.84362602,15.84362602,15.84362602,15.84362602,0
15-04-2004,15.77942753,15.98650664,15.65518038,15.94509145,4464480
16-04-2004,15.6758852,16.14595558,15.61583366,15.89953098,3371280
19-04-2004,15.66967201,15.77114189,15.50400971,15.73593725,5238360
20-04-2004,15.52264977,15.76907441,15.47916334,15.65518027,3716080
21-04-2004,15.44602489,15.61375999,15.37147789,15.61375999,8828120
22-04-2004,15.53714371,15.69659549,15.33420709,15.53093159,6784080
23-04-2004,15.73179722,15.93473382,15.46880591,15.69245169,6099280
26-04-2004,15.73179722,15.73179722,15.73179722,15.73179722,0
27-04-2004,15.77114582,15.93887939,15.32799507,15.53714541,6185420
28-04-2004,15.73179722,15.94508841,15.57234545,15.82084128,3851180
29-04-2004,15.80427933,15.9450932,15.365271,15.73801407,4131960
30-04-2004,15.65725327,15.85812028,15.55164247,15.82084597,2355900
03-05-2004,15.6448288,15.71523494,15.45017391,15.53093464,1932900
04-05-2004,15.58891678,15.94509314,15.537147,15.73180188,2187340
05-05-2004,15.84154892,16.3592466,15.61376226,15.67588503,6451360
06-05-2004,16.00247765,16.4267301,15.92933095,16.05054639,5431280
07-05-2004,15.69108009,16.09234334,15.46536892,16.00874643,3163520
10-05-2004,15.95858574,16.21773467,15.38594967,15.38803843,2541660
11-05-2004,15.54687595,15.70570992,15.4653694,15.63674235,4069620
12-05-2004,15.35877895,15.66599659,14.7589746,15.50716267,5628840
13-05-2004,15.41938972,15.8791719,14.67538063,15.25637664,5092560
14-05-2004,14.74016762,15.54896515,14.00242801,15.23547796,7744460
17-05-2004,11.69725323,14.6294034,10.70663328,14.6294034,5221460
18-05-2004,14.71717358,15.04738036,11.49661623,11.70351806,11226480
19-05-2004,14.76106644,15.46118911,14.26157697,14.83839385,4952040
20-05-2004,14.81331444,15.04738545,14.42041106,14.83839399,4562720
21-05-2004,15.14352036,15.21457828,14.16753066,14.4329491,3469720
24-05-2004,15.41938972,15.54060515,15.08918283,15.0912732,2391080
25-05-2004,15.43610954,15.47999756,15.1309822,15.17487021,3109900
26-05-2004,15.43192768,15.87499012,15.33997253,15.65136934,3754800
27-05-2004,15.63255978,15.84155121,15.08709201,15.13724951,6282700
28-05-2004,15.41938972,15.79766376,15.26264613,15.50925612,5519940
31-05-2004,14.68165016,15.29817434,14.54789575,15.18322999,6648280
01-06-2004,14.69001007,15.00558763,14.54580545,14.88019147,5291400
02-06-2004,14.91572189,15.04738595,14.629403,14.79659682,3722020
03-06-2004,14.66492939,15.11426132,14.59387306,15.04738412,3806280
04-06-2004,14.8781004,14.96378605,14.4622063,14.62940008,2702360
07-06-2004,15.01603889,15.41939255,14.88228446,15.04738794,10003440
08-06-2004,15.23338604,15.38176977,15.05574363,15.12889032,3241220
09-06-2004,15.47790623,15.54896415,15.13516038,15.21248779,2442680
10-06-2004,15.84154892,16.38492625,15.46536376,15.46536376,13798900
11-06-2004,15.04738426,16.08607201,14.9282592,15.86245123,5836120
14-06-2004,15.07873535,15.3399747,14.84884505,15.13098322,8642740
15-06-2004,15.26473331,15.381768,14.97423537,15.17277658,5966100
16-06-2004,15.40894318,15.50716784,15.29817635,15.4131223,4518300
17-06-2004,15.67644691,15.71197507,15.34833045,15.38594897,4857540
18-06-2004,15.67018414,15.79975785,15.51761963,15.75796019,3213280
21-06-2004,15.78512383,15.88335006,15.59076171,15.67435861,2476640
22-06-2004,15.70780087,15.87290274,15.55105725,15.68481167,4132320
23-06-2004,15.25428772,15.88126216,15.13098351,15.82692552,5617020
24-06-2004,15.93977547,16.33894986,15.04738277,15.43610696,7162000
25-06-2004,15.35669041,15.83319059,14.94288669,15.67644703,11693380
28-06-2004,15.40057945,15.50716394,15.02648459,15.33997174,5651300
29-06-2004,15.44655895,15.53851411,15.29817362,15.42356977,4401080
30-06-2004,15.45283127,15.48626908,15.25637876,15.46537025,2955160
01-07-2004,15.53224564,15.63465101,15.34833372,15.46536843,3230160
02-07-2004,15.23547745,15.46327737,15.14143034,15.46327737,4154360
05-07-2004,15.11217117,15.13098123,14.25739691,14.62940144,11077180
06-07-2004,15.33578777,15.38176613,14.88018647,15.04738023,5801360
07-07-2004,15.47790623,15.54896415,15.21457815,15.21457815,4967820
08-07-2004,15.22502708,15.65136984,15.04738467,15.30444486,6113460
09-07-2004,15.41312313,15.54687756,14.90736408,15.00559034,5585180
12-07-2004,15.39431095,15.5865827,15.25637583,15.46536728,3968880
13-07-2004,15.26891327,15.46536572,15.04738286,15.46536572,2845340
14-07-2004,15.25428772,15.586585,15.19159123,15.4235719,5159060
15-07-2004,15.25428772,15.46536956,15.22084991,15.38177265,2330340
16-07-2004,15.30235481,15.37759187,15.04111549,15.29817409,2629820
19-07-2004,15.31071758,15.45910135,15.25637935,15.41939246,2182160
20-07-2004,15.46746063,15.50716793,15.1539734,15.29817644,2999200
21-07-2004,15.47372627,15.67435786,15.33997188,15.52806449,7741680
22-07-2004,15.44446564,15.67017674,15.38176758,15.65763618,5581400
23-07-2004,15.4486475,15.50716485,15.23547692,15.40266913,3238740
26-07-2004,15.65554905,15.71615516,15.25637465,15.42356843,5362760
27-07-2004,15.62211132,15.71406807,15.33997317,15.54896463,11159360
28-07-2004,15.55314732,15.63256511,15.38386471,15.63256511,5418400
29-07-2004,15.70570755,15.86245114,15.42774854,15.50716472,6601700
30-07-2004,15.68271637,15.75795341,15.48626392,15.71615417,5222880
02-08-2004,15.54478645,15.67436175,15.46746062,15.67436175,2245980
03-08-2004,15.25637817,15.54896657,15.19368009,15.54478584,7158740
04-08-2004,15.26264381,15.4131179,15.05156202,15.25637433,2446800
05-08-2004,15.54687595,15.67227052,15.26682814,15.29608682,2630460
06-08-2004,15.36505127,15.46536787,15.08918261,15.38595169,2674760
09-08-2004,15.45283127,15.53642659,15.25637876,15.38177333,1797960
10-08-2004,15.63673973,15.69525708,15.45909732,15.48626564,3897940
11-08-2004,15.64927959,15.73705722,15.38595151,15.5092557,4504140
12-08-2004,15.49880791,15.6283816,15.39431217,15.51970673,1687520
13-08-2004,15.25637817,15.54478584,15.17487162,15.50716731,1464620
16-08-2004,15.12889004,15.27100428,15.07246305,15.19367687,1714300
17-08-2004,15.19995022,15.45700883,15.09127376,15.33161427,14637920
18-08-2004,15.11007881,15.25637215,15.04738075,15.21457451,4164500
19-08-2004,15.10172176,15.42356877,15.04738354,15.42356877,8524340
20-08-2004,14.91781044,15.19367911,14.886463,15.10172395,1158180
23-08-2004,15.22293854,15.2981756,14.75897879,15.08918412,1747600
24-08-2004,15.66390896,15.73496688,15.13725119,15.25637626,2569200
25-08-2004,15.66390896,15.75795607,15.50925573,15.67018004,2424060
26-08-2004,15.86035919,15.96276454,15.55314154,15.67017782,5299840
27-08-2004,15.44446564,15.8603581,15.42356681,15.83736892,1470060
30-08-2004,15.51761341,15.62628825,15.38176866,15.46536555,1165220
31-08-2004,15.36714077,15.465367,15.27936475,15.38177011,2631180
01-09-2004,15.40476036,15.47581829,15.30653412,15.38177117,2123660
02-09-2004,15.50298691,15.62420234,15.34833367,15.35042244,1411400
03-09-2004,15.47372627,15.57613163,15.38385989,15.52806449,2173880
06-09-2004,15.76422405,15.79975221,15.4340172,15.50716389,2877880
07-09-2004,15.95858574,16.09234013,15.69943681,15.87498885,7010020
08-09-2004,16.47061539,16.73394506,15.54896394,15.97112596,30147280
09-09-2004,15.96276855,16.86143255,15.82065429,16.67752062,32847440
10-09-2004,16.28461647,16.49778868,15.97739873,16.00874777,16276440
13-09-2004,16.23445702,16.51032569,16.0505451,16.09234276,7969580
14-09-2004,16.35566711,16.5103203,16.09233751,16.29714978,6661420
15-09-2004,16.51659393,16.74857457,16.38702026,16.44344724,15839120
16-09-2004,16.52913284,16.698417,16.49569504,16.6315398,6114280
17-09-2004,16.8405304,17.00354346,16.42672665,16.42672665,12427840
20-09-2004,16.93039703,17.13729811,16.52704349,16.84470978,12845500
21-09-2004,16.97846222,17.33583735,16.78201137,17.33583735,9729480
22-09-2004,17.22925568,17.29822164,16.88650983,17.09132055,17804960
23-09-2004,17.15401649,17.41734454,17.06205976,17.22089369,10806420
24-09-2004,16.91368103,17.23970724,16.78410573,17.05370494,13514680
27-09-2004,16.65452766,16.97010358,16.49778409,16.92830593,14691480
28-09-2004,16.93248558,17.09131952,16.72140538,16.72140538,14492220
29-09-2004,16.89068222,17.1372921,16.56256584,16.56256584,9512340
30-09-2004,16.80290985,17.0704186,16.71931297,17.05369891,7624880
01-10-2004,17.16864777,17.31285078,16.94084626,17.12893888,13503600
04-10-2004,17.39226913,17.50512471,17.19163753,17.38390928,10349300
05-10-2004,17.3985405,17.50094587,17.29613512,17.42988954,7015420
06-10-2004,17.22507668,17.47377704,17.1790983,17.46750755,4422300
07-10-2004,17.14357185,17.42780041,16.9492097,17.42780041,2874820
08-10-2004,17.12685013,17.22089725,17.03280461,17.22089725,4251060
11-10-2004,17.09131813,17.2146239,17.01190196,17.05369961,2289540
12-10-2004,16.85725021,17.0913196,16.76738383,17.07459991,1820900
13-10-2004,16.85725021,16.85725021,16.85725021,16.85725021,0
14-10-2004,16.73186111,16.91786345,16.55839936,16.90532446,3147680
15-10-2004,16.97846222,17.04952013,16.77783065,17.01190161,4798240
18-10-2004,17.09340858,17.17282475,16.97428354,17.12893674,3941140
19-10-2004,17.33375168,17.42361807,17.07878185,17.09550155,8044720
20-10-2004,17.17491722,17.40480749,17.09550105,17.34211102,3898620
21-10-2004,16.87396812,17.21671395,16.72976512,17.21671395,5640560
22-10-2004,16.87396812,16.87396812,16.87396812,16.87396812,0
25-10-2004,17.12685013,17.22089725,16.93666872,17.03280461,6476080
26-10-2004,17.09550095,17.23134411,16.87188016,17.01190405,2917940
27-10-2004,17.44242859,17.68067875,17.13730122,17.25851666,8296680
28-10-2004,17.38599777,17.76427175,17.2898619,17.65141619,8760920
29-10-2004,17.35046768,17.45914412,17.18118514,17.18118514,5042440
01-11-2004,17.61798096,17.68067744,17.39644892,17.68067744,11031560
02-11-2004,17.58662987,17.67649625,17.36718822,17.51348318,5511000
03-11-2004,17.88757896,17.9523674,17.60753116,17.60753116,8372300
04-11-2004,17.76636314,18.14045802,17.73292375,18.14045802,3669840
05-11-2004,18.07984924,18.21569399,17.8436879,17.95236434,4943440
08-11-2004,18.89910126,18.97433832,18.14255146,18.26585727,13350760
09-11-2004,19.11017609,19.26900842,18.72563104,19.02239848,7656420
10-11-2004,19.78731346,19.93778758,19.19795755,19.19795755,11598680
11-11-2004,19.55324173,19.8520996,19.44665723,19.69953672,5099460
12-11-2004,19.55950928,19.80194013,19.48427382,19.72879344,671860
15-11-2004,19.55950928,19.55950928,19.55950928,19.55950928,0
16-11-2004,20.23246384,20.43518582,19.58250023,19.64519831,10965740
17-11-2004,20.17603302,20.35367542,20.11542531,20.27216889,8909660
18-11-2004,19.98584747,20.31396392,19.81238582,20.27216627,10123500
19-11-2004,20.18230247,20.56475718,20.02973803,20.12587549,11679560
22-11-2004,20.19693375,20.31187968,19.65982578,20.26590131,10444000
23-11-2004,20.3683033,20.39756197,20.10497367,20.31396508,3613020
24-11-2004,20.21365547,20.35576974,20.11751959,20.35576974,3669820
25-11-2004,20.86152458,20.98273999,20.23245993,20.39756335,8639340
26-11-2004,20.86152458,20.86152458,20.86152458,20.86152458,0
29-11-2004,20.85316849,21.08305878,17.9398269,20.32442033,5391740
30-11-2004,20.7612133,21.02454302,20.69015696,20.98274536,6158380
01-12-2004,20.23246384,20.98274405,20.13214882,20.86152861,9358920
02-12-2004,20.41428566,20.69015432,20.2721714,20.68179447,11284800
03-12-2004,20.17812347,20.69015185,19.94614286,20.48116041,11661260
06-12-2004,19.92106819,20.52087432,19.85419098,20.17812842,11592140
07-12-2004,20.10497665,20.22410172,20.02138135,20.02138135,10543360
08-12-2004,19.70371246,20.5626674,19.60757659,20.5626674,4034240
09-12-2004,19.9419651,20.06318053,19.85418907,20.05482068,6662080
10-12-2004,19.51561928,19.85418597,19.41530428,19.85418597,9405840
13-12-2004,19.78104019,19.92106407,19.60339779,19.64519544,19560780
14-12-2004,19.86045837,20.01093248,19.81239123,19.89389777,6775640
15-12-2004,19.81866264,20.06318229,19.72879624,19.87508964,6896200
16-12-2004,20.1384182,20.34950003,19.95868541,19.95868541,8749780
17-12-2004,20.13632965,20.38084931,19.87718065,20.3139721,5650120
20-12-2004,20.58356857,20.69015466,20.18857484,20.18857484,7636340
21-12-2004,20.74031067,20.77375007,20.50415091,20.69015317,9585840
22-12-2004,20.61491776,21.73511212,20.35576879,20.81554937,8915280
23-12-2004,20.65253258,20.89914252,20.39756278,20.8949634,5659700
24-12-2004,21.00155067,21.10813676,20.77375076,20.89914531,5650660
27-12-2004,21.10395241,21.19172841,20.78419422,21.10813153,3177320
28-12-2004,21.68077087,21.73510909,21.10813479,21.10813479,5067780
29-12-2004,21.53030205,21.90230823,21.32340092,21.73929353,3046460
30-12-2004,21.91275215,22.15100227,21.36101488,21.53238779,3992780
31-12-2004,21.74974251,21.95037413,21.61389773,21.77691083,2162300
03-01-2005,21.9545536,22.0611381,21.57000849,21.57000849,2591160
04-01-2005,21.71212769,22.19489756,21.10814235,21.94619875,4476120
05-01-2005,20.90123558,21.73511103,20.35576776,21.73511103,7975740
06-01-2005,20.27844238,21.30877041,20.02138376,20.90123767,9659020
07-01-2005,20.4916153,20.63790869,20.25127477,20.39756817,5298000
10-01-2005,20.47071457,21.23353378,20.28262352,20.89914774,13225740
11-01-2005,20.20529366,20.554309,20.0631794,20.48116231,4782220
12-01-2005,20.1028862,20.35158492,19.85836501,20.20529155,2837580
13-01-2005,20.85316849,21.2335329,20.06318099,20.06318099,10791840
14-01-2005,21.52402878,21.81870749,20.57520741,20.85734714,15903840
17-01-2005,21.73719978,22.11129465,21.23979914,21.73510942,9483580
18-01-2005,21.46551323,22.06531931,20.89914655,22.06531931,10000120
19-01-2005,21.68913269,21.94410252,21.29831969,21.63897519,9034920
20-01-2005,21.37355614,21.77690972,20.89914622,21.3589268,21816140
24-01-2005,20.53759003,21.48014196,20.31396923,21.48014196,16795520
25-01-2005,21.76019096,22.54599769,20.56893871,21.94410287,20124960
27-01-2005,22.4728508,22.90546305,21.65151432,21.82915674,24223080
28-01-2005,22.56480026,22.93889504,22.03814108,22.47284354,9751760
31-01-2005,23.59931183,23.82502296,22.36208295,22.42478102,13357080
01-02-2005,23.41331673,23.77278235,22.99951446,23.65783639,7728060
02-02-2005,23.348526,23.61394445,23.11445499,23.61394445,4604940
03-02-2005,23.9713192,24.03401727,23.28164836,23.36524526,8082380
04-02-2005,23.70590591,24.20121634,23.53453295,23.82503101,3578340
07-02-2005,23.48018837,24.03401601,23.07474605,23.62648334,2402500
08-02-2005,23.84383392,24.03401691,23.28373836,23.32344566,3514320
09-02-2005,24.58157158,24.65680862,23.82502206,23.90861895,6035080
10-02-2005,24.22211075,24.6609925,24.03819724,24.6609925,3415400
11-02-2005,24.03401947,24.24092058,23.74143109,24.24092058,4860720
14-02-2005,23.76859856,24.16986176,23.50735924,23.50735924,6259920
15-02-2005,23.51154327,24.15941659,23.41122665,24.03402201,6343000
16-02-2005,23.49064064,23.95042122,23.28164918,23.6160352,8738160
17-02-2005,23.33598709,23.55751753,23.20223109,23.40704342,3014800
18-02-2005,23.58259392,23.69963021,23.40704187,23.48854841,3233860
21-02-2005,23.42794228,23.77904799,23.16670295,23.77904799,6217400
22-02-2005,23.43212318,23.6160351,23.23984983,23.23984983,3465320
23-02-2005,23.327631,23.44048659,23.16043716,23.40704719,6198120
24-02-2005,24.07581329,24.1698604,23.36733244,23.5637849,6712840
25-02-2005,23.83129692,24.07372779,23.49482053,24.07372779,3240960
28-02-2005,24.54813766,25.0727067,23.87727524,24.11134626,14890860
01-03-2005,24.14060211,24.53559581,23.95668862,24.53559581,8460320
02-03-2005,24.10716248,24.32660413,23.82502435,24.32660413,3921340
03-03-2005,24.07999229,24.24300535,24.00475525,24.23882622,4623700
04-03-2005,24.48962021,24.94522167,24.12388514,24.20121256,6562140
07-03-2005,25.12704468,25.28796741,24.61919535,24.74458991,8105800
08-03-2005,25.67250443,26.12392664,25.20436411,25.20436411,10957960
09-03-2005,26.0884037,26.12393187,25.50740771,25.8710524,6385360
10-03-2005,25.72266769,26.27440499,25.59100206,25.92120893,4572280
11-03-2005,25.48441887,25.91494076,25.33603513,25.91494076,5219600
14-03-2005,25.19183159,25.58055584,25.12077366,25.48441996,4878320
15-03-2005,24.82400513,25.20019039,24.32660603,25.20019039,2474060
16-03-2005,24.83445358,25.24616698,24.41020121,24.86580262,3689500
17-03-2005,23.92534256,24.78638634,23.86682361,24.78638634,7541460
18-03-2005,23.65365028,23.99012662,23.49481635,23.90862009,3136380
21-03-2005,23.37360001,23.82502225,23.23984562,23.82084312,3007700
22-03-2005,23.06220436,23.23984676,22.80305543,22.99114804,4245940
23-03-2005,22.22206688,22.98906531,21.86051088,22.98906531,8238260
24-03-2005,21.71212769,25.24617486,21.23353694,25.24617486,8411140
28-03-2005,22.27640152,22.56272043,22.00471355,22.11129965,2087740
29-03-2005,22.44359016,22.7800665,21.94619112,22.32028598,3267660
30-03-2005,22.28894234,22.48330448,21.98799409,22.36208904,8576980
31-03-2005,22.7738018,22.98488364,22.37044818,22.52510143,4459280
01-04-2005,23.05384254,23.28164402,22.61287053,22.82186195,3359660
04-04-2005,23.08101845,23.15207478,22.58152896,23.0726586,2532680
05-04-2005,22.56898499,23.49063799,22.44777116,23.28164656,3840540
06-04-2005,23.12908363,23.2816481,22.41433325,22.41433325,4253720
07-04-2005,23.53871155,23.69754553,23.34434939,23.40704748,5089240
08-04-2005,22.84903336,23.61603152,22.48747748,23.57214351,4854300
11-04-2005,23.28373909,23.73306945,22.78215927,23.73306945,4174340
12-04-2005,23.34434319,23.40495089,22.98905838,23.3652436,2452720
13-04-2005,23.46764755,23.97131606,23.28164531,23.61603127,10028860
15-04-2005,22.51046753,23.47809731,22.27848691,23.44883864,5603660
18-04-2005,21.74974251,22.33700804,21.57210007,22.33700804,8953240
19-04-2005,22.2074337,22.36208694,22.00889085,22.15309547,5691120
20-04-2005,22.60242462,22.82186468,21.82915533,21.82915533,6287820
21-04-2005,22.81141472,26.42696547,21.94409997,26.42696547,2885120
22-04-2005,22.57943726,23.52825866,22.3704458,23.52825866,2867060
25-04-2005,22.57107544,22.78006688,22.36835349,22.78006688,2828580
26-04-2005,22.51464462,22.72572479,22.41641841,22.60869012,2919100
27-04-2005,22.4644928,22.6045183,22.19698397,22.19698397,2047640
28-04-2005,22.56480026,22.7382635,21.9545458,22.44567524,4590180
29-04-2005,22.36208344,22.58152508,21.86050367,22.42060078,4073600
02-05-2005,22.56062889,22.58152931,22.36208763,22.36208763,2006060
03-05-2005,22.58361244,22.65048963,22.44776929,22.52927582,4413260
04-05-2005,22.53554535,22.57107351,22.25758638,22.3390929,1494380
05-05-2005,22.84485054,23.19386741,22.73826607,22.73826607,5354180
06-05-2005,22.61078262,22.85321185,22.42478038,22.85321185,2897540
09-05-2005,22.5815258,23.18969007,18.72563277,18.72563277,8703540
10-05-2005,22.60242462,22.77797667,22.36208415,22.57525471,4435500
11-05-2005,22.36208344,22.44568033,22.06949511,22.30983558,6023520
12-05-2005,22.12592125,22.56689325,22.03396452,22.36208097,8504740
13-05-2005,22.27849197,22.38298772,22.02770283,22.02770283,5353620
16-05-2005,22.55435371,22.6546703,22.34118317,22.52927576,2375420
17-05-2005,22.43732262,23.18969153,22.36208557,23.18969153,988480
18-05-2005,22.35999298,22.44568023,22.09039384,22.44149951,4434500
19-05-2005,22.70065689,22.78007309,22.52928393,22.77171323,3958280
20-05-2005,22.4728508,22.73618048,22.40388324,22.40806396,1009120
23-05-2005,22.98697281,23.09355891,22.48748329,22.48748329,2175720
24-05-2005,22.84276772,23.14998383,22.36208671,22.99324023,1422220
25-05-2005,22.5815258,22.87202378,22.45195054,22.87202378,2859780
26-05-2005,22.67424965,22.96508129,22.35391519,22.79437688,9312100
27-05-2005,22.78805923,22.91661496,22.59417249,22.69743801,4060300
30-05-2005,22.76909065,22.84495965,22.46561466,22.68479159,1828580
31-05-2005,22.7416935,22.92925807,22.50776436,22.92925807,3721540
01-06-2005,22.58995438,22.86603222,22.50776324,22.8238835,3363620
02-06-2005,22.75012016,22.89342807,22.60259802,22.8449572,2982420
03-06-2005,23.00512505,23.05570384,22.57098548,22.76065795,3307520
06-06-2005,23.31913948,23.47719962,22.80913248,22.90818215,4690360
07-06-2005,24.79858017,25.28751277,23.09785324,23.31913807,11003440
08-06-2005,24.69320869,25.07044576,24.53093432,24.95242803,7090440
09-06-2005,24.40870476,24.80490833,24.23589237,24.78383396,4001360
10-06-2005,24.29068375,24.82598097,24.02514225,24.44663597,6604900
13-06-2005,24.54357529,24.65737877,23.9492693,24.61523004,3202420
14-06-2005,25.01564217,25.07465262,24.53092554,24.61522457,4845660
15-06-2005,24.91660309,25.58888451,24.44663686,25.58888451,4665100
16-06-2005,25.09784126,25.24747294,24.86812797,24.95242703,33804280
17-06-2005,25.16950035,25.33177474,24.78383317,25.28962601,3939660
20-06-2005,25.23061371,25.28962257,24.99879249,25.27908458,4479240
21-06-2005,25.39920807,25.50036726,24.95874795,25.09994795,7409900
22-06-2005,24.87024117,25.45400935,24.65949427,25.45400935,4708380
23-06-2005,24.46981621,25.22218238,24.23588708,25.22218238,4977280
24-06-2005,24.54990005,24.75643267,24.15580448,24.6573814,3412040
27-06-2005,25.27486992,25.43293006,24.44663473,24.44663473,6432800
28-06-2005,24.86812782,25.19900031,24.54146957,25.19900031,3543380
29-06-2005,25.35706139,25.70690194,24.86812875,25.06623131,12991060
30-06-2005,26.80910873,27.09993883,25.35706295,25.35706295,23277860
01-07-2005,26.05042267,26.34336071,25.83756786,25.97455366,4499860
04-07-2005,26.6362915,26.7648472,26.13260671,26.25694657,4477220
05-07-2005,26.68477058,26.97138647,22.67214979,25.80595487,2953280
06-07-2005,27.25167656,27.39709241,26.43608722,26.68055275,4670460
07-07-2005,26.99878502,27.90288779,26.7227071,27.19056547,13045380
08-07-2005,27.47296524,27.56569439,27.0704379,27.1442006,3074900
11-07-2005,27.98507309,28.19792947,27.60783764,27.62891361,4453180
12-07-2005,27.73639488,28.24007976,27.31911699,27.94503544,6600040
13-07-2005,27.09572601,27.73428876,26.84915096,27.73428876,6980040
14-07-2005,27.19477463,27.60783991,26.51195683,27.09572656,13679400
15-07-2005,26.57939339,27.18634374,26.43186963,27.18634374,5006360
18-07-2005,26.45926857,26.89129866,26.30120843,26.68055181,10152100
19-07-2005,26.96506119,26.97559917,26.6131143,26.76485231,4910180
20-07-2005,27.03460312,28.45082208,26.82807213,27.10204365,5554700
21-07-2005,27.04303741,27.3486197,25.80595121,27.18212789,1608180
22-07-2005,27.33386612,27.38866236,25.84810177,26.84914932,12133160
25-07-2005,28.4360714,29.29381263,27.30014598,27.30014598,26202900
26-07-2005,28.58781052,28.99876947,28.40867761,28.45082634,15484700
27-07-2005,29.72373962,30.17895367,28.12838736,28.66157673,13549540
28-07-2005,29.72373962,29.72373962,29.72373962,29.72373962,0
29-07-2005,29.48137474,30.76903804,28.66367599,29.50455702,43754360
01-08-2005,28.51404762,29.335959,28.24007609,29.0788476,6123760
02-08-2005,28.1979332,28.74376684,28.05041102,28.66157569,6627020
03-08-2005,28.52458763,29.04091677,28.2400781,28.28644266,11294380
04-08-2005,28.85124016,31.19053129,28.53511991,31.19053129,4080100
05-08-2005,28.41500092,29.08306811,28.2864452,28.95240608,4549640
08-08-2005,27.72374916,32.24426852,27.44556177,32.24426852,8232600
09-08-2005,27.57832909,28.01246702,27.18633987,27.18633987,4424020
10-08-2005,27.82912445,28.45082707,27.61837758,28.45082707,6420460
11-08-2005,27.86705971,28.32438006,27.60784194,28.13470915,13098020
12-08-2005,27.8270092,28.24007439,27.43923582,27.43923582,9285200
16-08-2005,27.2790699,28.15577748,27.10204334,28.15577748,8544660
17-08-2005,27.6541996,28.15577809,27.35493948,27.35493948,9712800
18-08-2005,27.94503593,28.15999542,27.65842007,28.15999542,3056600
19-08-2005,27.77011681,27.98718583,27.61416296,27.73429022,3277120
22-08-2005,27.7174263,28.36231114,27.52353959,28.36231114,2339700
23-08-2005,27.33808327,27.98296815,26.54989045,27.39709213,5191700
24-08-2005,27.46453094,27.73428665,26.5267065,27.18634356,11929100
25-08-2005,27.373909,27.48138874,26.90605072,27.39287544,9922060
26-08-2005,26.75220299,27.9829637,26.56885267,27.77643271,7304740
29-08-2005,26.92502213,27.27064528,26.48034608,27.10205034,9024960
30-08-2005,27.25378418,27.39498418,26.76484994,26.76484994,5091500
31-08-2005,26.9861393,27.39498877,26.64051453,27.35494635,3057360
01-09-2005,26.63208008,27.38233674,26.52249082,27.38233674,2861480
02-09-2005,26.81964111,26.99455975,26.59624839,26.59624839,8334960
05-09-2005,26.98402596,27.14419562,26.81121521,26.81121521,2009020
06-09-2005,27.08097267,27.14419738,26.78803465,27.01774797,2086800
08-09-2005,27.64366531,27.69213619,26.97559815,27.14419628,3873220
09-09-2005,28.49508095,28.66156953,27.48560181,27.69213281,8359460
12-09-2005,28.54988098,28.65947026,27.86073776,28.49297842,5412500
13-09-2005,28.96715164,29.08306304,28.07358713,28.45082254,8343600
14-09-2005,28.99665642,29.16736084,28.50140328,28.78801911,9095240
15-09-2005,29.17790604,29.20952,28.92079458,28.99877311,8961700
16-09-2005,29.18211746,29.42026244,28.92711235,29.42026244,7982860
19-09-2005,29.85861397,30.13047922,29.37811138,29.37811138,8056640
20-09-2005,30.86809349,31.19053594,29.63101043,29.63101043,13400840
21-09-2005,30.54143333,31.00296945,29.97241748,30.78168462,12722980
22-09-2005,29.15893936,30.36651812,28.85124749,30.34755167,10153360
23-09-2005,28.23797607,29.16315476,27.86073735,29.16315476,12744820
26-09-2005,28.62785339,28.66367997,28.0461932,28.24007993,7805680
27-09-2005,28.7564106,29.33596451,28.45925673,28.66157515,8501240
28-09-2005,29.3359623,29.67104903,28.78802239,29.08306671,15560220
29-09-2005,29.3359623,29.79960474,28.66789513,29.41604713,32939180
30-09-2005,28.87864876,29.49192304,26.64894607,29.49192304,8151180
03-10-2005,28.52036667,29.28537863,28.42131541,28.87863561,10219500
04-10-2005,29.92184067,30.13680338,29.083069,29.083069,16914460
05-10-2005,29.61625671,30.11572576,29.38443388,29.5509257,5747560
06-10-2005,28.74798012,29.28749157,28.24007941,29.28538526,8633020
07-10-2005,28.60045815,28.80487964,28.02933273,28.61942459,7313220
10-10-2005,29.00930405,29.18844016,28.66157301,29.18844016,4209660
11-10-2005,29.07463646,29.41604532,28.29698008,29.41604532,4694020
13-10-2005,28.57306099,28.99455473,28.45293373,28.72479899,6001420
14-10-2005,27.79329491,28.32437464,27.60783665,28.32437464,7900180
17-10-2005,27.58255005,28.02933236,27.01774679,28.02933236,9304820
18-10-2005,27.72374916,28.22954032,27.60783775,27.77643587,9193300
19-10-2005,27.29804039,27.81858539,26.6384033,27.12312011,5812620
20-10-2005,27.13998222,27.52354308,26.97981576,27.4392424,7182320
21-10-2005,27.29804039,27.81858539,27.05989541,27.81858539,7135200
24-10-2005,26.78592491,27.510893,26.48034262,27.510893,5399780
25-10-2005,26.58150101,27.1652691,26.22744622,27.1652691,10631520
26-10-2005,26.558321,26.97560053,26.42765896,26.97560053,7645620
27-10-2005,26.32649612,26.67633667,26.14103948,26.59625184,14684500
28-10-2005,25.75116158,26.21691198,25.4160732,26.21691198,7971600
31-10-2005,25.56991768,26.38550702,25.4582221,25.80806106,8748100
02-11-2005,26.1621151,27.38866337,25.94293817,25.94293817,11421500
04-11-2005,26.1621151,26.1621151,26.1621151,26.1621151,0
07-11-2005,26.35389328,26.76484898,25.96822617,26.34335529,99692920
08-11-2005,26.89130211,27.01774992,26.48245425,26.76274638,13195860
09-11-2005,26.63418388,27.31068102,26.29909719,27.10204371,16626560
10-11-2005,26.58992958,26.76484985,26.30331374,26.59625173,13405880
11-11-2005,26.7732811,26.97559789,26.43819276,26.58993075,15625240
14-11-2005,28.48243904,28.74587264,27.05989763,27.2706445,18391580
16-11-2005,29.08096123,29.50456127,28.32648706,28.45082694,11577600
17-11-2005,29.45608902,29.50666621,29.09360417,29.29381304,8169620
18-11-2005,29.47715569,29.79959805,29.34017154,29.5045538,3552720
21-11-2005,28.64681625,29.47715931,28.49297196,29.47715931,7852600
22-11-2005,28.55619431,29.16314618,28.41499432,28.7880171,8413820
23-11-2005,29.06199265,29.29381549,28.49297673,28.61942614,4754700
24-11-2005,29.12943268,29.67315999,28.91446997,29.67315999,7971480
25-11-2005,29.40551186,29.45398274,29.13575611,29.2095188,5589960
28-11-2005,29.3233242,29.67316484,29.16737034,29.46241793,4772240
29-11-2005,28.86810303,29.36968157,28.67211,29.36968157,4299060
30-11-2005,28.95240211,29.58885526,28.7058287,28.91446601,7706280
01-12-2005,29.36758041,29.50878044,28.51405487,28.96083724,4733020
02-12-2005,29.44976807,30.09043712,29.29381423,29.50456109,6731780
05-12-2005,28.97347832,29.54671005,28.87232072,29.50456132,3044960
06-12-2005,28.7016201,29.24745379,28.53723778,28.74587515,3001160
07-12-2005,29.25167274,29.41183924,28.70372947,28.705839,3881460
08-12-2005,29.00930405,29.3570383,28.93976041,29.25166487,7073840
09-12-2005,28.99877167,29.28538755,28.66157538,29.08306913,3558000
12-12-2005,28.97979546,29.54670494,28.83227332,29.20951194,6600580
13-12-2005,29.28538895,29.67316245,28.88496793,29.25166867,11441960
14-12-2005,30.28854179,30.47400008,29.3486093,29.37811373,16593580
15-12-2005,29.66894341,30.93764043,29.542494,30.5161467,5990720
16-12-2005,29.54039001,29.9134129,29.00298482,29.56778814,10172760
19-12-2005,29.99349403,30.13469404,29.37811039,29.7996041,6324660
20-12-2005,30.99875641,31.23268556,29.96820434,30.03142904,12918100
21-12-2005,30.64048576,31.52773146,30.39812816,31.37599346,8525720
22-12-2005,31.28115654,31.48558126,30.55829632,30.76904319,5801320
23-12-2005,30.36019135,31.54880348,30.13680019,31.23268319,4688620
26-12-2005,29.85861397,30.54986664,29.50456078,30.26325077,4794700
27-12-2005,29.85861397,30.13258553,29.50877662,29.58885824,4711060
28-12-2005,29.61625671,30.64259292,29.51931496,30.26325113,6511700
29-12-2005,29.77642059,30.03142569,29.6731567,29.92605227,4745080
30-12-2005,29.87337112,30.05250726,29.64154826,30.05250726,4254200
02-01-2006,30.07147217,30.34544375,29.7996069,29.87336959,5371040
03-01-2006,30.06514359,30.26324612,28.66156892,28.66156892,2565580
04-01-2006,30.85544586,30.98189204,30.09464963,30.3475452,10739840
05-01-2006,31.16945839,31.31698376,30.56883179,30.85333811,7707000
06-01-2006,32.41075897,32.66576409,30.76904231,31.19053604,17233720
09-01-2006,32.23794556,32.58146395,31.19053347,31.95765186,11035400
10-01-2006,31.54249001,32.45502452,31.41393426,32.24006177,13599600
12-01-2006,31.4708271,31.9829404,31.19053341,31.54248026,7899020
13-01-2006,30.76483345,31.7300547,30.60045112,31.7300547,6765760
16-01-2006,31.24954605,31.48979736,30.64259403,31.14838845,6856240
17-01-2006,31.56988144,31.73637005,31.23268516,31.23268516,5220240
18-01-2006,31.38863754,31.71740213,30.35176339,31.35913311,12489720
19-01-2006,30.70371819,31.38864565,30.36019969,31.38864565,12867000
20-01-2006,30.56461525,31.35913177,30.43605954,30.79011592,9704300
23-01-2006,30.32646942,30.76061062,29.54670675,30.57936821,8355020
24-01-2006,30.1747303,30.7268892,30.07568225,30.4318417,12690180
25-01-2006,30.3011837,30.72689326,30.05882609,30.18948812,17554040
27-01-2006,31.06830406,31.61203139,30.81330214,31.39285605,13302280
30-01-2006,31.34016418,31.56776794,30.94185278,31.06829896,6622920
31-01-2006,32.13679123,32.30327984,30.76904289,31.03037017,12300080
01-02-2006,31.13995934,32.62361924,30.97979286,32.2442742,12744080
02-02-2006,31.16945839,31.69632552,31.02404576,31.13995396,9553120
03-02-2006,30.84701729,31.17578188,30.53721914,30.93764011,5538040
06-02-2006,31.39284897,31.61202426,30.60043884,30.84701224,11492980
07-02-2006,32.48662949,32.66576562,30.98821908,31.02193935,17486980
08-02-2006,32.13679123,32.53931531,31.61203037,32.53931531,6704440
10-02-2006,32.11991882,32.53930287,31.70474739,32.40864089,12122420
13-02-2006,31.46239662,32.11781947,31.3190903,31.65417703,5819760
14-02-2006,31.52352524,32.0314261,31.15682443,31.6541873,11979880
15-02-2006,31.34860039,31.8227809,31.0640908,31.56988527,8121820
16-02-2006,32.03351593,32.408645,31.03457487,31.34858878,9489300
17-02-2006,31.28958893,32.34964546,31.04301547,32.34964546,9582640
20-02-2006,30.4402771,31.39706643,30.34754797,31.19053541,10184960
21-02-2006,30.54986191,30.7690372,30.45291695,30.7690372,7511140
22-02-2006,30.62784576,30.7564015,30.41288304,30.54987044,6388940
23-02-2006,30.42973518,30.71845732,30.01034783,30.43184149,22109140
24-02-2006,29.98716736,30.44027501,29.75745407,30.44027501,19275300
27-02-2006,30.69105911,30.84068755,30.18105222,30.35175662,6295700
28-02-2006,31.07040977,31.35913518,30.5056097,30.95239204,9854140
01-03-2006,31.4792614,31.61203297,30.55829853,30.97979231,9687980
02-03-2006,31.95975685,32.03351953,30.98189165,31.60781002,10085820
03-03-2006,32.02087402,32.12835375,31.4876848,32.03351832,9819440
06-03-2006,32.03773117,32.20211343,31.86491724,32.03351533,6337520
07-03-2006,31.93868637,32.20211994,31.58041736,31.58041736,11025360
08-03-2006,32.03562927,32.4444787,31.19053552,31.8227761,16202260
09-03-2006,31.62044907,32.01243825,31.14837828,31.41181179,14531960
10-03-2006,31.56988144,32.21898218,31.40760545,31.69632763,15856220
13-03-2006,32.42339706,32.6657546,30.81118209,31.82066108,10989660
14-03-2006,32.11781693,32.70790872,31.62677962,32.70790872,7331980
16-03-2006,32.35385132,32.53930633,31.82698429,31.82698429,12118500
17-03-2006,32.21265411,32.53930913,31.74900852,32.53930913,4807020
20-03-2006,32.26745224,32.66576368,31.99137436,32.24426996,10559760
21-03-2006,31.81435204,32.58147059,31.65418234,32.58147059,6651520
22-03-2006,31.92181778,32.24426012,31.61412604,31.69210454,8610360
23-03-2006,31.27272987,31.99137752,31.11888555,31.57831221,5685020
24-03-2006,30.97346497,31.60781183,30.77114657,31.60781183,6767380
27-03-2006,31.11677361,32.40443709,30.97978943,32.40443709,36594320
28-03-2006,31.30434608,31.48558856,30.38970522,30.8154149,6186960
29-03-2006,31.45396423,31.61202436,31.04300856,31.27482814,6608660
30-03-2006,32.85543442,34.22528902,31.27483296,31.27483296,12539560
31-03-2006,32.63415527,33.08725977,32.03352539,32.66576602,9886800
03-04-2006,32.6172905,32.91444111,32.11781828,32.63415063,6365740
04-04-2006,35.10409927,35.36120744,32.79220641,32.79220641,13883040
05-04-2006,35.44762039,35.65836725,35.06827541,35.36332294,7771640
07-04-2006,34.46553421,35.99555821,33.76164059,35.29587721,7324740
10-04-2006,34.78587341,35.40125381,34.14098859,34.52033355,4238640
12-04-2006,34.09883499,34.77322415,33.81432551,34.73107543,5791500
13-04-2006,33.88598251,34.43603189,33.31064455,34.09883888,7893600
17-04-2006,34.33488083,34.64889483,33.51929144,33.93867567,7736800
18-04-2006,35.17154694,35.48977357,34.73108673,34.73108673,6102860
19-04-2006,35.76373291,36.15150627,35.40546398,35.41178612,9822560
20-04-2006,35.82696152,36.03770835,34.99451217,35.80588555,7620100
21-04-2006,35.77006149,36.45920458,35.30009692,35.30009692,28008920
24-04-2006,34.66363907,35.73001756,34.09883909,35.51084226,11868720
25-04-2006,34.75847626,35.19472378,34.56248323,34.69314525,17786760
26-04-2006,35.28113556,35.91126667,34.62360311,34.77323481,18299760
27-04-2006,34.7395134,35.99556616,33.9829329,35.27902487,18850140
28-04-2006,34.45077896,34.60462322,31.22845865,33.67733861,19290100
02-05-2006,35.88176727,36.7121106,35.02613534,35.36333168,17044980
03-05-2006,36.38334656,36.83856066,35.83119068,35.95342427,8016660
04-05-2006,37.24950409,37.71946864,35.66047433,35.82696291,9527480
05-05-2006,37.03455353,37.55509865,36.29483303,37.09145609,9352040
08-05-2006,36.92705917,37.72368192,36.45920096,37.42863765,32176720
09-05-2006,35.93866348,37.67732516,35.74267044,37.13570738,14694840
10-05-2006,36.71421432,37.08302135,35.97238443,36.03771544,18600680
11-05-2006,36.92417145,37.27623172,35.41835965,36.860545,6720720
12-05-2006,37.12776947,37.28047163,36.10975616,36.47878692,4342920
15-05-2006,35.78103638,37.11505611,35.25082129,36.77571716,7634320
16-05-2006,35.95706177,36.05462276,34.82452322,35.63045073,7620200
17-05-2006,35.81284714,36.69088317,35.07902805,36.69088317,6975220
18-05-2006,34.76726151,35.80012268,34.10343443,35.50320029,10689980
19-05-2006,34.34308624,35.41836387,32.45764173,35.37594732,9194180
22-05-2006,33.38022232,35.37595277,30.11621823,34.35793911,7656500
23-05-2006,33.13631821,33.93376041,31.51598128,33.72167441,10653680
24-05-2006,32.60186005,33.89134331,31.68564698,33.55200442,24265960
25-05-2006,32.15860748,33.50959453,30.88821093,31.85744569,17455920
26-05-2006,32.82879257,33.46717354,31.81290199,32.23707402,6039860
29-05-2006,32.4194603,33.42474892,32.15435284,33.08541009,4832680
30-05-2006,31.81714439,32.58489472,30.79913089,32.58489472,5578720
31-05-2006,31.60929489,32.87332883,30.33890187,31.05999295,12457300
01-06-2006,31.33147049,32.76729392,31.09181546,32.23707881,10589920
02-06-2006,32.45127869,32.873331,31.1342264,31.38872896,8813740
05-06-2006,31.36328888,32.83092409,30.96880866,32.36433538,6723300
06-06-2006,30.65066719,31.17663952,30.33890054,31.17663952,3770720
07-06-2006,30.57220268,30.95183852,30.11621897,30.61249955,4635600
08-06-2006,29.38028145,30.75247851,27.14701551,30.1586369,14506360
09-06-2006,30.23073387,30.54038082,28.04837058,29.14061207,7441120
12-06-2006,29.36331177,30.87336658,28.21380581,30.45131419,7149800
13-06-2006,27.64117241,28.75250436,27.14701158,28.4619443,7793300
14-06-2006,27.10247421,28.53829594,26.09506556,27.48635103,19552540
15-06-2006,29.59448242,30.74399152,27.31668059,27.31668059,15544960
16-06-2006,31.15543556,32.51278805,30.11621534,30.11621534,24585060
19-06-2006,31.23178864,31.39297609,29.88292131,29.88292131,3769620
20-06-2006,30.07168007,30.83731085,29.70265241,30.54039167,5362620
21-06-2006,30.07591438,30.41737296,29.77687235,30.32829723,4450520
22-06-2006,31.0048542,32.2370734,30.75247133,31.59233335,3886540
23-06-2006,31.78745461,31.83411379,29.80232927,29.89564764,5514720
26-06-2006,32.30494308,32.74607914,30.76307686,30.76307686,15341120
27-06-2006,31.43326569,32.23282753,31.00697078,31.81289818,7523400
28-06-2006,30.82245827,32.87332947,30.62733954,32.87332947,10551840
29-06-2006,31.78532791,32.27948868,31.013335,31.38872813,21540020
30-06-2006,33.76197052,34.56153564,32.02922831,32.02922831,12039800
03-07-2006,33.02178955,33.93376,32.70366055,33.93376,10040440
04-07-2006,33.39294815,33.50747643,33.08542402,33.08542402,4172900
05-07-2006,34.24764633,34.61243451,33.00270255,33.08541596,12820100
06-07-2006,33.93375778,34.14372407,33.38233292,33.95496768,7704840
07-07-2006,33.05572891,34.35581732,31.8553212,34.01859807,3791100
10-07-2006,33.02603149,33.08541531,32.36432422,32.7079025,2795580
11-07-2006,32.30282211,32.87545374,32.02710963,32.87545374,2273680
12-07-2006,32.28797531,32.74607863,28.84369735,28.84369735,6166200
13-07-2006,31.65807343,32.44915318,31.50112864,32.06739779,4184100
14-07-2006,30.93486595,31.64323246,30.35374911,31.64323246,9449000
17-07-2006,30.00805473,30.9645616,29.78748344,30.9645616,10783540
18-07-2006,30.1268158,30.28588029,29.73445542,29.90412486,8153400
19-07-2006,29.57328033,30.49797567,29.35695165,30.20105325,5204760
20-07-2006,30.81397247,31.38872694,30.15862753,30.15862753,8917160
21-07-2006,30.10985374,30.83730727,29.90413004,30.3283021,6075420
24-07-2006,30.94334221,31.27631874,29.36542529,29.90412223,5664600
25-07-2006,32.49157715,32.65700398,31.38873051,31.38873051,9657240
26-07-2006,33.13207626,33.25508654,31.85956022,32.02922967,7089160
27-07-2006,33.43112183,33.72167865,32.67185345,33.29750659,17956240
28-07-2006,33.74288559,33.9889029,32.87333165,33.04300111,12997020
31-07-2006,33.72167587,34.1458479,33.54776379,33.72167587,7149520
01-08-2006,33.13419724,33.76409296,32.87757497,33.76409296,4727080
02-08-2006,33.07481766,33.38234177,32.40886761,32.96029262,12695780
03-08-2006,33.84256744,34.1458489,33.08966143,33.08966143,7324740
04-08-2006,33.95072937,34.05677238,33.38233717,33.84892899,4704860
07-08-2006,34.08221817,34.14584461,33.56260814,33.56260814,14445100
08-08-2006,34.50851822,34.60819567,34.10343314,34.31551916,3438540
09-08-2006,34.30915451,34.73968885,34.06525366,34.73968885,6521840
10-08-2006,34.16493607,34.68454617,33.85316936,34.68454617,4101960
11-08-2006,34.38549423,34.6124245,34.06736532,34.36852697,2699400
14-08-2006,34.2497673,34.52759943,33.99102214,34.27733628,1755060
16-08-2006,35.89131165,36.87751345,34.70363203,35.12144169,13071100
17-08-2006,35.9973526,36.26458301,35.41835878,36.0503741,9866860
18-08-2006,35.67710495,35.99947656,35.25505267,35.71527887,4090560
21-08-2006,35.5265274,35.67286727,34.74817211,34.74817211,3671260
22-08-2006,36.42365646,36.90296973,35.21264379,35.75558352,8039200
23-08-2006,36.17975235,36.90296643,35.80860183,36.47879441,3791960
24-08-2006,36.19672012,36.38123392,35.41836483,35.84253686,4452800
25-08-2006,36.05462265,36.28791856,35.69407707,36.28791856,5397320
28-08-2006,35.86161804,36.05461706,35.6304451,36.05037444,3380620
29-08-2006,35.86161804,36.48090872,35.67498458,35.96554134,4381540
30-08-2006,35.6304512,36.33033571,35.46714406,35.6304512,3962340
31-08-2006,36.14158249,36.43638195,35.54774094,35.71528748,10372740
01-09-2006,37.16806793,37.32713242,36.13944964,36.16065953,7465120
04-09-2006,37.33985901,37.61557144,37.16806987,37.22109137,2692780
05-09-2006,37.10232544,37.36955264,36.90296408,36.90296408,2327620
06-09-2006,36.64846802,37.49256954,36.49152318,37.32714269,5832640
07-09-2006,36.00159836,36.39395875,35.72376622,36.33457493,11533820
08-09-2006,36.0206871,36.16066465,35.69619577,36.13945475,7094020
11-09-2006,34.90088272,36.26671751,34.61244554,36.22430095,16124040
12-09-2006,35.65377808,36.04825817,34.57638079,35.40988047,13062940
13-09-2006,37.06415176,37.70889508,35.93585582,36.09704003,10416500
14-09-2006,36.71208954,37.24230456,36.52545281,37.11505166,4153120
15-09-2006,37.23806763,37.62406254,36.82873988,37.03022421,6452060
18-09-2006,37.45650864,37.62193546,36.95598555,36.96234787,3088820
19-09-2006,37.37166977,37.62404935,37.12564927,37.32713029,5656640
20-09-2006,37.14474869,37.35471503,36.18611889,37.11505677,4892100
21-09-2006,37.47347641,37.52649791,37.03021744,37.49468307,4567980
22-09-2006,37.15110779,37.92098108,36.6060484,37.3313822,5001060
25-09-2006,37.25502396,37.57739232,36.31972401,36.47878849,5376480
26-09-2006,37.69404602,37.87644012,36.95386791,37.32713813,7099660
27-09-2006,38.14366913,38.38756674,37.83826476,37.96339473,8805340
28-09-2006,39.40982437,40.49570372,38.22002171,38.34302875,17390220
29-09-2006,39.25077057,39.91459777,38.81175085,39.66009513,5290540
03-10-2006,39.01322174,39.44799872,38.87536713,39.44799872,4448160
04-10-2006,37.75767136,39.01958244,37.59436423,38.89657217,8581240
05-10-2006,39.4904213,39.70250734,38.09065533,38.1882131,8565920
06-10-2006,39.60706711,40.08426069,39.49678146,39.82975809,4394920
09-10-2006,39.44375229,39.65796121,39.23590892,39.23590892,3071960
10-10-2006,39.78734207,40.08426123,39.44800312,39.44800312,2897020
11-10-2006,40.96865845,41.22952336,39.9591301,40.07153544,6854880
12-10-2006,40.6844635,41.02804183,40.21151256,41.02804183,9512260
13-10-2006,41.89759064,42.415081,41.44160379,41.4712957,6900340
16-10-2006,44.4871521,45.17219212,42.07785534,42.37477764,19710100
17-10-2006,42.7480545,45.04706601,42.23056414,44.49564434,30601940
18-10-2006,41.56249619,43.64730208,41.38010208,43.64730208,27611500
19-10-2006,40.86897659,42.33237212,40.508431,41.73853059,11480720
20-10-2006,40.72687912,41.51795909,40.43419937,41.39919143,9954600
23-10-2006,41.12347412,41.26345166,40.51903096,40.73111696,3487420
26-10-2006,42.40872574,42.62929379,40.93260548,40.93260548,22114980
27-10-2006,42.38751221,42.96862907,42.08635045,42.62929014,9061660
30-10-2006,43.66214371,43.98663503,41.53916402,42.00575257,9888180
31-10-2006,42.61232376,44.02481746,42.45962156,44.02481746,8675460
01-11-2006,42.37265396,43.18070421,42.17117294,43.02800206,4095260
02-11-2006,42.86470413,43.17647083,41.82336103,42.24753306,5641880
03-11-2006,42.48295212,42.92621114,42.2475365,42.7035234,4321760
06-11-2006,42.37054443,42.87106757,42.21784224,42.84137565,2223120
07-11-2006,42.19875336,43.25282108,42.07786278,42.6292877,5534540
08-11-2006,42.52748871,42.9177262,41.78730735,42.39387348,9443560
09-11-2006,43.17222977,43.38431579,42.62929007,42.67170663,6698440
10-11-2006,44.30476761,44.53806352,43.26554742,43.57943382,12615760
13-11-2006,44.78408432,45.17432182,44.34718764,44.53170144,8058260
14-11-2006,45.20188904,45.58788387,44.1244918,44.94950619,11355360
15-11-2006,45.66000366,45.81058618,45.2167446,45.38641409,16733080
16-11-2006,48.54012299,48.77978121,45.80633451,46.19233259,35798540
17-11-2006,47.78510284,48.72464564,47.42455724,48.65253393,17354240
20-11-2006,46.08629608,47.49878985,45.3015784,47.33760239,14746560
21-11-2006,46.33654785,47.21034436,45.38640349,46.17960628,12461440
22-11-2006,45.70453262,46.85191865,45.17643732,46.82858906,17546600
23-11-2006,47.21247101,47.6175561,45.81058223,46.57409323,7011380
24-11-2006,46.91342545,47.79994666,46.57408977,47.29518092,8895040
27-11-2006,47.12339783,47.44788921,44.97284551,46.07569227,2316860
28-11-2006,46.11598206,47.04067718,45.88480908,46.87100773,4645680
29-11-2006,46.12234879,46.85828756,45.81058207,45.85299862,7745780
30-11-2006,47.58361816,47.77873691,46.40866307,46.40866307,18356040
01-12-2006,47.66420746,48.13503862,47.30790131,47.71934865,9143700
04-12-2006,46.67377472,48.10111281,46.57833342,47.63452419,6395980
05-12-2006,46.05235291,47.50726296,45.81269469,46.91130183,5469300
06-12-2006,46.11810303,46.99826193,45.89541207,46.85828438,5051120
07-12-2006,46.91978836,47.29093889,46.14991832,46.56136248,6126360
08-12-2006,46.05871582,46.91342213,45.98024504,46.80737913,3701000
11-12-2006,43.804245,46.2135423,42.04605332,46.2135423,13335340
12-12-2006,43.61124802,45.25915401,42.45961928,43.47763279,12647160
13-12-2006,44.0757103,45.38640011,42.85409297,43.89755561,8708600
14-12-2006,44.3577919,44.87316264,43.70032715,44.53806632,9197580
15-12-2006,44.80953979,45.59425752,44.54018961,45.00465857,6155600
18-12-2006,45.24643707,45.62819261,43.77455937,44.95799992,6566220
19-12-2006,44.06086731,45.51365773,43.57731148,45.51365773,10369940
20-12-2006,43.29524231,44.45323346,42.6292923,44.10116988,13982640
21-12-2006,42.81169128,43.63458621,42.41721109,43.26131269,8435360
22-12-2006,42.66322708,43.22313408,42.45962307,43.22313408,7372820
26-12-2006,43.72577667,43.89332645,42.58687572,43.04922171,3797560
27-12-2006,44.9495163,45.09797588,43.90181073,43.90181073,4520940
28-12-2006,45.81270218,46.14992143,44.83922808,45.17432439,9042300
29-12-2006,45.29944992,46.60378082,45.08948684,46.06508054,6219780
02-01-2007,45.38641357,45.80210365,45.17644722,45.80210365,4033540
03-01-2007,45.18705368,45.38641509,44.6674435,45.30158196,3032100
04-01-2007,44.54018021,45.17431852,43.9018025,44.79256307,6866840
05-01-2007,44.83074188,45.54971333,43.86574989,44.73742352,11909340
08-01-2007,43.47550583,44.70772484,43.1191997,44.70772484,6214060
09-01-2007,43.00680161,43.89968515,42.59111483,43.77455194,10463200
10-01-2007,42.35993576,43.20191744,42.20511389,43.19979774,7135500
11-01-2007,42.25389481,43.17222762,41.61551708,42.77774751,20115340
12-01-2007,45.03010559,45.37792654,43.09587888,43.19343987,13665140
15-01-2007,46.40442276,46.78617825,45.59849522,45.80846155,9705900
16-01-2007,46.49349594,46.85828414,45.81906074,46.82859223,12846940
17-01-2007,45.01102066,46.65893014,44.49565312,46.61651358,17386300
18-01-2007,45.00678253,45.55608463,44.59321214,45.17432909,13192660
19-01-2007,45.31853867,45.71726141,44.62289679,44.62289679,9001000
22-01-2007,44.80529404,45.51366384,44.34931036,45.38641093,6886040
23-01-2007,43.8127327,44.75015257,43.62609595,44.75015257,10682440
24-01-2007,44.89649963,45.16796954,44.11390154,44.11390154,6323880
25-01-2007,45.22098923,45.59850215,44.66532479,45.00678348,10185640
29-01-2007,45.06403351,49.20395324,44.55078576,45.38640514,10488760
31-01-2007,45.751194,46.06508039,44.36839232,45.21673635,16488260
01-02-2007,46.82646561,47.12550764,45.24006326,45.81269481,8651320
02-02-2007,46.9176712,47.71935613,46.50198117,47.06188815,18093780
05-02-2007,46.80101776,47.24427673,46.03538716,46.07568402,4368420
06-02-2007,46.20505905,47.11278693,45.85935781,47.11278693,6354440
07-02-2007,46.74163437,47.2782117,45.74058817,46.02266294,10890960
08-02-2007,47.07463074,47.50728494,46.40443791,47.07887013,6671280
09-02-2007,47.24427795,47.50726577,46.14991661,46.16051832,9017100
12-02-2007,46.49137115,47.50726162,46.03750727,46.47016126,8921780
13-02-2007,45.3312645,46.23474972,44.59320286,46.23474972,22695760
14-02-2007,43.14889526,44.46382779,42.63989017,44.46382779,26720800
15-02-2007,44.19024277,45.17007913,43.26979023,43.47763362,15603000
19-02-2007,43.82757187,44.61016975,43.5433774,44.49564473,11822340
20-02-2007,43.75758743,44.10964775,43.52429153,44.08207877,4645380
21-02-2007,43.09587479,43.77454934,42.84137223,43.68971624,22538940
22-02-2007,41.87849808,43.43520836,41.48401803,43.18070584,21479960
23-02-2007,40.64415741,42.36629455,39.23590662,41.54764253,10172580
26-02-2007,40.37056732,41.86577088,39.87216398,41.47129083,7509420
27-02-2007,41.39494324,41.61127186,39.02382335,40.50842533,12713780
28-02-2007,39.6600914,40.21151643,38.17548905,38.42999166,18341040
01-03-2007,41.58158112,41.95061192,39.91458501,40.72051246,12116680
02-03-2007,39.77036667,41.568855,39.1956122,41.568855,13026420
05-03-2007,39.36528778,39.8297567,37.47772343,39.09381792,9433540
06-03-2007,39.36104584,39.99942686,38.61450534,39.40558533,13449560
07-03-2007,38.83507919,40.71628154,38.42999404,40.55085467,9825280
08-03-2007,41.32072449,41.99303686,38.83507578,38.98141567,10255320
09-03-2007,41.43737411,41.95062198,40.56145768,41.69611936,8808060
12-03-2007,40.29846954,41.73217332,40.09062612,41.43737384,9646900
13-03-2007,40.72687912,41.14468885,39.88489734,40.7205168,6891480
14-03-2007,39.57313156,39.82975708,38.81174349,39.28681736,10374460
15-03-2007,38.95595932,41.56886069,38.81174238,40.93260262,10091540
16-03-2007,38.32393646,39.6600788,37.56042887,39.6600788,9597300
19-03-2007,39.22106552,39.57525202,38.38968872,38.59965505,5299660
20-03-2007,40.51903152,40.67809603,39.59645612,39.66008257,18142200
21-03-2007,40.95804596,41.14044004,40.2963387,40.63567758,6889140
22-03-2007,43.51580811,43.77455331,41.39919053,41.95061548,9608520
23-03-2007,42.89015579,43.68972101,42.2475354,43.68972101,11551640
26-03-2007,41.28042603,43.18071834,41.02804312,43.18071834,15065200
28-03-2007,40.65477753,41.27194874,40.3811847,41.27194874,8616320
29-03-2007,39.60706711,40.50631306,39.36316946,40.38117984,51260300
30-03-2007,40.47237396,41.1404436,39.78733705,40.12667273,21617760
02-04-2007,38.23274231,39.10865525,37.95914957,38.60389279,13241560
03-04-2007,38.77781296,39.18501779,38.22426823,38.22426823,13015840
04-04-2007,39.23803329,39.74491875,39.02382758,39.2359136,7502780
05-04-2007,39.98245239,40.21150565,38.93898969,39.23802848,5772400
09-04-2007,41.19347382,41.35678099,39.98246425,40.28362606,4271380
10-04-2007,42.07574844,42.20512105,40.46601621,41.35677691,7468740
11-04-2007,41.54128647,42.28994984,41.35677267,41.99303071,8853740
12-04-2007,40.65053177,41.14469264,40.38118159,41.14469264,7133340
13-04-2007,41.61975861,41.86577591,40.38117388,40.72051278,8401980
16-04-2007,41.3546524,42.3747856,40.98350189,41.99303013,6233680
17-04-2007,41.4861412,42.16269604,41.21467139,41.61127116,14800380
18-04-2007,41.58582687,42.07786475,41.31859966,41.78094562,6378140
19-04-2007,41.67278671,42.07786859,40.72476187,40.99623173,6470360
20-04-2007,42.1881485,42.79895724,41.14468572,41.80215365,7150040
23-04-2007,41.85729599,42.7692665,41.73852834,42.37478638,6792960
24-04-2007,43.0004425,43.4606688,41.40979728,41.85729893,34375140
25-04-2007,43.73213577,44.11389125,43.05346117,43.05346117,32408380
26-04-2007,43.878479,44.32598066,42.68019422,44.09056504,25270200
27-04-2007,43.03648758,44.11388477,41.79154389,41.79154389,7118740
30-04-2007,43.44157028,43.68971048,41.15528375,42.67169716,10217700
03-05-2007,42.61232376,44.11389321,42.41720501,43.47763513,20557680
04-05-2007,42.74592972,43.26553972,42.45961235,42.62928178,8374140
07-05-2007,42.41933441,43.26131638,42.33238158,42.89016575,8307880
08-05-2007,42.04816818,42.41295635,41.87425935,42.41295635,9539920
09-05-2007,42.19239807,42.33237564,41.56886458,42.01424657,4185720
10-05-2007,42.91772079,43.47762768,42.42780268,42.42780268,12945160
11-05-2007,42.10331726,42.8413757,40.6165922,41.84881469,14292300
14-05-2007,42.24329376,43.26343028,42.04605531,42.62929189,15756120
15-05-2007,42.88591385,43.04073573,42.20723602,42.32388398,10986900
16-05-2007,43.92089844,44.31750154,42.7289759,43.26555333,47687660
17-05-2007,44.50169373,45.26399252,44.07676875,44.58497012,23042340
18-05-2007,45.7081337,46.63485114,44.11520512,44.41414518,41166740
21-05-2007,47.26689911,47.91602748,45.9088511,46.12238064,22417600
22-05-2007,47.62136459,48.38152933,47.24341635,47.94165894,15106340
23-05-2007,47.60213852,48.04414623,45.93233922,45.93233922,10822920
24-05-2007,46.59855652,47.87332829,46.1223865,47.21565684,7011260
25-05-2007,45.66116714,46.33592144,45.31525025,45.35368401,13399620
28-05-2007,48.13596344,48.47120639,46.92952282,46.92952282,14364120
29-05-2007,48.87265015,49.15450749,47.87760155,48.12956488,8731440
30-05-2007,47.14946365,48.89827135,46.80568092,48.89827135,13106680
31-05-2007,49.00931168,49.53245851,47.45908479,47.45908479,18391000
01-06-2007,49.25914383,49.75239668,48.72745395,48.98368882,14867460
04-06-2007,49.89759064,50.57234489,49.02639282,49.79509735,9738760
05-06-2007,49.52177048,49.75238277,49.11819978,49.53885323,6234920
06-06-2007,48.1381073,49.6242713,47.74521367,49.53886077,9076620
07-06-2007,47.21351242,48.25340014,47.01919977,47.8049901,6244300
08-06-2007,46.58999634,46.97648416,45.95581354,46.54942522,9823080
11-06-2007,46.86332321,48.17226019,46.54943456,47.21137737,9177920
12-06-2007,46.47043228,47.57437955,45.73802431,47.27543626,3986840
13-06-2007,46.24624252,46.54945417,45.90245973,46.47044926,7293920
14-06-2007,46.82276154,47.83062132,46.54944396,46.93379782,6880320
15-06-2007,47.41851044,47.7452104,46.76297313,46.97650269,7628140
18-06-2007,46.48324966,48.04201608,46.26331448,47.03415631,3837780
19-06-2007,46.97436523,47.39074719,46.12238119,46.12238119,12678440
20-06-2007,46.97862625,47.64056903,46.42985711,46.76296262,13362220
21-06-2007,47.05336761,47.57438019,46.80567258,46.97649685,25488140
22-06-2007,47.10462189,47.73239605,46.84838381,46.84838381,12899220
25-06-2007,46.96796799,47.39502715,46.63699649,47.39502715,7349860
26-06-2007,46.92097855,47.4035541,46.549436,46.549436,14878840
27-06-2007,46.56438828,47.13664588,46.25049959,47.13664588,9577740
28-06-2007,46.86120224,47.08327157,45.9088589,46.72027194,14650180
29-06-2007,48.9730072,49.15450538,46.67756437,46.97650446,18784100
02-07-2007,49.00716782,49.75238715,48.3003855,49.75238715,10032480
03-07-2007,49.13314438,50.09402723,48.68473108,49.39365066,8261500
04-07-2007,49.14382553,49.31892133,48.30038444,49.2826217,5851020
05-07-2007,48.21924591,49.5132345,47.92030258,49.3167877,10347480
06-07-2007,49.46625519,49.79508925,48.05695889,48.603594,10263640
09-07-2007,49.86342239,50.35026952,49.66697559,49.75238611,8755140
10-07-2007,49.08190536,51.22147249,48.86197018,51.22147249,18476240
11-07-2007,49.05841064,49.70967638,48.6420287,49.19720354,8939960
12-07-2007,51.30901337,51.46062078,49.13315002,49.41073583,10772120
13-07-2007,52.37452698,52.95532761,51.36666726,51.50332604,17223940
16-07-2007,52.00085449,52.52827278,51.24709539,52.52827278,6617640
17-07-2007,51.21720123,52.43004759,50.7858706,52.1012135,6528200
18-07-2007,51.24922943,52.08840231,50.22215275,50.82003618,11781200
19-07-2007,51.64212036,52.07771919,50.22214697,50.86700709,19265640
20-07-2007,51.28552246,52.35744165,51.08694156,52.14391211,7446440
23-07-2007,52.54108047,52.73966465,50.84352121,51.17876091,6900560
24-07-2007,53.33541489,53.59592122,51.72326601,52.48129662,9134500
25-07-2007,52.91475677,53.16885746,51.71685588,53.16885746,5462740
26-07-2007,51.98376465,52.84855992,50.86273459,52.84855992,11229180
27-07-2007,49.93815231,50.82003035,49.11606554,50.82003035,13060660
30-07-2007,49.91680908,51.16168688,49.19721221,49.53458932,9495620
31-07-2007,51.27271271,51.66987779,49.15450004,50.39297203,12367440
01-08-2007,49.59651566,50.82003922,47.87546779,50.77306245,19603560
02-08-2007,49.21429825,49.62000642,48.69328554,49.09899371,11486760
03-08-2007,49.32532501,49.92320839,48.59932586,49.83779462,5668700
06-08-2007,48.36444092,48.68473523,47.27543896,48.46693419,13700780
07-08-2007,48.74453354,49.92321776,48.30039161,49.45345333,7850720
08-08-2007,50.04065323,50.92252809,48.89826879,48.89826879,9735040
09-08-2007,49.35308075,50.92679233,48.64202703,50.72821143,9963460
10-08-2007,48.27903366,48.47120896,46.59214822,47.02988446,11183340
13-08-2007,48.49896622,49.06695233,47.92457122,48.68473588,6990060
14-08-2007,49.01142502,49.19719464,48.09965316,48.47546716,3739280
16-08-2007,46.72025681,47.56583183,46.17575591,47.03200806,13261400
17-08-2007,45.61418533,46.88255149,44.89245761,46.53663463,17813000
20-08-2007,47.44199371,48.642032,47.02561174,47.02561174,16216840
21-08-2007,47.14518738,48.17226724,46.93592933,48.17226724,4472260
22-08-2007,47.7195816,47.91176015,46.89322331,47.14732399,10904820
23-08-2007,46.98291016,48.89827062,45.9088567,47.93738758,17498560
24-08-2007,46.8782692,47.91602279,46.12451025,46.92097771,16790980
27-08-2007,47.81354141,48.12529602,47.04269953,47.04269953,11009360
28-08-2007,49.13742065,49.47052624,47.77723842,48.01852786,10280800
29-08-2007,49.6477623,50.39298172,47.85198098,47.87333198,13768500
30-08-2007,50.41859055,51.11896713,49.17798452,49.17798452,18028920
31-08-2007,50.038517,51.03356554,49.45344808,50.09403677,13085820
03-09-2007,50.23923874,52.02861764,49.98086977,52.02861764,7861420
04-09-2007,50.24137115,51.03356729,49.77374413,50.39297858,4634660
05-09-2007,50.07054901,50.57874716,49.4534487,49.77587717,4036960
06-09-2007,50.58942032,50.71753935,49.49615007,49.53885533,3003320
07-09-2007,51.09975815,51.50332888,48.70822774,49.63708263,5225420
10-09-2007,51.08053589,51.50332346,49.96591145,50.00861671,4565040
11-09-2007,50.72607803,51.46062019,50.48478861,51.08053786,3622340
12-09-2007,50.48478317,51.32822739,50.39296704,50.90543659,2501020
13-09-2007,51.82362747,51.97309752,50.47839049,50.47839049,11261480
14-09-2007,52.64357376,53.37811593,51.67415104,51.75956156,8943820
17-09-2007,52.36384964,53.33540973,51.88981379,52.02433844,4804860
18-09-2007,52.57738876,52.73540183,51.3987078,52.1012187,4634780
19-09-2007,56.555439,57.22592498,53.63862753,54.27921625,19943240
20-09-2007,56.63657379,57.1832089,55.9490084,56.6707393,10048500
21-09-2007,56.30559921,56.90347926,55.81661479,56.44225472,7397100
24-09-2007,57.50351715,57.90922859,57.02521294,57.31134182,8850200
25-09-2007,59.63238144,60.17261082,57.43943581,57.50349205,9633320
26-09-2007,58.75053024,59.3612217,58.0843125,59.3612217,15567160
27-09-2007,61.19758987,62.30793998,58.55195478,58.59466331,21646960
28-09-2007,61.30860138,61.6630612,59.9163911,61.43245216,11914540
01-10-2007,60.28578949,61.91075261,59.41245449,61.4965048,14461960
03-10-2007,60.84737396,61.44526057,60.04877559,60.36906989,9845300
04-10-2007,60.20250702,60.58685751,59.27578978,60.12990777,8058100
05-10-2007,59.92279816,60.64239169,59.45516792,60.2153326,5934180
08-10-2007,60.10217667,61.49652469,59.74557937,60.44168795,13414460
09-10-2007,60.69151688,60.85593231,58.34482228,58.34482228,9376780
10-10-2007,60.51213837,61.92356547,59.62171733,61.07799033,9075580
11-10-2007,62.38053513,62.98695836,60.68510973,60.85593078,9010140
12-10-2007,61.18476486,62.39334301,60.67656344,61.71004578,9317820
15-10-2007,64.02469635,65.12650956,61.92356646,61.92356646,22605080
16-10-2007,64.38982391,64.90656822,62.56841738,64.90656822,9401340
17-10-2007,62.46805954,63.40972552,55.73120567,60.05731591,12514880
18-10-2007,59.28435516,62.47875583,58.08431346,61.83816709,12403100
19-10-2007,58.35122681,61.49651991,57.14906073,57.65298742,9959160
22-10-2007,58.58822632,59.66014208,56.84155654,58.88289808,11298040
23-10-2007,63.55493927,64.69945455,59.28861646,59.70286431,17765180
24-10-2007,64.65460968,65.12650813,62.71362699,64.91297859,12287460
25-10-2007,66.36497498,67.42621699,62.57696322,63.84959739,12865860
26-10-2007,66.04467773,66.6169418,63.46951225,65.68168146,6943260
29-10-2007,70.33449554,71.31886356,67.26180246,67.5607425,5857960
30-10-2007,69.20703888,73.3858125,68.85685391,70.67826017,8068040
31-10-2007,70.60992432,71.27613523,67.47531323,67.90237217,8414440
01-11-2007,72.18153381,73.81289625,71.1587254,73.81289625,14329740
02-11-2007,75.61080933,76.86208927,70.0611723,70.0611723,5836120
05-11-2007,73.28546906,74.73533641,71.54520467,74.73533641,9186000
06-11-2007,72.95024109,74.64565978,72.17299037,73.66769727,7367280
07-11-2007,69.04903412,74.63710406,68.75649974,74.63710406,9072080
08-11-2007,66.42263794,67.88531664,65.98063021,67.47533705,10426800
12-11-2007,63.09157562,64.9129824,62.13709829,63.21541989,16731300
13-11-2007,67.2276535,71.74594029,60.85593149,60.85593149,20645840
14-11-2007,74.83356476,76.0165203,69.18357465,70.02914985,23823680
15-11-2007,72.61927795,74.73535699,71.54308699,74.73535699,9536920
16-11-2007,72.0491333,72.72815561,69.69603383,70.4647414,13168660
19-11-2007,70.65905762,72.04486218,70.26402668,72.04486218,17750520
20-11-2007,69.62345123,71.48969759,69.10884419,69.61063998,11291720
21-11-2007,67.51377869,68.88464141,66.83475621,68.88464141,11127660
22-11-2007,67.97498322,68.50026398,66.25393589,68.24403248,9680020
23-11-2007,66.73653412,68.58570099,65.82262781,67.69741719,8636700
26-11-2007,70.18075562,71.47901233,68.76291637,68.76291637,8477140
27-11-2007,69.72380066,70.69963222,68.32945302,69.35439221,11135400
28-11-2007,68.60062408,72.38650468,67.69739842,72.38650468,10708140
29-11-2007,71.5067749,72.34380707,69.5593865,69.5593865,20858060
30-11-2007,73.28974915,74.66487996,72.34380829,72.60004636,12315080
03-12-2007,72.43347931,74.09473861,71.74591404,74.09473861,9809040
04-12-2007,72.67050934,73.79581424,72.20074824,73.79581424,5247320
05-12-2007,73.61644745,74.22287057,72.38651519,72.81357428,16401940
06-12-2007,72.17084503,76.01651402,71.41281779,74.30827775,10360420
07-12-2007,73.44561768,74.30827883,73.02710161,73.02710161,11839500
10-12-2007,72.08545685,73.88124157,71.63491252,73.45418237,8191940
11-12-2007,76.04001617,76.65711979,71.959469,72.08758805,7261500
12-12-2007,76.18949127,76.81940616,73.49688631,75.88841377,14992920
13-12-2007,75.00653076,75.9268427,74.47911246,75.80299841,7964560
14-12-2007,73.64419556,75.37591675,72.60003313,75.37591675,9556480
17-12-2007,71.89753723,73.41146105,71.10534438,73.41146105,9451120
18-12-2007,70.9665451,72.81357435,69.03623621,71.23345703,13267720
19-12-2007,70.59500122,72.60004682,69.71953528,72.60004682,11025860
20-12-2007,70.15298462,70.88538925,69.45047073,70.46473587,11873800
24-12-2007,72.52104187,72.81357631,70.47756252,71.15445406,6793060
26-12-2007,72.88832092,73.24064341,71.74593641,72.5210498,4321680
27-12-2007,74.54317474,75.07699867,73.02711348,73.02711348,8729880
28-12-2007,73.89404297,74.22288033,71.19930082,72.55734577,6754740
31-12-2007,73.8427887,74.73534063,72.94169376,74.73534063,3779240
01-01-2008,73.85986328,74.26556809,72.81356989,73.88121754,2621040
02-01-2008,73.25344849,74.08621245,72.18580071,74.05204694,12479500
03-01-2008,72.36090088,73.02711209,71.58365013,73.02711209,14037280
04-01-2008,72.44629669,73.19791827,72.34380017,72.72815723,7459640
07-01-2008,70.69536591,71.67760321,68.85474209,70.50746536,12644920
08-01-2008,73.27266693,73.57374439,71.31887277,72.13028249,18334980
09-01-2008,74.50473785,75.46134612,72.61286254,73.21928572,20098380
10-01-2008,73.53956604,76.76813137,72.81997259,76.42221459,17222000
11-01-2008,75.35669708,75.93109196,73.5438337,73.79579695,8302200
14-01-2008,76.15103149,77.93827248,73.55237445,75.76026883,23350920
15-01-2008,76.39873505,77.7375629,75.44212037,77.7375629,12456840
16-01-2008,71.47901917,74.24849778,70.47756502,72.38651978,24563400
17-01-2008,70.19141388,71.23343883,68.85044895,70.9814756,26713380
18-01-2008,67.09098053,69.43980535,66.43330593,67.52230783,19934820
21-01-2008,64.36207581,67.90239266,63.20474285,67.90239266,14869780
22-01-2008,60.91570663,76.0165159,57.69568405,64.01188495,23290120
23-01-2008,65.52368164,72.60005482,58.93416215,64.87028167,18665740
24-01-2008,64.50299835,69.90956768,62.99121213,65.34003699,16283820
25-01-2008,68.69032288,71.74593028,65.13078234,65.93792379,12144620
28-01-2008,67.91094208,68.32945818,61.06945325,66.19416262,11916140
29-01-2008,65.65395355,69.48253813,64.06743001,68.27823445,12190420
30-01-2008,65.46601868,67.21909432,64.27238937,67.21909432,7930220
31-01-2008,67.02906799,67.89813491,64.70159699,65.85251798,12793700
01-02-2008,67.09098053,67.59490709,63.42681304,67.26180155,14574460
04-02-2008,66.08312988,69.34586126,65.16922364,69.34586126,10982600
05-02-2008,64.58201599,68.21842402,64.06953985,66.62122062,12142820
06-02-2008,64.06314087,64.68878748,61.98336489,64.05460438,15731880
07-02-2008,63.70868301,64.57134435,63.29016686,64.01616613,33430640
08-02-2008,61.57978058,64.18697416,60.77050188,63.67450462,7761320
11-02-2008,60.24736786,62.73498609,57.68288211,61.57979683,13853780
12-02-2008,60.11497879,61.71004492,59.2010725,61.06945622,9261840
13-02-2008,62.71363068,63.54639461,61.06945055,61.48796664,11688240
14-02-2008,65.61550903,66.40770198,64.01616799,64.01616799,12665300
15-02-2008,66.71733093,67.26182885,63.73004718,64.91300308,10884640
18-02-2008,66.48669434,67.90239628,65.77991205,67.38992667,3478480
19-02-2008,67.12944031,68.23125388,66.41411481,68.1586546,5489420
20-02-2008,65.6475296,67.04828302,64.44321973,67.04828302,7939100
21-02-2008,65.80339813,67.04827243,63.93714561,65.76709525,5978400
22-02-2008,62.96132278,65.75429307,62.35276875,62.79476999,9438340
25-02-2008,60.71712494,64.47737694,59.58968925,64.01188412,27321760
26-02-2008,62.13282394,62.75419565,61.71003314,61.92356266,12350240
27-02-2008,62.02178955,63.48660561,61.55202846,62.77768596,9212020
28-02-2008,62.88658524,63.67450974,62.00897546,62.73070633,12499920
29-02-2008,62.21182251,62.96130664,60.28791959,62.35061538,13693900
03-03-2008,59.35694885,61.06945356,58.16972503,61.06945356,10176000
04-03-2008,57.72770691,59.57473595,55.22940892,59.57473595,16964140
05-03-2008,56.91630173,57.72771797,56.38247783,57.31133272,12435040
07-03-2008,54.75965118,56.79885561,53.67918901,56.79885561,18383840
10-03-2008,56.00880432,56.73907833,52.31901682,54.0229819,15564540
11-03-2008,56.93550491,57.69566936,54.24502885,54.8813458,20753240
12-03-2008,58.53059006,61.48797604,57.49924505,59.53204431,12473880
13-03-2008,55.48138809,57.43945721,54.90486213,57.22592763,8559700
14-03-2008,56.17748642,56.62376238,54.45003321,55.30415137,9006800
17-03-2008,52.35744858,54.45003896,51.03356593,53.16886157,17274360
18-03-2008,52.56884384,52.86992131,49.77587676,52.27203788,24222920
19-03-2008,54.34754181,57.01025229,53.16885778,54.45003508,25308920
24-03-2008,57.30706787,57.69569326,54.88350591,54.88350591,12884240
25-03-2008,60.38616562,61.28299251,58.29357824,58.50710783,17537260
26-03-2008,61.46234512,62.20756117,59.6430757,59.83951923,24661680
27-03-2008,61.20611572,62.65811411,59.19039617,59.83952134,17155740
28-03-2008,60.08722305,60.90931325,58.33628439,60.85593085,12130140
31-03-2008,56.8522377,59.78826876,55.10343032,59.78826876,23602140
01-04-2008,55.92553329,57.22592766,54.23651353,56.37394672,15136540
02-04-2008,56.71344757,59.83098018,55.8593294,58.9341535,13423660
03-04-2008,56.84796524,58.44303098,55.73547177,56.58532159,11518100
04-04-2008,55.2550354,56.37393459,54.90271297,56.37179721,23299320
07-04-2008,55.66289139,56.48284422,54.5867037,55.00522312,12104000
08-04-2008,55.88282013,56.58533422,55.09489552,56.58533422,14698460
09-04-2008,58.92775345,59.7455688,55.34899591,55.90203669,15735320
10-04-2008,56.65152359,58.73129929,56.41877717,58.73129929,10847260
11-04-2008,56.8010025,57.86651296,55.60309824,57.61027487,8359040
15-04-2008,55.65861511,56.95687195,54.46284829,55.95755519,17942760
16-04-2008,55.87214661,56.96968518,55.55612051,56.83943527,11031900
17-04-2008,59.83951569,60.4288593,56.28638756,56.28638756,36265280
21-04-2008,62.38265991,62.96773534,59.01956933,60.00180661,17950720
22-04-2008,64.41119385,64.76138547,60.99258984,61.92357565,13991420
23-04-2008,61.72499084,64.43468145,61.31288036,64.43468145,10959740
24-04-2008,61.60754395,62.77555085,60.13419134,62.77555085,24423020
25-04-2008,64.07594299,64.40051207,61.9449223,62.12428634,10903280
28-04-2008,65.05606842,66.15146983,64.07596179,64.07596179,23126160
29-04-2008,66.47109222,66.95208007,64.47841985,65.23425884,11831380
30-04-2008,65.45544434,66.48399189,64.6330401,66.48399189,16181420
02-05-2008,66.15331268,67.72297834,65.79257169,66.35086507,11967760
05-05-2008,65.64439392,66.94564307,65.11401632,66.13612212,8403100
06-05-2008,66.25852966,66.56558871,65.49195018,65.49195018,8619960
07-05-2008,66.2177124,66.65145989,65.07750913,66.11464077,6881160
08-05-2008,64.77690125,65.4232271,62.36550707,64.41830314,11781360
09-05-2008,62.37838745,68.71285365,61.97899713,67.09595457,12408460
12-05-2008,63.04618454,63.42625669,61.25535666,61.25535666,5235260
13-05-2008,63.57013321,64.20358255,62.70263802,63.97597171,10483240
14-05-2008,62.90662384,63.33178704,62.2710317,62.91521478,12053760
15-05-2008,63.49496841,63.84926772,62.36979108,62.36979108,4635880
16-05-2008,64.43547821,65.60789604,64.07473729,64.84775823,9818520
20-05-2008,62.75201416,64.63303071,62.27102626,64.41830303,12626240
21-05-2008,60.55534744,62.27531148,59.79950191,62.27531148,28917680
22-05-2008,59.4258728,60.46730314,58.01940942,60.46730314,10268020
23-05-2008,59.32926178,60.58756953,58.9255792,60.46732254,13286840
26-05-2008,57.87339783,59.32925113,57.37523463,58.83538012,7817180
27-05-2008,57.23352432,58.83539117,56.64516595,58.61637127,12565100
28-05-2008,58.03445816,58.43170575,56.55927978,57.31941774,8254020
29-05-2008,56.6687851,59.04152343,56.00097858,58.620659,12834520
30-05-2008,58.7795639,59.38938984,55.8721553,55.8721553,13161520
02-06-2008,56.28013229,59.26484606,55.57152694,59.26484606,9821940
03-06-2008,54.3862381,56.25866413,53.53162267,56.25866413,10400820
04-06-2008,52.17882538,54.54082982,51.36715502,54.54082982,9689180
05-06-2008,53.60247803,55.39545567,50.69291697,52.39356,21232940
06-06-2008,52.9282341,54.75341962,52.30767115,53.68192718,19993160
09-06-2008,50.83034897,51.53680176,49.77388892,51.53465567,11123780
10-06-2008,48.62938309,51.31562547,48.0990054,50.24628243,31157420
11-06-2008,51.37788773,51.95335628,48.19777163,49.17263376,25568940
12-06-2008,49.88338089,50.45241114,48.15267652,49.6579162,24675380
13-06-2008,48.19132996,50.39658407,47.819852,49.49043303,14506540
16-06-2008,49.35516739,50.33217589,48.52846436,48.85485141,20103260
17-06-2008,52.12085342,52.60828622,49.38737074,49.38737074,25744440
18-06-2008,50.17757034,52.90890711,49.91989774,52.90890711,21475980
19-06-2008,48.22570038,49.60210592,47.75544612,48.197788,11940000
20-06-2008,47.16493607,48.87202383,46.92014663,48.1848926,12981700
23-06-2008,47.04898834,48.09471123,46.16645733,46.16645733,14868460
24-06-2008,45.50723267,47.62230149,44.74924427,46.38117584,7222820
25-06-2008,46.13854599,46.45849149,43.59617047,44.66336754,25943520
26-06-2008,45.54374313,47.1885547,44.66765379,46.4198292,27974340
27-06-2008,43.87315369,45.04986026,42.77374592,45.04986026,20918020
30-06-2008,43.26334381,43.6069095,42.73081994,43.37500315,13423280
01-07-2008,41.45318985,43.58973016,40.8004157,43.58973016,20463360
02-07-2008,44.13083649,45.09281564,41.14182739,41.44244485,18080340
03-07-2008,42.27773285,43.80444679,40.58353158,43.71855703,34043780
04-07-2008,42.95842743,43.24616179,42.21976354,42.35074758,28030260
07-07-2008,43.1774559,45.09282702,42.78664983,42.94554954,27912660
08-07-2008,43.02069473,44.22102175,41.22771718,42.94553873,24163840
09-07-2008,45.44711304,45.81859429,42.95841996,44.19095805,46627720
10-07-2008,45.27318573,46.23087268,44.28973251,45.09281526,26190300
11-07-2008,45.85725403,46.16646249,44.4529361,44.87809609,21049640
14-07-2008,44.30477142,45.95173266,43.42868192,45.85725194,19296800
15-07-2008,39.43045425,43.79586941,39.16419069,43.79586941,37121580
16-07-2008,38.80559158,40.36880903,38.32030814,39.42400843,21831700
17-07-2008,41.16974258,42.04368593,40.71237479,40.74672874,46489000
18-07-2008,44.42715454,44.79219421,41.81606851,41.81606851,56678300
21-07-2008,46.54007339,46.97811637,44.88666782,45.09280781,24730240
22-07-2008,47.29592514,50.46315892,45.95387693,45.95387693,45148360
23-07-2008,51.73220062,52.17883466,48.76466531,48.76466531,47566960
24-07-2008,52.1315918,53.6389812,50.91194001,53.42425349,26460660
25-07-2008,48.37600327,51.30703841,48.0131162,49.5247978,40124160
28-07-2008,48.40821838,49.58922086,47.66955449,48.37600726,29768040
29-07-2008,44.20383835,48.08611502,43.07437198,48.08611502,49470820
30-07-2008,46.98456573,47.4548199,44.8780876,45.09281529,36235540
31-07-2008,47.16064453,48.47692307,45.44711517,47.24009273,36079500
01-08-2008,47.59654236,48.31373208,44.07286005,47.01248276,61370000
04-08-2008,47.61585999,48.71956006,47.03824204,47.67812957,20113860
05-08-2008,50.86899185,51.31992134,47.15420519,47.250832,41716340
06-08-2008,52.23895264,55.54146559,51.43586989,52.04999122,66547600
07-08-2008,53.79573059,54.32610827,51.53464816,51.53464816,37795060
08-08-2008,55.10342407,55.61447707,52.65123401,53.68192768,42487040
11-08-2008,56.32308197,57.36666216,55.4427035,57.10898626,53257300
12-08-2008,54.32825851,56.6881173,53.90524465,56.34455165,27192080
13-08-2008,52.27975464,53.68192629,52.06288084,53.30615281,24319980
14-08-2008,50.4524231,52.27975469,50.03155535,52.27975469,19485840
18-08-2008,51.68710327,52.55674779,49.83400227,50.20333416,30093880
19-08-2008,51.8288269,51.96410641,50.08738503,51.10519556,18360480
20-08-2008,53.17515945,53.59602712,51.59476369,52.05857624,21819080
21-08-2008,50.08952713,53.25246496,49.83829614,52.90889936,13882360
22-08-2008,51.27698135,51.44876419,49.43032161,49.81683217,20124380
25-08-2008,51.86532211,53.32976646,51.71716277,51.96839376,15062700
26-08-2008,53.73775482,54.19727198,51.35212986,51.53464973,28607800
27-08-2008,52.99479675,54.45494576,52.65123112,54.274572,28482020
28-08-2008,52.097229,53.58314417,51.44875377,52.82300962,27136360
29-08-2008,54.82856369,55.60158463,53.08927149,53.08927149,24888920
01-09-2008,55.75619125,56.25865325,53.66044696,53.66044696,14423480
02-09-2008,57.53199005,59.52251999,55.1893101,55.93227265,57122060
04-09-2008,55.96018219,57.39241882,55.28379125,55.83779238,50381320
05-09-2008,53.61750793,54.97029315,53.25247149,54.75556544,47930240
08-09-2008,55.87644958,56.64517197,55.44055256,55.57153333,34216720
09-09-2008,55.55435181,56.40897043,54.3819371,54.54083678,35867160
10-09-2008,54.78562164,55.39115201,53.68192147,55.39115201,33393840
11-09-2008,53.8107605,55.13777605,53.59603281,54.32825174,24340400
12-09-2008,53.454319,54.74268532,52.52240148,53.90309915,26068580
15-09-2008,51.68065643,52.17882622,49.63859738,51.7601079,34826660
16-09-2008,52.83804703,53.42425273,46.19866362,49.3873713,28293580
17-09-2008,50.99139023,53.59603843,50.04444023,53.58315202,33372980
18-09-2008,52.55460358,52.99479601,46.68179978,50.62849588,54211440
19-09-2008,55.80987549,56.00097973,53.90309253,54.12211569,36326260
22-09-2008,55.85926056,56.77614537,55.06476554,56.08687137,22754180
23-09-2008,52.98406219,55.47490493,52.49233718,54.75986127,22109880
24-09-2008,54.9960556,55.61447241,53.63038735,53.63038735,26159940
25-09-2008,55.85711288,56.46478934,54.45923358,54.7598543,34824680
26-09-2008,53.45001984,55.8292032,52.831603,55.82705382,26172660
29-09-2008,51.54968262,54.41200009,50.89905465,54.41200009,28521460
30-09-2008,52.81013107,53.38774911,48.95791561,48.95791561,46326400
01-10-2008,55.62519073,56.04391224,52.02421069,53.16656327,27338800
03-10-2008,54.78776932,56.20282402,54.25524556,54.97028917,27906840
06-10-2008,51.65275192,54.11138358,51.20397179,53.68192815,30037180
07-10-2008,48.47907257,53.6819237,46.94376759,52.82945449,57285380
08-10-2008,47.49990463,48.5713935,41.87189152,46.98241021,67626300
10-10-2008,44.99618912,47.15420311,41.87619597,44.66765601,90773920
13-10-2008,50.37726593,51.1051927,45.05416768,45.97320197,44092840
14-10-2008,49.00086212,53.59603702,48.356679,52.60828826,43950620
15-10-2008,48.81834412,49.55485856,47.36893213,47.88427731,32890720
16-10-2008,46.95236206,48.15483528,44.70630876,47.19715152,54627240
17-10-2008,44.07715988,49.17264775,43.1602716,48.44257481,34234280
20-10-2008,46.39621735,47.79194745,44.27685264,44.44863547,24365620
21-10-2008,46.79131699,48.18489775,46.04191608,47.24009712,30895360
22-10-2008,45.02840424,47.45482824,44.66336775,45.95173413,25920440
23-10-2008,46.1342392,48.01310623,42.81884359,44.01917043,34135140
24-10-2008,41.78171158,45.09281195,39.61081464,45.09281195,63935240
27-10-2008,40.03812408,40.79825862,37.01905019,40.79825862,34216220
29-10-2008,40.83906555,42.94339786,39.52493296,42.51608852,47965580
31-10-2008,43.91611099,45.5222733,41.44244692,41.44244692,58745580
03-11-2008,45.97533798,47.15419398,44.66335189,45.31397642,43100720
04-11-2008,47.7833519,48.60361323,45.09925581,46.35756019,42095380
05-11-2008,47.16923141,50.16038985,46.38118118,49.17478726,30025520
06-11-2008,45.61889648,47.45481886,44.28973158,45.52656515,26108760
07-11-2008,46.80204773,47.88427382,44.31979294,45.77994185,27560740
10-11-2008,47.27016068,47.87139895,45.20018556,47.66955437,36987140
11-11-2008,43.94831848,46.72474938,43.59616518,46.46707351,24708200
12-11-2008,43.23112869,45.56521777,42.61056576,42.94768655,38022440
14-11-2008,43.32990265,45.4793291,43.04860988,44.27685263,35778060
17-11-2008,40.21635056,43.58113659,38.92154275,43.42223691,71692220
18-11-2008,39.29946518,39.97156066,38.03471914,39.50989741,50241820
19-11-2008,37.98747635,41.82895458,37.36691346,39.72462257,48777380
20-11-2008,35.26688004,36.92028274,34.7429439,36.92028274,64849280
21-11-2008,36.78071213,37.27673595,34.27054767,35.64694995,62015900
24-11-2008,35.60614777,36.80647479,34.69999664,36.71843565,36073340
25-11-2008,35.87670517,38.0068036,35.57179222,36.28898197,48339900
26-11-2008,38.91080856,39.70315104,35.85952646,36.50370957,48547600
27-11-2008,38.91080856,38.91080856,38.91080856,38.91080856,0
28-11-2008,39.62799454,40.19702159,33.99353896,34.78803073,55185040
01-12-2008,38.60159683,41.65717087,38.22152791,39.72462171,42957000
02-12-2008,38.04545212,38.42552106,36.29327659,37.78992891,34729680
03-12-2008,37.80924988,38.73687174,36.98040091,38.73687174,39434520
04-12-2008,39.16418839,39.45407212,37.44851274,37.44851274,35790980
05-12-2008,38.23441315,40.19702416,37.14789153,39.50989619,39840780
08-12-2008,38.56509781,40.97004749,37.88226199,39.70100595,49286640
10-12-2008,39.67093658,40.36665541,38.77981807,38.77981807,64598740
11-12-2008,39.44762802,40.75531895,38.74331814,39.72462532,44658380
12-12-2008,39.50775146,39.93935297,37.62029311,38.86571445,32151040
15-12-2008,40.55132294,41.17188579,39.72462007,40.16051699,30706780
16-12-2008,42.29920959,42.90259389,40.03812724,40.23996852,37878500
17-12-2008,43.04001617,43.80444618,42.43019036,43.08296105,51596780
18-12-2008,45.46429062,45.9474279,42.64491842,42.86393829,39705300
19-12-2008,45.18299866,46.56799156,44.345562,45.1357583,40583380
22-12-2008,43.7400322,45.73700048,43.28910599,45.17870714,23885380
23-12-2008,42.07804108,43.71856056,41.79245285,43.4608847,26338860
24-12-2008,42.26700211,42.94554246,40.45469969,42.70504847,27097480
26-12-2008,41.77742386,43.80015855,41.48539403,42.73081544,16777140
29-12-2008,43.04645538,43.37498845,41.05592901,41.07310761,26060580
30-12-2008,43.76150894,44.41857522,42.74369839,42.90474418,37710760
31-12-2008,42.87467575,44.31979213,42.44951586,44.31979213,20786740
02-01-2009,43.61763763,44.31979484,43.0829645,43.80444968,20937040
05-01-2009,44.83943939,45.07134242,44.15016204,44.23390571,20118160
06-01-2009,47.25726318,47.7983778,44.40568016,44.84157704,36579860
07-01-2009,43.34278488,48.32446656,42.77375455,47.88427415,75564760
09-01-2009,43.69708633,45.39343383,41.87190091,42.94553939,42827140
12-01-2009,43.10443878,43.89033966,42.51608372,43.46088427,36113140
13-01-2009,42.46669006,43.4608769,41.876189,42.94553183,25056220
14-01-2009,41.98141098,44.86520566,41.52404321,44.86520566,56650340
15-01-2009,39.71603012,41.22771143,38.95374626,41.22771143,58494980
16-01-2009,40.26358795,40.56420868,39.60437565,40.28291593,15617600
19-01-2009,40.41604996,40.99151865,40.00377315,40.75532013,20296900
20-01-2009,39.18566895,39.72463443,38.73688545,39.72463443,16022220
21-01-2009,38.19791031,38.94301569,37.79207509,38.94301569,39520800
22-01-2009,38.67246628,39.38106518,37.87797104,38.65099219,32599200
23-01-2009,37.46783066,39.13626222,37.15218073,38.33318287,31859400
27-01-2009,38.19791031,38.82061933,37.79207509,38.52214796,24549860
28-01-2009,39.15559387,39.32952277,38.45128734,38.56509275,26349180
29-01-2009,39.65805054,40.26358081,39.08043263,39.72032011,46873960
30-01-2009,39.75039291,40.15408206,38.32460104,38.32460104,14969020
02-02-2009,38.16570282,39.53137113,37.66323751,39.50989705,26159440
03-02-2009,38.57367706,39.07184681,38.22152383,38.451284,22960400
04-02-2009,38.04330444,39.6194049,37.88440477,39.08043958,75987120
05-02-2009,37.97459793,38.63810579,37.79637353,38.43411511,21546020
06-02-2009,38.58226776,38.8571222,38.06692264,38.35036475,23419660
09-02-2009,39.48628235,39.59579231,38.77982955,38.99455729,20581120
10-02-2009,40.66942978,41.14827496,39.56787878,39.73536614,16643980
11-02-2009,40.13260269,40.495493,38.95160043,39.81051117,18642780
12-02-2009,40.10469055,40.41174957,39.70529693,40.16266467,14280640
13-02-2009,40.54703522,40.96575361,40.23997288,40.36881082,15215800
16-02-2009,39.25007248,40.36880517,38.99454928,40.36880517,27995360
17-02-2009,37.80495453,39.26939887,37.37335307,38.95159954,34365340
18-02-2009,37.63746643,38.13563621,37.1457415,37.57734294,15660980
19-02-2009,37.98747635,38.31600945,37.54943003,37.96385617,17921580
20-02-2009,37.21230698,37.7448307,36.65830918,37.62028825,19994900
24-02-2009,36.69695282,36.93315454,35.85951632,36.63253715,15370420
25-02-2009,37.11783218,37.42059904,36.94175389,37.14359846,21852620
26-02-2009,37.56875992,37.91447165,36.11719857,37.20372021,64875240
27-02-2009,38.20005035,38.56079454,36.20308569,37.40555865,27103880
02-03-2009,36.31903839,37.66108634,35.96688514,37.49574512,37138220
03-03-2009,35.70920944,36.21167137,35.21533518,35.9432618,33429840
04-03-2009,36.03130722,36.50370749,35.64479672,35.6877416,34239980
05-03-2009,34.41656113,36.69696863,33.97636861,36.49083183,48449580
06-03-2009,34.43372726,35.55675199,33.23984201,34.35642518,47417080
09-03-2009,34.30274963,34.98773151,33.59414758,34.31348667,35178920
12-03-2009,34.29845428,35.81658068,33.97636274,35.00061477,57410880
13-03-2009,35.82731247,35.9368224,34.88250877,35.00060964,91452600
16-03-2009,36.28253937,36.61536795,35.50093068,36.07425324,54510220
17-03-2009,35.56534958,36.89021908,34.74723758,36.24603599,41847020
18-03-2009,36.20309067,36.93316352,35.73927806,36.06995727,37820820
19-03-2009,35.74785614,37.06199151,35.17238764,36.44787033,48852220
20-03-2009,36.04418945,36.14725782,34.82882997,35.63835426,40572140
23-03-2009,38.00680161,38.64239702,36.16014214,36.669049,40899460
24-03-2009,40.44181824,41.82896076,39.08044527,39.34885492,75401080
25-03-2009,41.74950027,41.95349419,40.23996498,40.70807302,35818000
26-03-2009,42.66209793,43.16026777,41.87834314,42.4301949,46312840
27-03-2009,43.00780869,43.50383241,42.12527773,42.1295732,45761560
30-03-2009,40.60500717,42.08662691,40.39886715,42.08662691,26509680
31-03-2009,41.80318069,42.4258929,38.83994151,40.88414654,74405400
01-04-2009,42.94553375,43.16026142,40.86697149,42.30135075,25893640
02-04-2009,44.51520157,45.17441722,43.41794283,43.41794283,35591320
06-04-2009,45.70049667,46.16645539,44.67409853,45.30754459,26945760
08-04-2009,44.95324326,45.73699801,42.61485884,45.73699801,53028520
09-04-2009,44.85232162,46.38118175,44.32409006,45.68546285,29772380
13-04-2009,47.16923141,47.88212892,44.66335966,44.66335966,34222020
15-04-2009,46.49928665,47.44194118,44.77072792,45.30110563,62675520
16-04-2009,45.78424835,47.57293079,45.40417934,47.18856631,39041500
17-04-2009,46.03332138,47.15420014,45.37410583,46.55296198,47042120
20-04-2009,45.82718658,47.24009528,45.01766222,45.95172905,22931780
21-04-2009,46.68608475,47.24008247,44.44003539,44.6633507,30096100
22-04-2009,46.78272247,47.3410158,45.73699963,46.81063812,24182440
23-04-2009,46.91800308,47.24009464,45.7584748,47.02536693,28823100
24-04-2009,47.68028641,48.22354723,46.25234524,47.24009397,37310260
27-04-2009,47.90145493,48.9557687,46.81063783,47.24009323,28785580
28-04-2009,46.03118134,48.39962788,45.65111562,48.02385436,29601760
29-04-2009,47.25512695,47.66954985,46.037618,46.63885622,42856300
30-04-2009,47.25512695,47.25512695,47.25512695,47.25512695,0
04-05-2009,51.50888062,51.83526435,48.1097408,49.38951603,45266140
05-05-2009,51.24475861,51.96195153,50.03154855,51.82667205,30463880
06-05-2009,50.33001709,51.49169454,49.85976298,51.10947956,24286180
07-05-2009,50.51898575,51.01930167,50.1024135,50.67573605,15457680
08-05-2009,49.13183975,50.46100461,47.86494776,49.81682157,45138660
11-05-2009,49.25853729,51.00642079,48.87203002,51.00642079,33836720
12-05-2009,51.33280945,51.7042875,48.92571348,49.12970417,34608840
13-05-2009,50.00148392,51.48310349,49.25852476,51.31991164,47519520
14-05-2009,49.97357559,50.2033358,48.15268565,49.48399671,19203300
15-05-2009,50.88831711,51.19108066,49.69657776,50.46100782,41519920
18-05-2009,59.18324661,66.12324733,54.16076593,54.16076593,271500
19-05-2009,60.63050842,64.37535992,51.80520218,59.78018859,99306960
20-05-2009,59.29061508,60.59616325,58.01943069,59.99492172,29037980
21-05-2009,58.87833023,60.33847578,57.29793116,59.02434347,38176700
22-05-2009,58.82893753,59.86177706,57.59640285,58.36297562,18276080
25-05-2009,58.56053543,59.68785579,57.82187166,59.0501143,16761340
26-05-2009,57.37524033,59.77804366,56.9028368,58.77097029,24951620
27-05-2009,60.5145607,60.93971734,58.71729094,58.83968074,53941080
28-05-2009,61.83943558,62.42993682,59.4366318,60.16671131,70308860
29-05-2009,62.03482437,62.69618928,61.02560822,62.03912312,30721400
01-06-2009,61.56888199,63.73118517,60.84310124,62.44281884,22222360
02-06-2009,60.02927017,62.27102769,59.22189199,61.60537057,19577240
03-06-2009,58.86759186,61.3262264,57.88628479,60.98266081,28659520
04-06-2009,59.64276505,60.11086983,58.06236585,58.44887962,24262960
05-06-2009,60.92253876,61.45506577,59.48601003,60.07651116,20214840
08-06-2009,60.12590027,61.1973893,59.47956785,60.98266162,15709480
09-06-2009,60.99339294,61.41211453,59.18753898,59.69000095,12893300
10-06-2009,64.47199249,66.52263942,61.62685044,61.85231191,32476460
11-06-2009,66.84472656,67.42449394,64.47413761,65.49194475,36272980
12-06-2009,65.62723541,67.8110127,65.10544862,67.27419339,23487560
15-06-2009,65.83765411,67.01651359,64.50419699,65.43611438,18419340
16-06-2009,66.40239716,66.56559232,63.83854769,64.7618808,27458080
17-06-2009,66.34011841,68.02572543,65.27721379,66.13612449,35711420
18-06-2009,65.48550415,67.19688411,64.70819096,65.70667341,31335520
19-06-2009,66.94565582,67.37726062,65.49195158,65.9256992,17830440
22-06-2009,66.69713593,68.23586734,65.88022485,68.23586734,20433060
23-06-2009,64.20533752,65.46960634,62.94755187,65.46960634,29413000
24-06-2009,63.00591278,66.41619335,62.72496047,66.41619335,23783620
25-06-2009,63.29981613,64.82126118,62.93242613,64.82126118,39782340
26-06-2009,64.76073456,64.8860778,63.58075374,63.96975637,36775320
29-06-2009,65.17137146,66.25626193,64.48845007,65.05034808,36200480
30-06-2009,64.53814697,65.91479257,63.93735011,65.86941046,20584840
01-07-2009,64.94226837,65.61222321,64.1059081,64.74776706,11854560
02-07-2009,64.85582733,65.22321726,63.33221933,65.22321726,13585200
03-07-2009,65.51496124,65.91477348,64.09941711,64.3976555,19610540
06-07-2009,61.54711914,66.90890793,60.51193104,65.91478203,30500820
07-07-2009,61.69191742,62.66011078,60.72805056,62.24084898,20679740
08-07-2009,59.44432831,61.16027434,58.79382293,61.14730803,21619400
09-07-2009,60.50761414,60.90093669,58.99913569,59.47458924,11691480
10-07-2009,59.59778214,61.15164302,58.79600068,60.72806124,21467820
13-07-2009,59.3795166,59.72962041,58.3508113,59.21526776,15282560
14-07-2009,58.89323425,61.79996389,58.0136486,60.12940672,51070240
15-07-2009,59.72312927,60.0797162,57.61817358,60.0797162,42583380
16-07-2009,60.09915924,60.81449626,58.86946969,60.51193789,28846400
17-07-2009,62.09606171,62.62338064,59.39031554,60.07972005,24977340
20-07-2009,63.69961548,64.22909753,61.38935578,62.7162992,22513560
21-07-2009,63.144207,63.9524781,62.74439465,63.40786643,16773220
22-07-2009,62.46346283,63.69747259,61.93830711,63.53755025,29869220
23-07-2009,63.06424713,63.54834054,62.0096094,63.09017976,25878520
24-07-2009,62.67090988,63.45108501,61.7653915,63.10530122,22111200
27-07-2009,61.95558167,63.53753828,61.5925116,62.97564037,19702420
28-07-2009,61.56873703,62.45696264,60.38226637,62.41373719,32996480
29-07-2009,61.32020187,62.14143927,59.86359521,62.14143927,19905200
30-07-2009,63.2933197,63.62397393,60.46870753,61.3201974,37241540
31-07-2009,64.79530334,65.24481758,63.72121646,63.97622941,25795680
03-08-2009,64.55110931,65.22322088,63.11178888,64.83421821,10928980
04-08-2009,63.49648666,65.16920778,62.94971822,65.05034766,19447220
05-08-2009,62.58014679,63.91356678,61.97286684,63.91356678,21808440
06-08-2009,61.09978104,62.88920559,60.59839472,62.24086327,33306200
07-08-2009,60.0883522,61.63572959,59.60425225,60.94416199,28488020
10-08-2009,59.44649887,61.16460177,58.78302709,61.11705641,27679720
11-08-2009,59.61074066,59.98894028,58.78302668,59.43136889,20270720
12-08-2009,60.7820816,61.03061146,58.56691241,58.99914054,18392820
13-08-2009,61.57307053,62.02042831,60.73886665,62.02042831,20531280
14-08-2009,61.69191742,62.62985164,60.98739007,62.62985164,12256400
17-08-2009,60.77992249,61.40881526,60.29582905,60.90094584,26981300
18-08-2009,62.27975082,62.88487417,60.55516477,60.55516477,25274500
19-08-2009,62.66228485,63.09234979,60.9874006,62.28192193,22003460
20-08-2009,63.97193909,64.40200405,62.8892053,63.06209395,14477600
21-08-2009,63.36247635,64.18587032,62.47208755,63.92653083,20833940
24-08-2009,64.17076111,64.91203092,63.40787856,64.74778868,12741880
25-08-2009,64.27016449,64.79099358,63.12691925,63.47270307,9548980
26-08-2009,63.13123703,65.64248131,62.67523954,64.74777254,13106840
27-08-2009,62.97563934,63.19175342,62.41374144,62.67308096,14838040
28-08-2009,63.00804901,63.32141702,62.02473272,62.88918892,9175820
31-08-2009,63.58076477,64.1015939,62.02474076,62.02474076,13194940
01-09-2009,62.50452042,64.26584902,61.71354202,63.97193701,12314080
02-09-2009,62.1868248,62.75304262,61.60764066,61.89723273,6342740
03-09-2009,62.04203415,62.58664591,61.59251971,62.45697613,10059660
04-09-2009,62.85677719,63.10530705,61.59250859,62.02473672,10667720
07-09-2009,63.42516708,63.79688359,62.59528975,63.1074791,15236680
08-09-2009,62.96916962,64.05406671,62.67309433,63.73853535,14822620
09-09-2009,63.77310181,64.05621072,62.91512866,63.31277777,27106000
10-09-2009,64.20964813,64.96389072,63.96976468,64.40199282,17774500
11-09-2009,64.45600891,64.66563978,63.30412404,64.4019804,14430880
14-09-2009,64.56624603,65.00711402,64.14265768,64.45602574,12454780
15-09-2009,65.45013428,65.62302286,64.49490738,64.61809396,21756800
16-09-2009,65.56036377,66.34918543,65.08059685,66.1309081,23157440
17-09-2009,66.34269714,66.51990566,65.728934,66.01419955,24112200
18-09-2009,65.89102173,66.46372269,65.30967435,66.3902447,8229580
22-09-2009,66.83760834,66.99537401,65.5258007,65.69868935,13451620
23-09-2009,67.84251404,69.10893899,66.19571971,67.21145822,26131400
24-09-2009,70.18519592,70.74276723,66.82029882,66.82029882,44450520
25-09-2009,69.52605438,70.20465572,68.81071735,69.27752453,11237640
29-09-2009,69.64706421,70.66063951,69.2040331,70.19383243,7774000
30-09-2009,71.33925629,71.7498717,69.33803788,69.84807051,23977240
01-10-2009,71.07128143,72.112953,70.03177312,70.88542647,17295980
05-10-2009,70.62822723,71.1015175,69.89127758,70.06417277,10969880
06-10-2009,71.73474884,71.96167259,69.36830349,71.70665295,11507280
07-10-2009,72.51490784,73.91100271,72.18209036,72.35497896,21686660
08-10-2009,72.93202209,73.25835648,71.31548633,71.74987776,16809880
09-10-2009,72.42630005,73.04654629,71.74986204,71.74986204,9009600
12-10-2009,73.5760498,73.91102403,71.10154066,71.87955276,15601380
13-10-2009,73.5760498,73.5760498,73.5760498,73.5760498,0
14-10-2009,73.5738678,74.73223594,72.88014354,73.69489114,15642420
15-10-2009,74.44264221,74.99157373,73.22376243,73.92613307,18772320
16-10-2009,74.32811737,75.15583803,74.01259265,74.86191944,16519700
20-10-2009,73.10276031,74.34325318,72.61434032,72.72888053,9388380
21-10-2009,71.79743195,73.56740709,71.35440065,71.74988658,12847520
22-10-2009,72.00920105,72.48464798,70.8854054,70.92863085,7579740
23-10-2009,73.12867737,73.43555564,71.80173386,72.39821078,7576980
26-10-2009,73.17189789,73.34911301,71.9659843,72.22532381,8164820
27-10-2009,72.18641663,73.47878109,71.74986859,71.74986859,19155140
28-10-2009,70.00152588,72.17347016,69.37911615,71.74988833,13320900
29-10-2009,69.72703552,70.85947096,67.87061016,69.37260534,20490880
30-10-2009,70.05120087,72.9600937,69.39421241,70.10738603,15292380
03-11-2009,69.17810822,70.86379515,68.4649279,69.88263553,9502520
04-11-2009,70.19169617,71.18797894,68.35039992,69.37262193,12550460
05-11-2009,70.16575623,70.79032244,68.59460276,70.01231049,19742900
06-11-2009,70.88541412,71.46892474,70.10740216,70.66930006,11478120
09-11-2009,73.80078888,73.91100916,70.8854123,70.92863775,17472440
10-11-2009,73.62789154,75.28980901,73.12002224,73.49390189,18728700
11-11-2009,75.02833557,75.20770737,72.41551028,72.41551028,15191800
12-11-2009,74.19412994,75.2941499,73.80728386,74.71712896,15689900
13-11-2009,74.44049835,75.25092616,73.71867151,73.71867151,17245820
16-11-2009,74.49882507,75.63126043,74.29999727,74.4707292,12131120
17-11-2009,75.62479401,75.94032529,73.53497467,75.41732635,14013800
18-11-2009,75.62264252,75.85604282,73.98665733,73.98665733,18930600
19-11-2009,74.3237915,75.5534811,73.65167331,75.5534811,11882240
20-11-2009,75.81281281,76.13698391,73.86778618,73.86778618,15307920
23-11-2009,76.30770874,76.93660141,75.00454129,75.00454129,11746440
24-11-2009,76.80263519,76.93662489,75.21203188,75.6399402,8803300
25-11-2009,77.91775513,78.19005432,75.69825979,75.69825979,15749580
26-11-2009,76.12403107,78.23330687,75.63993758,75.63993758,16057640
27-11-2009,75.65506744,76.23208842,72.71591425,75.29415398,14975520
30-11-2009,76.34229279,77.23916483,75.30494792,76.28826427,17511280
01-12-2009,77.35588074,77.75784979,75.63993427,76.92365254,10975060
02-12-2009,78.1079483,78.38457404,76.77452162,76.94092708,23703320
03-12-2009,78.10147858,78.83842186,77.30617367,77.30617367,9752940
04-12-2009,77.34941101,77.84431423,76.72483799,77.20245498,6778560
07-12-2009,77.68653107,78.13388881,77.15056576,77.3688431,9102120
08-12-2009,79.23822784,79.48675772,76.60812313,77.23917256,13661280
09-12-2009,77.98908997,79.30522397,77.43367518,78.04528174,16068740
10-12-2009,77.15704346,78.01717984,76.60595521,77.42718605,12233920
11-12-2009,77.15920258,77.75783615,76.20613878,77.31912487,11953200
14-12-2009,75.95543671,77.80105241,75.59668662,77.13974399,16142240
15-12-2009,73.5133667,76.37471503,73.04655949,75.05858106,17086360
16-12-2009,73.19135284,73.86130117,72.39821133,72.46736941,17161840
17-12-2009,72.24694061,73.34912384,72.05243924,72.61433722,13195340
18-12-2009,71.92708588,72.32041506,71.1814897,71.3781543,12563560
21-12-2009,71.43650818,72.23396968,71.19014155,71.92709137,17188860
22-12-2009,71.1685257,72.06107788,70.9761876,71.74987309,12548620
23-12-2009,73.06167603,73.47877455,71.31763412,71.31763412,20208740
24-12-2009,73.93911743,74.51613838,72.79587201,73.58036724,7437940
29-12-2009,73.34694672,74.25678497,72.90607223,74.24381866,10404580
30-12-2009,73.15460205,73.46797004,72.39820292,73.46797004,8531020
31-12-2009,73.5760498,74.08391268,73.04008445,73.47879582,11516440
04-01-2010,73.72516632,74.71064608,73.15678519,73.47879308,6100980
05-01-2010,73.78999329,74.5593589,73.69490256,73.91101665,16773200
06-01-2010,73.83970642,74.34324936,72.96444037,74.08390981,13279680
07-01-2010,74.03203583,76.43522325,73.54794242,76.43522325,12247960
08-01-2010,74.12928009,74.49018685,73.52200016,73.99744709,14171800
11-01-2010,73.83104706,75.58157226,73.58683712,75.58157226,27533220
12-01-2010,73.2713089,73.98880253,72.55380867,73.82456034,9814100
13-01-2010,73.01628876,73.25401553,71.98974703,72.82827059,20693500
14-01-2010,72.77857208,74.07525643,72.18209517,73.91100763,20345280
15-01-2010,73.22592926,73.43556018,72.22532663,73.40962754,23163460
18-01-2010,76.35958862,76.85017183,72.70510516,73.04656252,47002920
19-01-2010,76.90203857,77.31698054,75.76527633,76.28827534,33328440
20-01-2010,75.90357208,77.36882498,75.33735436,77.15271095,27304220
21-01-2010,73.98232269,76.11104749,73.6992138,76.11104749,25046940
22-01-2010,72.48900604,73.47880588,71.4905532,73.30591721,18947400
25-01-2010,71.60723114,72.52355263,70.50937463,71.74986721,12057580
27-01-2010,69.03548431,71.79742208,68.59028982,71.79742208,24215580
28-01-2010,68.86474609,69.97773222,68.15372897,69.58872954,34864460
29-01-2010,70.49856567,70.75574193,67.10341564,68.29204297,32870340
01-02-2010,69.14569855,70.36674171,68.50815941,70.36674171,15034660
02-02-2010,68.25315094,69.80052856,67.94626604,69.45906462,20669400
03-02-2010,70.13981628,70.55692144,68.20559938,69.15649994,15455340
04-02-2010,69.88048553,70.23275252,68.5297726,69.93451405,17210480
05-02-2010,68.00460815,69.07004879,67.6436948,69.07004879,18693880
08-02-2010,67.74744415,68.67456881,66.95213933,68.50816334,15181200
09-02-2010,67.93112946,68.20127203,67.06019006,67.72149855,23947500
10-02-2010,68.87771606,69.9107411,67.60048107,68.07593468,27733360
11-02-2010,69.0700531,70.58285148,68.72426929,69.32938601,14539380
15-02-2010,69.75298309,70.00799613,68.40010683,69.02683635,9604980
16-02-2010,69.43312836,70.13766234,68.72427447,69.37261668,14349700
17-02-2010,71.57481384,71.7909279,69.80051931,69.93450897,24796680
18-02-2010,72.77641296,73.04655555,71.35005878,71.9616653,20008840
19-02-2010,73.21511841,73.47877782,71.5812967,72.1820935,14691980
22-02-2010,73.33183289,74.3302789,73.04656071,73.52201434,13280340
23-02-2010,73.5220108,73.86130489,72.71590293,72.83260638,12945780
24-02-2010,73.50041199,73.91102749,72.93851397,73.04657103,11211380
25-02-2010,73.09191895,73.65165345,72.70075311,73.52199032,11673940
26-02-2010,73.68625641,74.98078426,72.6143324,73.04656057,18702060
02-03-2010,75.42164612,75.89926295,73.73812229,74.51612765,15429300
03-03-2010,76.79180145,76.97982621,75.31790866,75.31790866,22295920
04-03-2010,76.98631287,77.23916262,75.77390958,76.7204902,27028840
05-03-2010,77.10948181,77.58493531,76.54759062,77.17647663,20899300
08-03-2010,77.11814117,78.23329053,76.62972128,78.23329053,14745920
09-03-2010,78.28515625,78.44940505,76.72049254,76.72049254,24795380
10-03-2010,78.42565155,78.66121514,74.77116121,78.31975115,29921120
11-03-2010,78.96591949,79.31385997,77.93505121,78.49262918,15490460
12-03-2010,77.85510254,79.11504481,77.21108016,78.96808881,14944880
15-03-2010,78.34350586,78.66551368,76.93660129,76.93660129,15025920
16-03-2010,77.99989319,78.22897358,76.2450414,78.01717941,20872500
17-03-2010,78.13388062,78.87298702,77.71893871,77.99989095,9589680
18-03-2010,77.83995056,78.33701679,77.39043628,78.33701679,7003940
19-03-2010,78.65903473,78.87298554,77.69948777,78.44075742,12679680
22-03-2010,79.40463257,80.17831802,77.714619,77.88750761,30611220
23-03-2010,81.43177032,81.69110982,79.3138553,79.3138553,20308760
25-03-2010,83.25363159,83.42003706,80.83531445,81.25889621,46592800
26-03-2010,84.34715271,84.95875256,82.68955508,83.46324705,23105720
29-03-2010,84.93498993,86.01339699,70.40347586,70.40347586,26453420
30-03-2010,82.41941071,85.14461219,82.18384719,84.93281806,18739960
31-03-2010,83.57131958,83.97760852,82.00449246,82.12335257,13652160
01-04-2010,83.81983948,84.28448339,83.25145844,84.28448339,14818440
05-04-2010,84.21966553,84.69943908,83.17799401,84.66486004,14247680
06-04-2010,83.54537201,84.28448501,83.22120091,84.28448501,8842880
07-04-2010,83.49567413,84.19588163,83.24714427,83.85226104,10756100
08-04-2010,82.24437714,83.4157184,81.85537441,83.4157184,12477660
09-04-2010,84.25637817,84.58703239,81.71271834,81.71271834,12415300
12-04-2010,84.46601868,85.05816909,83.79606377,83.79606377,9141280
13-04-2010,84.35796356,84.84205696,83.46325476,84.28448557,12682600
15-04-2010,84.58921814,85.36074704,84.03380334,84.50061057,19094720
16-04-2010,84.90041351,85.33912481,83.2471422,84.06837303,10465120
19-04-2010,83.59724426,84.66484827,83.24714053,84.28448541,12241660
20-04-2010,84.04891205,84.58487724,83.37679395,83.37679395,10878640
21-04-2010,83.89548492,84.71671576,83.6361454,84.24126216,7889000
22-04-2010,83.59941101,85.14895195,82.47129519,83.80040213,13790220
23-04-2010,84.36226654,84.58919022,83.36166416,83.63612659,10634120
26-04-2010,85.99612427,86.311649,84.61731528,84.61731528,15796560
27-04-2010,85.5617218,86.27273894,85.05385242,85.97017396,8968940
28-04-2010,85.06898499,85.87292961,84.63027367,84.63027367,11423540
29-04-2010,85.82970428,86.22951665,84.13105081,85.23107067,18792900
30-04-2010,86.46507263,86.87785127,85.71083668,86.36133551,14219220
03-05-2010,85.14028168,85.79727018,84.80747082,85.79727018,10014140
04-05-2010,83.72258759,85.78863752,83.51511993,85.78863752,9177920
05-05-2010,82.83003998,83.57995609,81.26321292,83.50647809,16028540
06-05-2010,81.9288559,82.81492502,81.1292311,82.33947136,10522460
07-05-2010,79.87792969,81.04278786,79.35710051,80.86989921,19571620
10-05-2010,83.6015625,83.7658113,79.09774626,80.53490345,12853080
11-05-2010,84.21102142,84.50061353,82.69605946,83.7658269,13929300
12-05-2010,85.36073303,85.62439245,84.2412572,84.2412572,13741640
13-05-2010,84.9479599,86.22951476,84.29313453,85.63303782,12744380
14-05-2010,84.36013794,85.27862284,83.94952248,84.88961351,9400300
17-05-2010,83.37030792,84.14615651,82.7500617,83.93868888,13207200
18-05-2010,81.94182587,83.20393146,81.69977912,82.90137303,12243120
19-05-2010,80.76397705,81.60466384,79.59912579,81.21565461,18180160
20-05-2010,80.00325775,81.10327743,79.37004519,80.99954032,6778000
21-05-2010,78.94862366,79.96219909,77.84860393,78.66551478,10997240
24-05-2010,78.86216736,80.71858599,78.27865687,79.32249127,9621820
25-05-2010,77.96315002,78.66552075,77.15272227,78.31109051,11068700
26-05-2010,79.00050354,80.10268673,78.33271179,78.35432452,14002780
27-05-2010,81.97640228,82.42591671,78.27652993,78.44941858,22619720
28-05-2010,81.98503113,82.72846406,81.48580815,81.97639131,11758500
31-05-2010,81.62413788,82.06284925,80.61056219,81.95047229,8768220
01-06-2010,80.18264008,81.69111866,79.44353365,81.67815235,11365460
02-06-2010,80.09404755,80.51330945,79.01132033,79.87577678,18903340
03-06-2010,82.36539459,82.55557603,80.57165042,80.57165042,13593780
04-06-2010,81.50526428,82.5469291,81.26321098,82.38268689,10188700
07-06-2010,81.1140976,81.90075604,78.16198496,80.69699899,19238260
08-06-2010,80.51113129,81.99367053,80.0918695,81.25888406,11342280
09-06-2010,81.29779816,81.93317412,80.02920948,80.39444283,11584680
10-06-2010,83.35317993,83.6054827,81.04113577,81.81978894,17020940
11-06-2010,84.66472626,84.82567541,83.56851567,83.56851567,21630760
14-06-2010,85.83267212,85.91314666,84.66468939,84.66468939,14977960
15-06-2010,85.43032074,86.13067651,84.95616861,85.9131748,9121560
16-06-2010,85.95885468,86.56568635,85.61085059,85.91318117,18168580
17-06-2010,86.8310318,86.95717987,85.61084377,86.26117839,15977200
18-06-2010,86.63963318,86.91151033,86.05890731,86.65268275,9802800
21-06-2010,86.95066833,87.43569961,86.57004029,87.07029827,14203300
22-06-2010,86.43735504,87.00068367,86.23725055,86.78318196,8524880
23-06-2010,86.94631195,87.16163653,85.93493029,86.33513265,8488080
24-06-2010,87.07027435,87.30517325,86.1306655,86.87234703,17653100
25-06-2010,84.72344208,86.65268121,84.39066472,86.13720321,14470320
28-06-2010,84.85611725,85.43466594,83.66202839,84.91701746,10658160
29-06-2010,82.84204865,84.77346481,82.48099503,84.39500733,15902320
30-06-2010,83.47715759,84.34281683,81.73714383,82.43315199,17535120
01-07-2010,82.97254944,83.94260514,82.43314284,83.17264728,11567260
02-07-2010,83.20963287,83.6663878,82.64847473,82.9725568,8225000
05-07-2010,83.31186676,83.91216704,82.56366026,82.69416263,5160540
06-07-2010,85.43468475,85.68481708,83.08566851,83.30317026,12496060
07-07-2010,84.27320099,85.65216087,84.00132388,85.64563609,7933440
08-07-2010,84.63861847,85.68914881,84.48854176,85.26067017,6725840
09-07-2010,87.12030792,87.52051691,84.83001516,85.04316923,31402360
12-07-2010,89.15177917,89.43670588,87.30518514,87.3921845,29738560
13-07-2010,90.15664673,90.48072219,88.62760979,89.26271114,12514620
14-07-2010,90.75476837,91.8248731,90.18708544,90.48071408,21116060
15-07-2010,89.72380066,90.91571239,89.39320046,90.91571239,6477460
16-07-2010,88.69502258,89.87170761,88.35789096,89.78470162,9427760
19-07-2010,89.08219147,89.78471786,87.95770452,88.8277115,17531160
20-07-2010,88.93209076,90.85915252,88.56668952,89.08216745,13369180
21-07-2010,88.43836975,89.81733647,88.08819517,89.1800514,9284700
22-07-2010,89.49108124,89.74120688,88.08819255,88.30569426,11149940
23-07-2010,88.67979431,90.00220174,88.12733813,90.00220174,13843620
26-07-2010,89.25836182,89.60201163,88.48622669,88.95820836,6072980
27-07-2010,89.90649414,90.39370243,88.95818997,89.31489592,13291820
28-07-2010,90.7460556,90.91570666,89.60851937,90.13269924,13142120
29-07-2010,91.3768158,92.00322177,90.62208461,90.95486195,22531480
30-07-2010,92.52087402,92.96022507,90.48070702,91.25066489,23399320
02-08-2010,92.93195343,93.30388613,92.2794483,92.65572865,16526680
03-08-2010,92.32730103,93.26473289,91.86185081,93.09073417,16220960
04-08-2010,91.99451447,92.61221848,90.96790621,92.00321639,14734700
05-08-2010,91.36158752,92.54262681,89.82820318,89.82820318,14710560
06-08-2010,90.94615936,91.7857127,90.54377991,91.05708071,10920880
09-08-2010,90.56772614,91.52038485,90.10444635,90.91573026,5236440
10-08-2010,91.13973236,91.44641054,90.0348267,90.71777855,14694540
11-08-2010,90.89396667,91.91839791,90.39153824,91.39422461,14670160
12-08-2010,90.18273926,90.60251598,89.08870587,90.34586555,9938860
13-08-2010,90.80913544,91.41161275,89.53457204,89.67812396,10499860
16-08-2010,90.65471649,92.52088501,90.06311153,90.41111562,7186680
17-08-2010,92.26641083,92.91674554,90.52857406,91.69873447,20131820
18-08-2010,95.35057068,95.65724223,92.65572151,92.65572151,38844340
19-08-2010,97.01228333,97.41901044,95.04824323,95.04824323,20763920
20-08-2010,97.06232452,97.43207348,95.92696522,96.20319003,8398140
23-08-2010,95.55284882,96.91875923,94.96124392,96.25972934,8194860
24-08-2010,96.07704163,96.57076816,93.96509505,95.55286166,10680280
25-08-2010,95.36363983,96.35327009,94.76768055,95.74426787,10591220
26-08-2010,94.7589798,96.30323674,94.24349513,94.76985223,20388100
27-08-2010,93.05374146,95.26355934,92.4664909,94.83073311,11550480
30-08-2010,92.72966766,94.73068582,92.07281496,93.960728,6876460
31-08-2010,92.84060669,93.09073233,91.88577099,92.4382272,9390160
01-09-2010,93.49310303,93.74322864,92.22071681,92.89714388,9616200
02-09-2010,95.1548233,95.48107588,93.95203908,93.95203908,11590660
03-09-2010,95.43758392,95.70075915,94.31962187,95.43975443,8118160
06-09-2010,95.88779449,96.55770344,95.05476592,95.61374687,9546440
07-09-2010,95.66159058,96.39674732,94.94166055,96.39674732,8407840
08-09-2010,94.81334686,95.69640326,94.45229323,95.17874814,9969600
09-09-2010,97.65175629,97.87578281,94.96560848,95.48326368,26029580
13-09-2010,99.28735352,99.83328493,97.78877018,97.88011719,14595580
14-09-2010,101.5384903,102.2257964,99.44177741,99.44177741,32697460
15-09-2010,103.3328934,103.7048195,101.6189787,101.7473039,25503160
16-09-2010,104.196373,105.0533303,102.4585364,103.34377,25534780
17-09-2010,104.4269257,105.5318381,103.8353207,104.1963744,21503140
20-09-2010,106.4105301,107.4436632,104.2398674,104.5400208,15095460
21-09-2010,107.4784622,108.5159496,106.7976808,106.7976808,32710780
22-09-2010,107.9526215,108.3158522,106.5888881,107.4458454,25049020
23-09-2010,107.1783142,107.9613217,106.712864,107.5132687,12380340
24-09-2010,108.5442276,108.8378562,104.7553515,104.7553515,27910620
27-09-2010,106.0734024,109.2206522,105.8667731,108.7508477,16677440
28-09-2010,106.5932388,107.0847948,105.3317315,106.0538388,18864220
29-09-2010,106.2648239,107.6198555,105.5405394,107.6198555,15595720
30-09-2010,108.2875748,108.7073515,105.5622786,105.7058305,36959780
01-10-2010,108.7834702,108.9248449,107.1130587,108.4028422,17730260
04-10-2010,108.4898453,109.7339553,108.0200474,108.7834739,13980460
05-10-2010,106.4801331,109.1728052,106.0299029,107.9417448,17196660
06-10-2010,106.8694687,107.8808503,106.57584,106.7933418,8219880
07-10-2010,105.8602524,107.4458417,105.5557513,106.8803359,9012840
08-10-2010,104.6509399,106.4888319,103.9658109,105.929851,14906860
11-10-2010,103.9005585,106.1756243,102.9500705,106.1756243,19820040
12-10-2010,103.5438614,104.4008186,101.7712238,104.3159898,15619800
13-10-2010,106.1952209,106.575849,102.9653189,103.7483265,20573400
14-10-2010,105.4600449,106.8368343,104.8379932,106.3583279,7707260
15-10-2010,103.8026962,106.260463,103.5286419,105.4622354,11726540
18-10-2010,104.3333969,110.4865222,102.3563071,110.4865222,16550200
19-10-2010,103.0457916,105.4013391,102.5977386,105.4013391,16649040
20-10-2010,101.5972137,103.182803,101.2731383,103.0523006,9860460
21-10-2010,102.8826523,103.3046061,100.7750603,101.3579699,14595060
22-10-2010,101.2100677,103.5308139,100.8555455,103.5308139,12950380
25-10-2010,100.255249,102.9870703,100.0072939,101.616812,17259580
26-10-2010,100.1116943,101.1818058,99.65929367,100.3987982,10139440
27-10-2010,98.06282043,100.311794,97.45816593,100.311794,16440660
28-10-2010,98.60221863,100.740264,97.48426336,98.15851331,42138460
29-10-2010,99.17644501,99.96380024,97.31027638,99.18079265,16264860
01-11-2010,102.1909943,102.9218034,99.40045047,99.96377906,20269600
02-11-2010,102.2410278,103.8353124,101.9213001,102.8783062,11122040
03-11-2010,102.7586975,103.1784743,102.2714891,102.7043221,7081520
04-11-2010,103.931015,104.6183212,102.9892355,103.9658161,9716320
08-11-2010,101.5906982,104.4008233,101.157872,104.1137195,8510920
09-11-2010,104.3355789,104.6966259,101.3710294,101.7908061,13716100
10-11-2010,104.2202988,105.2621272,103.6765445,104.4008223,8934340
11-11-2010,102.3693466,104.8097159,101.6276651,103.7526542,6728740
12-11-2010,100.6989365,103.4873031,100.2682807,102.0082943,12403100
15-11-2010,103.7852859,104.0528088,100.659781,100.703284,22815960
16-11-2010,103.2088928,104.3877548,101.1382793,104.3877548,18299340
18-11-2010,101.8060379,105.2273359,100.8664288,105.2273359,16631980
19-11-2010,100.2073898,102.8348076,99.70278426,102.0083038,11752680
22-11-2010,103.5264664,104.0071433,100.3117914,100.9642965,11021900
23-11-2010,103.1741257,103.5308317,100.3748792,102.8783265,11416240
24-11-2010,100.5466919,103.2654633,99.61360768,102.3998041,8257500
25-11-2010,101.0534668,102.6042551,99.7136621,101.1382957,22687740
26-11-2010,99.95944214,101.7908096,99.00679014,101.1818074,15139380
29-11-2010,99.95944214,100.8294491,99.3982906,100.0507958,11818860
30-11-2010,99.41567993,101.531974,98.24552629,99.9202855,17253560
01-12-2010,102.9674683,103.3132951,99.18076332,99.55268933,16081440
02-12-2010,104.0419388,104.4008153,102.3606483,103.4438091,14738560
03-12-2010,104.2116013,104.4008267,103.1828157,104.183325,7923580
06-12-2010,103.6722031,105.4883439,103.324199,105.2708422,9363120
07-12-2010,102.2975845,103.9658257,101.2905571,103.5308222,17194700
08-12-2010,99.20035553,101.7908017,98.53697796,101.7908017,23488440
09-12-2010,97.09275055,99.37217059,96.54029441,98.8827918,36567840
10-12-2010,96.67298126,97.10363702,94.40878776,95.70074839,41242460
13-12-2010,97.39726257,97.65826728,94.89164528,97.57126792,15823360
14-12-2010,97.36463928,99.0024269,96.2227553,97.74526728,11844160
15-12-2010,94.08688354,97.00575931,93.52573207,97.00575931,22420420
16-12-2010,95.73555756,96.55336614,93.52573929,94.09124509,19518360
20-12-2010,94.50448608,95.69204348,93.58880581,95.69204348,10322440
21-12-2010,96.31412506,96.52944967,94.47840979,94.52626044,12351160
22-12-2010,94.77854156,97.44076021,94.3979136,97.13625916,15006480
23-12-2010,95.3070755,95.87475178,94.56757101,94.83074622,6526540
24-12-2010,96.50113678,96.77736814,94.61322393,95.22222593,7033420
27-12-2010,96.29670715,97.00576487,95.5746065,96.52725844,7541260
28-12-2010,98.14330292,98.68922772,96.35978617,96.74041418,9350060
29-12-2010,101.2600861,101.6515864,98.03018464,98.13676498,16142080
30-12-2010,100.2900314,101.9386913,99.53094602,101.6254884,14504700
31-12-2010,102.0670319,102.8783157,99.70496632,100.268295,16497820
03-01-2011,103.9875793,104.3856046,102.2432112,103.0958209,10796780
04-01-2011,102.0322342,103.8788284,101.4863094,103.8135739,16568260
05-01-2011,100.4074936,102.2127551,99.94203674,102.2127551,15651840
06-01-2011,101.2579193,101.9060768,100.4422879,100.7467956,10870180
07-01-2011,98.72185516,101.1904943,98.35427674,101.1904943,15896020
10-01-2011,93.62361908,98.74578199,93.00373784,98.13895032,40141720
11-01-2011,93.37783813,96.51420916,92.43822913,94.39574457,24315180
12-01-2011,95.93128967,96.30974047,91.63780867,94.35222536,19810660
13-01-2011,93.22124481,96.45767169,92.49913746,96.09226373,18972020
14-01-2011,89.1561203,96.04874952,88.30568788,93.52572854,25582820
17-01-2011,89.9630661,91.04622713,89.19963289,89.61071435,24561640
18-01-2011,91.75743866,92.04671963,89.02996556,90.77650389,16840320
19-01-2011,90.28279114,91.96190474,89.74121396,91.85750152,17984100
20-01-2011,92.11414337,92.84712301,88.99734042,90.01307624,19277080
21-01-2011,91.09622955,92.42516833,90.31105164,91.52470815,16595220
24-01-2011,93.46483612,93.69973505,90.17621129,91.1332175,25548320
25-01-2011,90.6677475,94.60670639,90.05004352,93.57792105,28221080
27-01-2011,89.21486664,91.35073543,88.78421742,91.35073543,37891160
28-01-2011,89.36058044,90.88744009,88.82987573,89.39320437,35596840
31-01-2011,89.05825043,89.76078336,86.83538263,88.85815257,22236060
01-02-2011,88.72329712,90.34585796,87.65753347,90.34585796,17102460
02-02-2011,87.86634827,89.76296355,87.27038903,89.24095411,19524340
03-02-2011,89.65203857,90.12184311,87.43569542,87.87069888,11592060
04-02-2011,87.77280426,90.69820464,87.21817761,89.21919581,18506400
07-02-2011,88.6906662,89.61070078,87.8793891,88.95819568,17118920
08-02-2011,87.12466431,89.6085302,86.35252923,89.60635969,14391980
09-02-2011,87.97072601,88.52318213,86.1915639,86.91367105,14715160
10-02-2011,87.69017029,89.1322011,87.00068692,87.69669507,23071180
11-02-2011,89.58026123,89.61071466,86.78319211,86.78319211,20206840
14-02-2011,91.58779907,91.79442836,89.18223056,89.18223056,11844720
15-02-2011,91.65523529,92.56874529,90.276275,91.78573767,15199460
16-02-2011,91.12669373,92.30772644,90.70039222,91.95972237,9101580
17-02-2011,95.07434845,95.43974974,91.13321844,91.35072016,23609840
18-02-2011,94.66110229,97.57562412,94.18912062,95.0047521,39535740
21-02-2011,95.77469635,96.04875061,92.76447366,94.17823469,11201020
22-02-2011,93.02330017,95.33969189,92.4556173,95.26574211,11592860
23-02-2011,91.96406555,93.65622842,91.35941112,92.44691957,12228440
24-02-2011,89.57154846,92.15764013,88.99081602,90.78520498,20055540
25-02-2011,88.83422089,90.78521147,87.78369056,90.78521147,12619920
28-02-2011,89.27357483,92.26204604,88.52319131,89.78469851,21962720
01-03-2011,93.04723358,93.52574002,89.56720605,90.25451228,20501160
03-03-2011,95.40278625,96.67081844,92.65791545,92.86889239,25337640
04-03-2011,96.49462891,97.1319073,95.98349858,96.13575242,19709880
07-03-2011,94.53277588,95.87475781,93.56489055,95.87475781,12855680
08-03-2011,95.98348999,96.50549934,93.80847316,93.87372765,17971140
09-03-2011,95.96392059,97.38420639,95.48324371,96.13574879,18083980
10-03-2011,96.06614685,96.35325068,94.93296488,95.35274156,14940620
11-03-2011,95.10697937,96.44026604,94.61325283,94.91993107,13107900
14-03-2011,96.34237671,96.52724784,94.48273327,94.48273327,13082880
15-03-2011,95.03302765,96.03571406,92.65573537,94.39574918,27602000
16-03-2011,94.99386597,95.91824818,94.76983948,95.52674778,11610680
17-03-2011,94.89599609,97.13626775,94.22827087,94.40444673,33521240
18-03-2011,93.4952774,95.53544441,93.18208106,94.83074103,9644240
21-03-2011,93.71931458,94.77419255,93.37131051,94.40444363,12318700
22-03-2011,93.59532928,94.52623626,93.17990026,93.92158182,9430540
23-03-2011,94.14344788,94.91340586,93.31041917,93.52574376,9314700
24-03-2011,95.38755035,95.65290271,94.33049522,94.7872435,8827620
25-03-2011,98.53045654,98.96328284,95.70075703,96.00525812,17802960
28-03-2011,99.90940857,100.5727861,98.52827143,98.52827143,21860620
29-03-2011,100.2748184,101.0861022,99.38306003,100.4857954,21636600
30-03-2011,101.8560486,102.8348063,100.3117917,100.7032922,22194840
31-03-2011,102.0452881,104.2224759,100.2726437,102.2258116,37863820
01-04-2011,101.5189285,102.8783143,101.0513012,102.3563115,8738580
04-04-2011,104.4356003,104.6183009,101.7907792,101.7907792,12644540
05-04-2011,104.2159348,104.8336388,103.0153278,104.4008125,16825320
06-04-2011,103.3546143,104.1832951,102.2692831,104.0092964,12939720
07-04-2011,102.4324188,103.4438003,101.773389,103.313298,13116320
08-04-2011,102.3301926,103.7483011,102.0126353,102.3997881,15440340
11-04-2011,99.87895203,101.6842201,99.55487662,101.1469906,22416360
13-04-2011,103.050148,103.6896036,98.96328859,99.15686831,18067780
15-04-2011,102.7956696,104.0528293,101.9648113,103.3133248,17181860
18-04-2011,100.5640793,104.3942875,100.2400039,103.4786073,20706540
19-04-2011,102.1170578,102.6086138,101.1143781,101.7908052,14924860
20-04-2011,103.1806488,103.9223239,102.1388137,102.6847385,13096140
21-04-2011,104.8640976,105.1359747,103.6178104,103.6178104,32410700
25-04-2011,104.0093231,106.1865108,103.7918214,105.4013328,12645740
26-04-2011,102.6542892,104.3073037,101.8125586,103.8157477,12643700
27-04-2011,102.3671875,103.4873201,101.1948566,103.3568244,14295300
28-04-2011,101.6929169,103.0523025,101.3557919,102.7978292,26769640
29-04-2011,99.85720825,101.7777521,99.22428411,101.1382965,18625880
02-05-2011,99.62232971,100.7337671,98.39779376,100.3118132,14156740
03-05-2011,97.25154114,99.86156167,96.666461,99.55270632,21480560
04-05-2011,98.37384796,99.40480392,96.04005228,97.6147625,26421220
05-05-2011,96.5903244,98.9545667,96.13574667,98.13024008,18698980
06-05-2011,99.93115997,100.9207901,96.78825771,96.78825771,21551460
09-05-2011,99.13075256,100.7032923,97.80616794,100.1377865,7797180
10-05-2011,97.71916962,99.09378204,96.79261019,99.09378204,13046440
11-05-2011,98.35643768,98.69791693,96.61425365,98.31076419,9821700
12-05-2011,97.44944763,98.52390639,97.22324404,97.87574904,9478860
13-05-2011,97.92144012,99.61578025,96.82523632,97.09275916,11646140
16-05-2011,98.00843811,98.576121,97.27981272,97.65826356,12541240
17-05-2011,97.98233795,98.91759924,97.48426384,97.9627636,12223880
18-05-2011,98.63049316,99.08072326,97.57126098,98.2281137,13870960
19-05-2011,98.91107941,99.35477811,98.21072364,98.76752748,15022540
20-05-2011,100.7337418,100.92079,98.11066512,98.74577301,23827740
23-05-2011,98.51522064,99.99858383,97.69958927,99.83328041,20092800
24-05-2011,98.10632324,99.72453654,97.79747452,98.04977067,9004880
25-05-2011,98.08239746,98.61527266,97.67349319,97.87576818,8314880
26-05-2011,98.49349213,99.05029608,97.44078445,98.0932897,19899900
27-05-2011,100.2095795,100.5728037,98.42171489,98.52394098,11662040
30-05-2011,100.3814011,101.251408,99.93552515,100.2247995,7849500
31-05-2011,104.3812485,104.7792737,100.7032937,101.1339495,35393460
01-06-2011,104.3225174,104.7053159,103.3024339,103.9658114,13143340
02-06-2011,103.38517,103.6655006,102.7150044,103.1552137,13445520
03-06-2011,103.22966,103.8472656,102.8682973,103.369822,11977060
06-06-2011,104.302803,104.6860679,102.7281313,102.7281313,11685600
07-06-2011,104.0947495,104.7167395,103.5384726,103.5954103,8126940
08-06-2011,103.1639709,103.8976509,102.8551748,103.2055831,10278780
09-06-2011,103.4946671,104.0115306,102.5616886,103.1420665,6459880
10-06-2011,103.4793167,104.007128,102.066716,103.7224196,8743820
13-06-2011,103.9239044,104.2480394,102.6777456,103.0719649,7835560
14-06-2011,104.3575592,105.0364869,103.6129316,104.1604529,12433200
15-06-2011,103.9326782,104.9401187,103.6786275,104.248051,14077880
16-06-2011,102.6273956,103.8976424,102.4105726,103.5472274,8425300
17-06-2011,102.9033585,103.6392307,102.2178673,102.9559251,14213480
20-06-2011,100.7001114,103.4355323,99.51528122,102.5901559,15625700
21-06-2011,101.8630447,102.6711867,100.8315165,100.8315165,10157720
22-06-2011,101.7382278,102.8376483,101.2870708,102.1652905,6183160
23-06-2011,102.2222366,102.4719096,101.1819461,101.5761588,8267580
24-06-2011,104.3860397,104.6838881,102.5638871,102.8902077,16575460
27-06-2011,105.8314972,106.5191805,103.9261203,104.3794695,20512380
28-06-2011,106.1337204,106.4381455,105.3233928,106.4118655,12193620
29-06-2011,109.0268402,109.4604729,106.657166,106.657166,20504880
30-06-2011,110.185379,110.5971161,108.4595974,109.4604613,26841200
01-07-2011,109.5590057,111.5892122,108.5406175,111.2563217,13304840
04-07-2011,110.9146652,111.34392,110.0473934,111.0373094,14323360
05-07-2011,111.3067017,111.7819464,110.1393825,110.4678953,10637280
06-07-2011,111.4884872,112.1323729,110.161296,111.0373302,11785740
07-07-2011,112.3864136,112.7872029,111.0000925,111.5235261,14778040
08-07-2011,112.0951309,113.1529392,111.8564124,112.3951782,15089360
11-07-2011,110.5708389,112.3119595,110.1656718,112.0885665,7945000
12-07-2011,108.6172791,109.9422779,107.7609549,109.9422779,14721800
13-07-2011,110.367157,110.7723241,108.5428122,109.0662458,7441820
14-07-2011,110.807373,112.4170805,109.2414566,110.6212145,9354344
15-07-2011,111.4643784,111.7928911,110.1612751,110.9168571,5490152
18-07-2011,112.8003387,113.6435296,111.2563313,112.1214177,6209896
19-07-2011,111.8805084,113.6654266,111.3329871,113.3369138,17052664
20-07-2011,110.1831894,113.0960068,109.9422787,113.0960068,7408644
21-07-2011,108.693924,110.5773985,108.2997113,110.5554963,12881024
22-07-2011,109.8437119,111.0482586,109.2523929,109.5042513,12634120
25-07-2011,110.6431046,110.9278129,108.880082,109.8437181,13370428
26-07-2011,109.0990982,111.738155,108.4639748,110.6759623,10581528
27-07-2011,109.9532394,110.369361,107.7522062,109.3619204,11062712
28-07-2011,106.7228546,109.3947614,106.1315356,109.3947614,21417956
29-07-2011,106.6133499,107.2922777,105.3650053,107.2922777,11990668
01-08-2011,106.8761597,108.6172801,106.1096298,108.0697588,8809416
02-08-2011,105.7482452,106.8542354,105.1240697,106.8542354,7929976
03-08-2011,105.5730667,107.1827809,104.2480677,104.8393934,8330268
04-08-2011,104.3466034,107.0732552,104.0290384,106.0220171,7318424
05-08-2011,103.6019669,104.2042402,100.1087853,101.8389511,12624376
08-08-2011,101.2038269,105.1240776,100.3168385,101.4009332,17233492
09-08-2011,101.7185059,103.711478,98.52098025,98.55383019,17963696
10-08-2011,105.1021881,108.3654137,103.6786327,108.3654137,13068904
11-08-2011,105.1131592,106.1534498,104.0290642,104.8393985,8409216
12-08-2011,102.5069427,106.4381486,101.641863,106.2410423,11413552
16-08-2011,99.96643066,104.7736631,99.57221136,104.7736631,12222592
17-08-2011,102.3864822,103.4705771,99.84598209,99.87883203,12536804
18-08-2011,101.2695465,103.9962055,100.4263623,102.5616955,22888452
19-08-2011,100.9300766,101.5104478,98.55383285,99.64887544,17921036
22-08-2011,99.22180939,101.6090077,98.7071447,100.7548691,11908996
23-08-2011,100.6125031,101.2914307,97.52448188,100.1744861,16145092
24-08-2011,99.86789703,101.2695504,99.10136712,100.3059141,12742456
25-08-2011,97.16312408,100.6125081,96.51705299,100.6125081,23200840
26-08-2011,96.13379669,98.67429029,95.5205688,97.23978709,8523824
29-08-2011,99.96643066,100.2949434,97.05361366,97.34927646,11600396
30-08-2011,103.3610764,104.0290497,100.4811089,101.1709911,15589296
02-09-2011,103.5472336,106.0001319,102.4959953,106.0001319,15190948
05-09-2011,102.9887543,103.8100362,101.3242882,102.8901978,11800716
06-09-2011,103.5472336,104.3356657,100.743927,102.6274017,17860792
07-09-2011,106.8980637,107.3032308,103.5581836,104.2480591,14746572
08-09-2011,105.9344177,107.2484688,104.937925,107.2484688,8164048
09-09-2011,103.6457901,106.3724491,103.087321,105.9782297,10331416
12-09-2011,102.7916489,103.196816,101.2914392,102.2769775,6985520
13-09-2011,102.4303055,104.2042695,101.6199711,103.1530311,7175952
14-09-2011,104.8831711,105.8030095,100.973868,102.3645733,7749008
15-09-2011,106.1424637,106.8870912,103.2844056,106.4162243,8736760
16-09-2011,105.9344177,107.3141686,104.3137494,106.4928867,10947008
19-09-2011,106.1643982,106.6571674,104.4889841,105.5402225,8389220
20-09-2011,107.6098404,108.0259553,105.7811179,106.2191349,11835268
21-09-2011,108.2997131,108.9895886,106.9637598,107.9164482,12891396
22-09-2011,103.4377289,107.0951741,101.9484735,106.8542634,10191088
23-09-2011,99.95549011,102.9340074,99.1013582,102.6164424,32911224
26-09-2011,98.57575226,100.2292642,96.24331248,99.8679014,27785068
27-09-2011,100.185463,101.160047,99.45178298,100.305915,16022836
28-09-2011,100.3058929,101.9156068,98.93708982,101.269529,15223752
29-09-2011,103.0654221,103.9852539,99.13421602,100.2073566,32532984
30-09-2011,102.4193497,103.9852595,101.7075719,102.0251369,19028800
03-10-2011,99.87884521,101.8170722,98.71810259,100.7767816,18136236
04-10-2011,98.31291199,99.86787364,96.47324197,99.10134391,14963192
05-10-2011,96.07905579,99.92265325,95.60818205,98.32389348,16534992
07-10-2011,98.55384064,100.743926,97.72161088,99.14516635,18887004
10-10-2011,99.58318329,100.3059088,98.56478826,98.99185757,24125984
11-10-2011,100.1964035,101.8170653,99.68173212,100.8972335,9987516
12-10-2011,102.3098373,102.9121108,99.30942438,101.170997,17935560
13-10-2011,103.0763702,104.2918717,102.4083969,104.0290587,11733404
14-10-2011,103.7881241,104.3356453,101.9156041,102.7149838,6670040
17-10-2011,104.6970215,105.233595,103.4486769,104.3794631,7087264
18-10-2011,104.7189255,105.4307032,103.3720244,103.7881392,8109020
19-10-2011,107.7193604,108.3216339,104.9707989,105.7701855,17378084
20-10-2011,107.2156296,107.8398053,105.2555071,106.876169,11353704
21-10-2011,106.6571579,107.7083962,105.8468236,107.3251313,9161464
24-10-2011,106.0767746,108.8472309,105.770164,107.9164448,9743092
25-10-2011,102.4959793,107.4784227,98.23626126,106.8432994,82630020
28-10-2011,105.704483,108.2997359,105.0693595,106.4381631,18038448
31-10-2011,107.3141708,107.6974357,104.4999101,105.7811113,12851416
01-11-2011,105.6278076,107.9712015,105.1240907,106.2410355,13299516
02-11-2011,105.803009,106.8761494,104.5765601,104.839373,10111820
03-11-2011,105.5292358,106.1862613,103.3939032,105.3430773,10505636
04-11-2011,105.7811203,106.8542608,105.1897946,106.5914545,6803220
08-11-2011,106.0548706,106.7337983,104.7955717,105.78111,8392808
09-11-2011,104.5218201,106.3724448,104.0947508,106.2191362,8604988
11-11-2011,101.6308975,104.773671,101.3133392,104.1713976,9210036
14-11-2011,103.2406158,105.0912405,102.704049,102.9121031,12228564
15-11-2011,103.4267654,104.64226,102.9120941,103.0873049,11644292
16-11-2011,101.9922714,103.3720224,100.8096201,102.9340054,7117600
17-11-2011,100.6015472,102.9339862,99.99927392,101.4337768,10777368
18-11-2011,100.3716125,101.0943448,98.57574651,99.69269141,11720744
21-11-2011,97.38214874,99.86789708,96.36376034,99.86789708,10194036
22-11-2011,97.25073242,98.44433155,96.36375057,97.89681024,15218304
23-11-2011,93.3195343,96.7470164,90.71333418,96.7470164,25565636
24-11-2011,94.09700012,95.26869693,90.07819283,93.91084156,28885188
25-11-2011,94.37076569,95.24679973,91.7755135,93.68089022,18906468
28-11-2011,96.5499115,97.44784781,95.07160393,95.48771879,10891716
29-11-2011,95.31250763,97.57924039,94.65548209,97.23977987,14831024
30-11-2011,96.91126251,98.47717197,93.9984521,93.9984521,28214548
01-12-2011,99.32037354,102.2769888,98.43339162,100.5139728,13929784
02-12-2011,102.0579834,102.4740983,99.24372222,99.68173932,11237028
05-12-2011,101.2585907,102.3755355,100.3059023,101.5542535,8753228
07-12-2011,102.2988739,103.1311035,101.2038314,102.9339972,11172944
08-12-2011,99.37512207,102.4302938,98.79475079,102.2769851,12557000
09-12-2011,97.18503571,98.81665194,96.47325798,97.89681343,13606912
12-12-2011,94.62263489,98.76190155,93.36333581,98.13772589,12071156
13-12-2011,96.01333618,97.54639586,93.2976318,93.73564885,14925880
14-12-2011,95.1263504,97.18502912,94.22841415,96.14473867,24306724
15-12-2011,94.4693222,95.48771044,93.51663385,93.95465087,26960140
16-12-2011,90.95423889,96.47325646,89.79349637,95.07160322,29424820
19-12-2011,88.91747284,90.45053272,87.65817366,90.24247192,32341524
20-12-2011,90.7133255,92.3339871,88.47943607,88.91745308,19983568
21-12-2011,95.36727905,96.23235884,91.50177267,93.29764551,14986880
22-12-2011,96.98794556,97.41500825,93.91087117,94.50219698,13576068
23-12-2011,95.82718658,97.78731574,95.48772601,97.28359876,6855300
26-12-2011,97.1740799,97.54639036,95.71766794,96.14473721,4564760
27-12-2011,96.2980423,97.15217413,95.42200828,96.42944205,6294236
28-12-2011,96.31995392,97.02078392,94.84164626,96.91127965,7668340
29-12-2011,94.0860672,96.80177167,93.29763514,95.41106615,10930628
30-12-2011,93.4838028,95.04971262,92.44351216,95.00590824,7676416
02-01-2012,93.4838028,94.12987402,91.87408858,93.93276766,7029996
03-01-2012,96.17758179,96.56084666,94.17365534,94.48026591,6878476
04-01-2012,97.08647919,97.44784861,94.35982698,96.77986858,9742956
05-01-2012,97.16312408,97.83110405,96.42944424,97.2397784,6761212
06-01-2012,99.27655792,100.119742,96.13379106,96.58275584,7954444
09-01-2012,99.80218506,100.1087956,97.67779974,98.96994867,8463936
10-01-2012,100.6782303,101.2476472,99.867896,100.7439302,8982772
11-01-2012,101.324295,101.6199579,99.64888113,100.853428,7719112
12-01-2012,102.2003174,102.7368909,101.006725,101.1162293,7975444
13-01-2012,102.846405,103.6019804,100.9738781,102.9340071,7381684
16-01-2012,100.8534317,102.4631458,100.3606625,102.2331828,6383420
17-01-2012,102.5836029,102.7150094,101.4009581,101.5980644,7322016
18-01-2012,105.5402069,106.3067367,102.8464047,103.5691302,20137244
19-01-2012,106.6133499,107.368932,105.1897945,106.4381458,16842176
20-01-2012,107.4346161,108.0697461,105.2226356,107.3141641,14390260
23-01-2012,106.0001144,106.8213963,105.3211868,106.4381314,7533728
24-01-2012,107.0513535,107.993094,105.2445333,106.2738759,15063952
25-01-2012,107.3579788,107.9712,106.3833882,107.3689266,14819100
27-01-2012,106.0439148,110.3802803,105.0474221,110.3583781,14877636
30-01-2012,104.9160233,105.7811095,103.5910245,105.7701618,9975016
31-01-2012,107.774086,108.4092093,105.0912318,105.8906115,10653848
01-02-2012,108.8800812,109.4385569,105.4197493,108.29971,12020596
02-02-2012,109.0443344,109.5042536,107.5988769,109.2852451,22841708
03-02-2012,110.8730545,111.2563194,108.463961,108.9567301,14915004
06-02-2012,111.1906204,113.0083883,109.5042523,111.6943373,17438624
07-02-2012,111.5410385,112.8769985,111.2563301,112.5703812,12075708
08-02-2012,111.3548813,113.4026055,110.1065301,111.8476504,13861148
09-02-2012,114.4429092,115.1875436,110.7416663,110.7526207,17361024
10-02-2012,113.3369217,115.1218467,112.5703918,114.4976643,11515172
13-02-2012,114.3115005,114.9794739,112.9865017,113.5887751,14614324
14-02-2012,113.4244995,114.7166416,112.8003173,114.4319332,13114828
15-02-2012,116.742485,117.1476588,113.2821532,113.9939309,19379584
16-02-2012,115.2970657,117.7937554,114.5962356,116.2935521,8124264
17-02-2012,115.7021942,116.7315369,113.9063217,116.348272,14219648
21-02-2012,116.5234756,116.8410407,113.99393,115.1984768,14831136
22-02-2012,116.3920746,118.0236906,115.3408364,116.0745096,13923108
23-02-2012,116.7644119,117.3776332,115.4613084,115.4613084,17095748
24-02-2012,114.9028549,117.2571971,112.8660645,115.4613241,16380168
27-02-2012,112.9207916,116.3920848,112.1652229,115.3955987,15321292
28-02-2012,116.184021,116.8191511,112.3951762,113.7201751,14801148
29-02-2012,113.2493134,118.2427189,112.4280313,116.9286676,19988636
01-03-2012,112.5703735,114.3881415,110.6649968,113.2273991,12198492
02-03-2012,113.6106796,114.979483,111.2015857,112.5703891,8116696
05-03-2012,111.90242,114.0925055,110.7197685,113.8844447,10051372
06-03-2012,111.1249237,114.103441,110.2160397,111.6505428,11597188
07-03-2012,112.9317474,113.4464121,108.9676852,111.0044685,7577636
09-03-2012,114.5852661,115.4174959,113.8077885,114.3224532,9315044
12-03-2012,113.65448,117.06006,113.2274107,116.9505557,11217384
13-03-2012,114.8480835,115.5270046,113.9610882,114.5414662,11079428
14-03-2012,115.6803055,116.0745182,114.2019979,115.6583966,11721124
15-03-2012,111.869545,116.0745111,111.4862801,115.6364941,14939196
16-03-2012,111.2234802,114.9575796,110.5993046,111.6943472,12810608
19-03-2012,109.252388,111.7052791,108.4311062,111.7052791,15299768
20-03-2012,110.6868973,111.8804963,107.9711931,108.6282187,6324272
21-03-2012,112.9317474,113.4135555,110.1612843,110.1612843,12021572
22-03-2012,110.4350433,114.4100532,109.5261593,112.5484808,11280064
23-03-2012,112.5594406,113.6106789,109.7123296,111.5848499,8047164
26-03-2012,112.0557022,113.1178948,110.7416512,112.4608693,9832916
27-03-2012,113.6325607,114.2786385,112.1323578,112.7893833,11857352
28-03-2012,112.4499283,113.5559186,111.705294,113.5559186,8699492
29-03-2012,111.7162476,112.592275,110.5993028,111.2563283,16225116
30-03-2012,113.8515778,114.7276119,111.639597,112.1323662,11184976
02-04-2012,115.7131348,116.0635564,113.0302807,113.4464022,5530932
03-04-2012,116.1183014,117.4761567,115.6364801,116.7315225,12920812
04-04-2012,115.318924,115.8554975,114.8480637,115.0342156,4175076
09-04-2012,114.2676773,115.2641632,113.8844125,114.7056943,5036740
10-04-2012,114.9466171,115.1984823,112.9755404,114.6290655,5834072
11-04-2012,115.2970657,116.2826043,113.2493276,114.2896183,7463248
12-04-2012,116.162117,117.0600465,114.8261571,114.9794657,12103288
13-04-2012,115.9321747,117.7718519,114.7385887,117.4761957,9833428
16-04-2012,116.0197678,116.2935284,114.7823642,115.8336159,17396084
17-04-2012,116.1292725,117.366676,114.1253391,116.5125374,15665808
18-04-2012,117.749939,118.2427081,116.731544,116.731544,12000284
19-04-2012,121.3416672,121.6811277,117.651379,118.2646002,16366676
20-04-2012,120.6955719,122.2067358,119.6771905,120.947437,15725100
23-04-2012,119.4362946,121.7687407,118.9873297,120.8817589,8437648
24-04-2012,118.6697617,119.6881566,118.1332015,119.6005479,8760780
25-04-2012,119.7210083,120.3451772,117.8265793,119.1406304,10778388
26-04-2012,118.3741074,120.4437406,118.0455946,119.3596457,9338952
27-04-2012,118.5164719,119.5786579,116.9943599,118.7026238,4549020
30-04-2012,118.8121109,120.2356661,118.3412373,119.0968193,6039020
02-05-2012,120.432785,120.673689,118.4179041,118.4179041,8978348
03-05-2012,121.3416672,122.2067535,119.4581993,119.469147,13714548
04-05-2012,117.7170792,121.2650198,117.0929102,120.7174986,12351888
07-05-2012,116.5672684,117.0709852,113.0959892,116.4906207,16712688
08-05-2012,112.8660431,117.4761834,112.4061305,116.7096536,11283080
09-05-2012,112.2747192,114.4538432,110.6869008,112.5046755,15023992
10-05-2012,113.3369217,114.5195732,111.6943576,111.9243139,12084380
11-05-2012,111.8148041,113.8844374,111.3001394,112.4061298,8050084
14-05-2012,109.6247177,112.0885637,108.2011623,111.8586074,11034848
15-05-2012,109.3071518,110.4788487,108.6282241,108.6282241,8019464
16-05-2012,108.4530411,109.219571,106.4381597,108.1902281,16960872
17-05-2012,109.022438,110.9278148,108.4092169,108.8472339,11618520
18-05-2012,109.6247177,110.3583976,107.0951718,107.270376,9614416
21-05-2012,108.9457703,111.2234571,108.1792406,109.5589913,8542340
22-05-2012,107.1499176,110.5993018,106.6462007,110.3364889,11096812
23-05-2012,106.7009583,107.9493029,105.6059156,107.3141795,12695888
24-05-2012,109.4385681,110.0955937,106.21914,107.9712083,11539244
25-05-2012,109.5042572,110.1941327,108.5406211,109.4604528,11194572
28-05-2012,111.4205856,111.8257527,109.5042611,109.767074,12206852
29-05-2012,110.588356,112.1214157,109.9641804,111.7271963,10573024
30-05-2012,109.6466141,110.6869045,108.7486778,109.5152076,10167280
31-05-2012,110.8621292,111.4534483,108.4858851,108.6282394,19039120
01-06-2012,107.4017868,111.0701799,107.3141847,110.3803043,11708748
04-06-2012,108.5515823,109.175758,106.2300905,106.8761683,11360968
05-06-2012,109.8327713,110.5773989,109.164798,109.5042585,10710712
06-06-2012,113.8625336,114.5414546,110.2707885,110.5664514,25091692
07-06-2012,117.7827835,118.1551007,114.54146,114.8042729,19800492
08-06-2012,118.0674896,118.8668761,116.2825782,118.4617157,19322744
11-06-2012,118.6916733,120.2137852,117.9141957,118.505508,13071884
12-06-2012,120.3670807,120.6408413,117.8156394,118.0017913,11253840
13-06-2012,118.6478653,120.9803114,118.220796,120.6736941,8064732
14-06-2012,117.0381699,119.8852809,116.6549049,118.2646123,8642552
15-06-2012,119.9181137,120.3889874,117.1586117,117.1695594,9932224
18-06-2012,117.1586227,120.8927157,115.9759713,120.8927157,11237464
19-06-2012,117.4871292,118.0455983,115.2641873,117.1257598,11860736
20-06-2012,116.9943619,118.374113,115.7569583,117.6075831,9534472
21-06-2012,118.8997345,119.2939472,116.3592276,116.7315447,10652656
22-06-2012,119.2173004,119.3815568,117.1914713,117.1914713,6168816
25-06-2012,117.541893,120.1261913,117.1695758,119.4472701,6374848
26-06-2012,119.0201721,120.0166581,117.454256,117.8265731,5853128
27-06-2012,120.2356949,121.4840463,119.5786692,119.5786692,11937288
28-06-2012,121.0744781,121.9905439,119.9156067,120.7213037,12142440
29-06-2012,124.3965836,124.6945872,121.858103,121.8691371,12659172
02-07-2012,126.6922607,126.9240324,123.6129707,124.4959204,8201524
03-07-2012,127.1116486,128.0277143,126.1955963,127.1226962,8466800
04-07-2012,127.586235,128.2153313,127.0675075,127.2992791,12810284
05-07-2012,128.932724,129.1313931,127.0233534,127.5641627,8381528
06-07-2012,128.3588257,130.0143565,127.6966133,128.4912628,15741520
09-07-2012,127.6193619,128.4140113,125.6216772,128.0166866,7661160
10-07-2012,129.9371033,130.7427869,127.4758754,128.027719,13543016
11-07-2012,129.5728607,131.0738724,129.1534542,129.5507924,12299444
12-07-2012,128.0497589,130.4337336,127.0564406,128.8885718,7583748
13-07-2012,129.5838928,130.5441086,128.5685061,129.1313838,9508572
16-07-2012,128.6126404,130.8310484,128.2594525,129.79358,12850160
17-07-2012,128.7451019,129.9591578,127.7186675,129.5728673,8539356
18-07-2012,129.5728607,129.948117,128.0497672,129.0651674,7117996
19-07-2012,130.1026611,130.4116855,129.2528138,129.9260604,4800448
20-07-2012,128.6016235,130.0143485,128.248449,130.0143485,4168944
23-07-2012,126.4825287,128.0276905,126.0520881,127.4537786,6094528
24-07-2012,126.714325,127.4648376,125.8644912,126.3832188,5305588
25-07-2012,127.155777,128.2042796,126.6370495,126.8026025,8815704
26-07-2012,124.8932037,127.7517554,124.2751418,127.5862024,17705416
27-07-2012,129.0430908,129.9481223,124.6393901,126.2618047,13430872
30-07-2012,129.6280365,130.6544708,128.91064,129.5949205,8466284
31-07-2012,129.7384186,130.2350778,127.9945876,130.2350778,8391408
01-08-2012,129.4624786,129.8708374,127.4979105,129.2527754,7870988
02-08-2012,128.5795746,130.0585183,127.4317371,129.4625245,6885460
03-08-2012,129.837738,130.0143253,127.9725044,128.2484261,9951500
06-08-2012,132.4976349,132.8839254,130.8972886,130.9304046,12329176
07-08-2012,132.4645386,132.9501637,131.7802579,132.8839451,11228764
08-08-2012,132.1996765,132.8839573,131.2725764,132.4424823,8053116
09-08-2012,133.4688873,133.9876149,132.1113468,132.6631904,9873120
10-08-2012,132.9170532,133.965556,132.3652096,132.4424623,15127420
13-08-2012,134.0870056,134.5395148,132.4425084,132.4425084,8421704
14-08-2012,134.2414703,134.4290918,133.1598516,133.9986511,11225568
16-08-2012,132.453476,134.241457,131.967851,134.208341,8143296
17-08-2012,131.3608398,132.9391179,130.632409,132.1334209,7686156
21-08-2012,131.6478271,132.1113704,129.8377773,131.3387893,8340840
22-08-2012,131.7581787,132.5417939,130.5330752,131.2063351,9580860
23-08-2012,131.9347382,133.4467839,131.3939289,132.3099944,9425048
24-08-2012,131.6257324,132.530764,130.9524859,131.0076703,6708376
27-08-2012,131.1952667,132.1996327,130.6875734,131.3387514,4046724
28-08-2012,130.0915833,131.2394204,129.462487,130.8752118,8895964
29-08-2012,129.9150085,131.5153549,129.4073152,130.0695274,6729628
30-08-2012,131.5374298,132.8839226,129.352124,129.352124,22716404
31-08-2012,131.4160461,132.4424808,130.069553,130.3123588,12506740
03-09-2012,130.3344116,131.9568263,129.7936023,131.9016419,7437816
04-09-2012,130.2571564,130.7538156,129.6170259,130.3564909,5772588
05-09-2012,130.6986237,131.559505,129.6501209,129.7936056,12158472
06-09-2012,129.8267059,131.0076456,129.3741835,130.2571331,5097452
07-09-2012,130.3233795,131.3387663,129.2859109,131.1732132,11205148
10-09-2012,130.4889221,131.7802305,130.091584,130.5661748,6034892
11-09-2012,131.2063446,131.7802566,128.767185,129.9591726,6311544
12-09-2012,132.2658691,132.4424564,131.0959635,131.3939536,6391016
13-09-2012,132.2658691,132.7735625,131.0186973,132.6631938,3399760
14-09-2012,135.2568817,135.6983566,132.6521823,133.8993409,25771220
17-09-2012,134.2745972,136.846194,133.656535,136.6364907,21086848
18-09-2012,133.6454773,135.0913047,133.2922893,134.2745736,10039176
20-09-2012,133.9655457,134.6498263,132.6631895,132.8839269,10491328
21-09-2012,137.9940033,138.843837,133.5682073,134.36287,23602848
24-09-2012,140.1682739,140.5876804,137.4752745,138.0712683,17574880
25-09-2012,140.5876923,141.0291672,138.2147646,139.7268108,11686144
26-09-2012,139.2301025,140.5214108,137.7732412,140.1351204,10730508
27-09-2012,139.2411652,140.6097399,138.005041,139.7267902,15861744
28-09-2012,138.8769836,140.0137735,138.2037236,139.4840117,11007688
01-10-2012,137.4862976,139.5060504,136.8572013,138.8438381,8054784
03-10-2012,136.7358093,138.3582241,136.4047032,137.740162,11032228
04-10-2012,139.3515625,139.925488,137.1773038,137.188338,12652064
05-10-2012,137.3869781,140.9739613,111.4834333,140.8304766,14947024
08-10-2012,137.011734,137.7180965,136.0956682,137.7180965,9290672
09-10-2012,138.1264496,139.1749524,137.2986842,137.9498623,4310768
10-10-2012,136.4046783,137.7401369,136.0183879,137.7401369,4295016
11-10-2012,137.9277802,138.5789583,136.5150687,137.1110624,9812932
12-10-2012,139.3184509,140.1682847,138.1816476,139.0645975,15506408
15-10-2012,139.9806671,140.1462202,137.4311386,139.5943766,7572068
16-10-2012,139.1528931,140.2786487,138.6451862,140.2234643,7273836
17-10-2012,138.6452026,139.6164529,138.2920281,139.5060842,6433772
18-10-2012,140.4331512,140.8084076,137.8394865,139.0645765,5618460
19-10-2012,138.7334747,140.168268,138.4023686,139.5060557,9055400
22-10-2012,141.0512238,141.2719612,138.0050498,138.0050498,8241404
23-10-2012,139.9695892,141.1615767,139.6164148,141.0622421,8332960
25-10-2012,140.6869965,141.4926935,138.8438443,139.6495413,17011340
29-10-2012,141.4043732,141.8237796,140.289652,140.7973453,5512328
30-10-2012,139.8702698,142.3314839,139.1970099,140.6207689,8834904
31-10-2012,139.991684,140.3669403,139.0756182,139.9696021,7492968
01-11-2012,138.7555542,140.3227982,138.5127484,139.67162,7058460
02-11-2012,139.1308136,140.8304947,138.6231202,140.8304947,5432772
05-11-2012,140.1682739,140.3890114,139.2301398,139.5060616,4022128
06-11-2012,141.1725922,141.5368142,139.9364682,139.9364682,7278084
07-11-2012,141.2829895,142.3756425,140.5876747,141.216771,8200660
08-11-2012,141.0512238,141.4926986,140.2786427,140.4993802,3867800
09-11-2012,141.1284485,141.9341454,140.1682462,140.8856427,4420776
12-11-2012,143.7662964,144.31814,140.664938,140.664938,9657456
15-11-2012,142.6515656,142.905419,141.0512192,142.8171186,9442340
16-11-2012,141.7686157,143.170293,141.3050725,141.9341688,12102824
19-11-2012,142.7619324,143.0157858,141.1505518,141.2167704,5787948
20-11-2012,144.3291779,144.7817004,143.0930535,143.280675,9353388
21-11-2012,146.5034485,146.9007732,143.4131242,144.616146,12929784
22-11-2012,147.6954193,148.1479419,146.5696637,147.1877259,8440964
23-11-2012,147.8388519,148.467948,145.4769594,147.7836676,5249712
26-11-2012,146.1060944,148.7107931,145.7087563,148.5562742,5481536
27-11-2012,150.2118378,150.9402687,146.7683389,146.7683389,16502672
29-11-2012,154.4830933,155.3439747,149.0860736,149.5496168,25199452
30-11-2012,155.388092,155.7302323,152.2205023,154.736914,15639292
03-12-2012,151.6355438,154.7700173,150.9843659,154.5161639,11636340
04-12-2012,151.2382813,152.3088526,150.3332495,151.0064961,8679488
05-12-2012,152.8827362,153.4125114,151.646612,152.0880869,9219860
06-12-2012,153.3573151,154.1850803,150.2780255,153.5890866,10904552
07-12-2012,152.993103,154.0747218,151.8673476,153.4676939,7936632
10-12-2012,152.9710388,153.7436198,152.2315738,152.3088265,8324104
11-12-2012,152.4964447,154.2954601,151.4920921,153.4676948,13500552
12-12-2012,153.1586456,153.6332364,151.9777059,152.5847338,7736504
13-12-2012,152.5406036,153.6332566,152.0880946,153.1586658,6283232
14-12-2012,152.0329132,153.2800851,151.2824005,152.3198692,8373892
17-12-2012,149.3288727,151.8452848,148.6887287,151.8452848,12230212
18-12-2012,149.2074738,150.5870827,147.8388989,149.6489486,13375072
19-12-2012,151.8673706,152.1432924,148.8874149,148.8984491,16489012
20-12-2012,150.8519745,151.6466239,150.1566462,151.4258865,10260748
21-12-2012,149.2185364,150.5429613,148.7880956,150.3222238,11086244
24-12-2012,149.2405853,150.1345828,148.291417,150.1014668,5482252
26-12-2012,150.1676788,151.1720315,148.5783666,149.6820538,5723216
27-12-2012,150.1235199,150.9844013,149.3730207,150.9844013,9858168
28-12-2012,149.5827332,150.7636731,148.8101521,150.3442666,7024264
31-12-2012,149.7924042,150.1014419,148.7770175,149.4392297,5107288
01-01-2013,151.0947876,151.2272247,150.0242163,150.5650123,4029212
02-01-2013,151.7238464,152.3088059,150.7746783,152.2867376,9709596
03-01-2013,150.8409119,152.3088211,150.1897472,152.3088211,9142732
04-01-2013,149.9579926,151.2051646,148.5121648,151.2051646,10884508
07-01-2013,147.4967346,150.9181643,147.0111096,150.9181643,11004568
08-01-2013,147.9492493,148.6445775,146.9448967,147.4525901,9885196
09-01-2013,147.3422394,148.4569607,147.0221674,148.3355578,12871964
10-01-2013,149.1743622,149.6599873,147.1215066,147.783719,9130368
11-01-2013,147.739563,149.4171756,147.165651,149.4171756,10283428
14-01-2013,147.739563,148.0044506,147.2539379,147.485723,11389748
15-01-2013,147.5188141,149.097092,146.7903833,148.0706576,8263376
16-01-2013,145.7970734,147.7174917,145.1569294,146.9117947,9150756
17-01-2013,147.1877136,148.0816975,144.3733114,145.1790084,12844144
18-01-2013,146.3157959,148.7770236,144.649231,147.8940739,20224692
21-01-2013,145.3666382,146.4372228,144.5278386,145.6867102,10854720
22-01-2013,144.3070984,145.9074448,142.9385236,145.3556012,8486128
23-01-2013,144.9362183,146.3489435,144.439559,145.0245186,7079740
24-01-2013,145.7529449,146.2937544,144.6382234,144.7154762,6147960
25-01-2013,146.8014069,147.2318475,144.7044015,145.7529042,5589732
28-01-2013,147.9713135,148.3355356,146.6689709,146.8455581,7368020
29-01-2013,144.0201721,148.0927813,143.4793626,148.0596653,11961748
30-01-2013,144.9472351,145.3335256,142.1549013,144.1415381,10039632
31-01-2013,141.9452057,145.2231647,141.2940276,144.9361953,13888384
01-02-2013,141.305069,142.3425241,140.4331534,142.3314899,10484144
04-02-2013,142.7950592,143.3689712,141.2719654,141.5258189,10475800
05-02-2013,142.1879883,142.8612346,140.4662259,140.4662259,7460020
06-02-2013,141.1615906,142.795053,140.6538972,142.728821,9873588
07-02-2013,141.6030884,141.9341946,140.0689603,140.4552508,9082836
08-02-2013,143.4904022,144.2298809,141.3823619,141.3823619,18826656
11-02-2013,145.0134583,145.6756705,143.4793304,143.4793304,15167060
12-02-2013,146.834549,147.2318737,144.7265091,144.7265091,15832836
13-02-2013,146.6138,147.3201625,145.5763315,146.415131,14508832
14-02-2013,148.9536285,149.7482914,146.1281919,146.5696668,17684152
15-02-2013,149.3840485,150.2780323,147.4967462,148.2693272,12488780
18-02-2013,149.2185364,150.3001554,148.7770614,149.6600113,9469164
19-02-2013,148.9536285,149.527554,148.2362318,148.88741,2374812
20-02-2013,149.4282074,150.2780411,148.9756984,149.5496103,6861684
21-02-2013,147.0662994,149.5385611,146.5806744,148.9977518,10871872
22-02-2013,145.5321655,147.0994092,145.1458751,146.1723094,7708384
25-02-2013,144.9030914,146.834544,144.3843504,146.4041033,7552944
26-02-2013,143.7552643,146.3489293,142.4639556,144.5388795,11742640
27-02-2013,141.8789978,144.3622941,141.4706389,143.9870378,12871336
28-02-2013,138.0381317,144.571967,136.7137073,142.8060678,27887004
01-03-2013,137.4090576,138.9762881,136.0404828,137.9609012,17220728
04-03-2013,138.5458527,139.1307988,136.4157311,136.9344587,11969800
05-03-2013,139.7157593,140.1020498,137.5525352,139.2632502,10557580
06-03-2013,139.174942,140.6428512,138.8438359,140.1572262,10933316
07-03-2013,141.669281,141.9231344,138.4354857,138.7003599,5950984
08-03-2013,145.0907135,145.6867073,142.0224712,142.1990585,10596860
11-03-2013,144.6382141,145.6204985,143.5345269,145.0907232,8504584
12-03-2013,142.1548767,144.7375068,141.2939955,144.1415132,6895724
13-03-2013,140.146225,142.5743371,139.5502311,141.5037523,7913372
14-03-2013,143.3137665,144.2519005,135.8307627,140.14619,31914436
15-03-2013,141.1395111,143.457254,139.9033735,142.3756353,15439608
18-03-2013,142.0003815,144.3622746,139.0645764,139.7267887,17561924
19-03-2013,139.4067535,142.1107877,137.7401883,141.9342004,20028460
20-03-2013,138.0712585,139.8261238,137.0779401,139.5060518,11336436
21-03-2013,133.9875946,138.799667,133.2701981,137.4421401,14452588
22-03-2013,133.6013336,135.6652233,133.016374,134.429099,29525900
25-03-2013,134.517395,135.3892971,134.1090227,134.8705695,27198976
26-03-2013,135.6431274,136.3053396,133.0053129,133.7668596,13274404
28-03-2013,138.0381317,139.3184194,133.9765715,136.0846111,19496092
01-04-2013,137.7070313,138.8438343,137.077935,137.883632,6708772
02-04-2013,139.0424957,140.0137322,136.3936469,137.9608771,6857420
03-04-2013,137.6629181,139.4288177,136.7468523,138.6231206,6703616
04-04-2013,136.00737,137.6077163,135.4113763,136.5923161,8181984
05-04-2013,137.0669098,138.2699315,135.4003449,135.7424852,12959920
08-04-2013,137.8394775,138.8327959,136.3605342,136.6254218,8652128
09-04-2013,136.9896393,138.64517,136.2832903,138.64517,14760408
10-04-2013,139.506073,139.8702952,136.6254519,138.3582355,15144504
11-04-2013,141.1063843,141.7134121,139.4839698,139.6164068,25066068
12-04-2013,142.0886841,142.5632615,140.4110716,140.4110716,15206080
15-04-2013,141.6141052,142.0335118,140.1682777,141.7355081,15923768
16-04-2013,146.426178,146.9780216,141.7906917,141.9341764,13740312
17-04-2013,145.7087708,148.3024355,144.9803399,146.7903895,14956948
18-04-2013,148.688736,149.0860741,144.3622875,144.3622875,9223784
22-04-2013,154.1409302,154.9576613,148.9315327,148.9315327,19860152
23-04-2013,152.0880737,154.5161852,149.8365495,154.2512976,23863560
25-04-2013,152.2095032,153.4125249,150.1124974,152.8275653,25895124
26-04-2013,152.1101532,152.8054815,150.7636603,151.7900947,8568744
29-04-2013,153.4456177,153.8208605,151.5362337,151.9225241,11675432
30-04-2013,150.6091614,153.622233,149.3951054,153.1917923,12552272
02-05-2013,152.860672,153.1917781,150.6091475,151.0727042,12303268
03-05-2013,150.3111725,153.1917936,149.803479,152.8827557,12286584
06-05-2013,149.1081238,149.9469233,147.8830338,149.8807047,7673460
07-05-2013,151.8784027,152.2867751,148.445938,149.2847376,11098464
08-05-2013,153.887085,154.4058125,151.5362262,152.0880697,8653956
09-05-2013,152.3198853,154.405857,151.9115263,154.3065224,4523360
10-05-2013,155.2556915,155.5978454,152.0108616,152.0218957,13913256
13-05-2013,152.9158325,157.0436246,152.4853919,155.6198656,9593972
14-05-2013,152.0991364,153.3904585,151.2272207,152.3198738,6653676
15-05-2013,157.7941284,158.0479818,152.6067994,153.0813902,14173480
16-05-2013,159.5490112,159.8138988,156.9443123,157.1650497,11660616
17-05-2013,158.6881561,159.4828055,156.5470002,159.4828055,12819852
20-05-2013,157.7168732,159.8138785,157.1981457,158.8205602,5841608
21-05-2013,156.2379608,158.4894854,155.6309328,157.6065357,9206500
22-05-2013,155.2777405,157.1650427,154.0747188,156.1717243,5412112
23-05-2013,154.2071686,155.9399655,153.2580003,154.2954689,7905248
24-05-2013,154.8141785,155.7854285,153.2579824,155.7854285,8264240
27-05-2013,157.8382721,158.2687127,154.2071392,154.2071392,8995208
28-05-2013,157.4520111,159.1075419,156.0172178,157.6617144,6707916
29-05-2013,158.0369415,158.588785,155.366011,156.7345855,4933492
30-05-2013,160.0677795,160.542357,156.7456699,156.7456699,15357456
31-05-2013,154.6265869,159.0854862,154.0085247,158.3239393,12332896
03-06-2013,152.12117,154.8252029,151.5472448,154.0746905,7890124
04-06-2013,150.7746735,153.1476004,150.3221645,151.7128074,5616324
05-06-2013,151.8563232,153.2800824,149.7703518,150.5429328,7563676
06-06-2013,150.5870819,152.1763941,149.659982,150.8740379,7116412
07-06-2013,149.2516174,153.0593381,148.6004393,150.4877416,9556224
10-06-2013,149.2957458,151.6466047,148.2251748,150.3332144,6368012
11-06-2013,146.7683105,150.3001091,146.1723168,148.6556127,11820860
12-06-2013,146.558609,148.6445803,145.3445532,146.1281684,9815652
13-06-2013,145.8129425,147.1261771,145.4234254,146.3693955,7149736
14-06-2013,148.0276489,148.7844306,146.7478068,147.3487789,14965212
17-06-2013,148.5395966,148.95138,146.313784,148.1500794,13070908
18-06-2013,146.3360291,148.6842583,145.7907023,148.6842583,12446568
19-06-2013,148.0610504,148.372656,145.3121638,146.0355529,9646956
20-06-2013,141.6952057,146.6476381,141.2500432,146.6476381,15138044
21-06-2013,141.3947144,143.0195545,140.2484157,141.7397125,17899844
24-06-2013,139.1911774,141.083118,138.8350528,140.6268291,10768052
25-06-2013,141.1165009,143.8765136,138.534564,139.335851,18686432
26-06-2013,138.6347198,141.9289331,138.0003687,140.560053,10476020
27-06-2013,143.8987732,145.2787796,138.5234308,141.1165077,27003560
28-06-2013,149.0181427,149.841696,144.4774799,144.5665178,21082680
01-07-2013,148.8512115,150.0197631,147.9386339,148.9068569,9838684
02-07-2013,146.1357117,148.8512055,145.6349039,148.8400792,9183152
03-07-2013,144.8224945,145.7239458,143.2532858,145.5681363,13386260
04-07-2013,145.8240967,146.3360308,143.7207014,145.5236039,9591060
05-07-2013,148.6286163,149.7415225,146.56974,146.9258645,9543496
08-07-2013,147.0037689,148.5618375,145.2898908,147.7939295,7169296
09-07-2013,149.196228,149.9641362,147.3933251,147.3933251,7040192
10-07-2013,146.7478027,149.5523344,146.04668,149.1850699,7138580
11-07-2013,152.0786285,152.8465365,148.2502286,148.4616835,10599568
12-07-2013,154.8609161,155.2949523,151.7559048,152.9133301,15634852
15-07-2013,154.7941284,155.3728342,152.2455705,153.8036392,8511888
16-07-2013,151.0658875,152.3568559,149.1183016,151.1326591,11647384
17-07-2013,147.5490875,151.533283,144.2103694,150.8655394,22633988
18-07-2013,152.267807,153.2471698,146.224735,149.1071646,13663880
19-07-2013,151.3552094,154.0150573,149.8305336,153.1469852,12458420
22-07-2013,151.8115387,152.9133186,150.4649249,150.4649249,6460432
23-07-2013,152.1565094,153.5810346,151.58893,153.1136195,7414784
24-07-2013,146.8924866,150.4649126,145.4568349,150.0197502,14628748
25-07-2013,145.5347443,148.2391119,144.7112045,147.0483076,16267256
26-07-2013,143.3645477,146.0689148,142.0068078,146.0132695,9356492
29-07-2013,140.7826385,143.1197416,140.1482874,143.1197416,14922224
30-07-2013,139.1911774,141.3390918,138.0226258,140.3931215,14691084
31-07-2013,135.7189026,138.4010036,135.0845515,138.2229414,26824520
01-08-2013,140.7158508,141.9623002,136.3087454,136.6426172,23446608
02-08-2013,140.504425,141.2945858,139.525062,140.2261985,20015848
05-08-2013,140.827179,141.4392775,136.8874876,140.571205,13598372
06-08-2013,135.4740753,140.5266585,134.9955202,140.4487605,19645180
07-08-2013,133.8158264,136.7427612,133.5487262,135.763412,22756456
08-08-2013,135.8858337,137.4439023,133.5487309,134.4390558,20461448
12-08-2013,134.0384369,135.9526303,133.2482761,135.7856943,15700868
13-08-2013,138.1116638,139.0687605,133.1369784,134.4056806,14702392
14-08-2013,138.300827,138.8127747,135.4740566,138.4455102,14303708
16-08-2013,130.8554993,138.4455131,130.1877556,136.6648634,28059568
19-08-2013,130.1432343,131.0112928,126.9380594,130.6551683,20018440
20-08-2013,130.1543579,131.3006565,126.092251,127.9730648,25726984
21-08-2013,132.068573,137.8556852,131.3229313,134.8842311,28908596
22-08-2013,131.0335846,134.3723033,126.8713125,131.1003563,30250692
23-08-2013,135.2292175,135.5853556,130.944529,131.7680823,20698444
26-08-2013,136.0639191,138.6236035,134.1163331,136.2976267,14607608
27-08-2013,125.0684128,133.5487532,123.632761,132.9477811,54708372
28-08-2013,125.0795288,127.3164675,117.5228931,123.6883961,37067552
29-08-2013,127.3275986,129.6535753,126.4261472,126.4261472,40771004
30-08-2013,132.2132416,133.5487289,127.0159756,127.0938736,36616916
02-09-2013,131.2116394,134.5169653,129.6535707,133.1035799,19515716
03-09-2013,125.2130661,132.8587394,123.9888694,132.8587394,18140008
04-09-2013,125.5469208,128.3959574,124.4562811,126.3037023,20941800
05-09-2013,135.6632538,138.6458476,129.9874327,129.9874327,33246248
06-09-2013,137.1545715,138.0003776,130.5995509,135.9971463,18997216
10-09-2013,142.0068207,142.6745643,137.6442341,138.1227756,20298836
11-09-2013,144.0657196,144.6778181,139.2357036,140.8939367,12690392
12-09-2013,141.1053772,143.7874784,139.6919782,143.008444,17676536
13-09-2013,140.0481567,141.2278349,138.2229874,140.771546,15503120
16-09-2013,143.0752411,144.432995,140.0036222,141.895563,12139216
17-09-2013,142.9528198,143.5649183,141.0274864,142.0068494,8432088
18-09-2013,144.789093,145.7684559,140.4821516,143.2532771,10989616
19-09-2013,152.0674744,153.5587711,150.5316587,151.3552118,29280904
20-09-2013,146.6921692,152.7909008,141.3947382,151.9117022,24726152
23-09-2013,142.8860474,145.2008844,140.916195,144.9004051,13985240
24-09-2013,142.1069946,143.4202158,140.2150541,140.9050505,18175188
25-09-2013,138.1338959,142.8303676,136.486803,142.0068144,20980920
26-09-2013,138.2563477,139.3358613,137.5552113,138.300853,22582440
27-09-2013,135.5297241,138.8906955,134.6616518,138.445533,16408692
30-09-2013,132.0018005,136.4089063,130.8109963,134.8842303,17062428
01-10-2013,136.1418152,136.7539136,131.1782429,133.2816382,12997108
03-10-2013,141.6061859,142.2294107,135.7745548,136.9542326,9772912
04-10-2013,142.5521393,144.0990814,141.339069,141.4503596,13628376
07-10-2013,141.1832886,142.0402346,137.6108621,141.6729701,9922000
08-10-2013,140.81604,145.6905615,139.2913503,144.7891101,11768148
09-10-2013,144.4886322,144.8781494,138.6681267,139.1578082,8668760
10-10-2013,142.6857147,144.4552385,140.9718363,144.4552385,8345284
11-10-2013,147.1929626,147.7382894,142.307302,144.0768255,13390264
14-10-2013,148.5729828,148.9736263,144.3773317,146.3582967,12375720
15-10-2013,145.2231445,150.2423492,143.921036,149.7971867,16143324
17-10-2013,145.6126404,146.8924824,143.0195637,145.3455402,14551588
18-10-2013,150.598465,151.2550824,145.8463608,145.8463608,21281184
21-10-2013,149.4076538,151.0881394,147.4711943,150.0197522,11225424
22-10-2013,148.9068298,150.0086095,148.061024,149.3519923,8758096
23-10-2013,146.9481201,148.9068321,145.5235949,148.9068321,13544956
24-10-2013,148.9736176,150.4092692,146.0578088,146.0578088,12321928
25-10-2013,149.6969757,150.231176,147.6047207,148.0721357,8946872
28-10-2013,148.6620331,150.2423546,148.1055799,149.7971921,8382088
29-10-2013,152.802002,153.358455,145.9131107,148.6842495,15222916
30-10-2013,151.2105713,153.024614,150.4092842,152.6907421,10188672
31-10-2013,151.5332947,152.4792649,149.8862018,150.5094265,18195556
01-11-2013,152.2010498,153.1358937,150.9546003,151.7113684,15642444
05-11-2013,150.5205688,152.4681548,149.7971798,151.4554128,14258472
06-11-2013,148.884613,151.1771973,148.072186,151.1104257,4610652
07-11-2013,148.1055756,150.7988034,146.2136349,149.1294439,7789140
08-11-2013,145.2342682,148.6063796,143.4870108,147.6604093,13480760
11-11-2013,145.6237793,147.059431,137.2658563,143.3423215,11216304
12-11-2013,143.7763519,147.5824856,143.1976326,145.2453827,8980320
13-11-2013,141.0497437,144.1102359,139.8589258,142.2294216,10561084
14-11-2013,142.9416809,144.6555592,142.0068369,142.0068369,12626860
18-11-2013,148.8623352,149.1294354,144.4663556,144.9894297,14873920
19-11-2013,146.9147339,148.7732953,146.3360281,148.7732953,6789036
20-11-2013,144.5776367,146.6810321,143.876514,146.169098,8370096
21-11-2013,141.9289398,143.6984499,141.3724867,143.4647423,12787656
22-11-2013,142.930542,143.9878028,141.3613335,143.00844,7492384
25-11-2013,146.8479767,147.2931392,144.2437734,144.2437734,16150540
26-11-2013,145.3344269,146.8813693,144.3216849,146.3916878,14478516
27-11-2013,145.4679718,146.625397,143.3645763,144.922645,8593012
28-11-2013,145.4345856,147.57136,144.2437678,145.9242534,14773732
29-11-2013,147.1929626,148.8845881,145.7907036,145.7907036,9571080
02-12-2013,147.1929626,148.0165159,146.4695737,147.3487722,6858612
03-12-2013,145.9576416,147.3932933,145.2676452,146.9036118,10288280
04-12-2013,146.3693848,146.8034208,145.445681,145.7684264,10476608
05-12-2013,153.1581116,153.5587686,149.4743956,149.4743956,32019992
06-12-2013,151.9562225,153.492025,150.9657333,152.445904,16069232
09-12-2013,155.0612183,159.6797788,154.1486271,158.0326722,25265628
10-12-2013,155.0723572,156.2186424,153.5810601,154.1041206,25064880
11-12-2013,154.816391,156.2075239,152.8910713,153.6033204,12289776
12-12-2013,154.7384491,155.9292531,153.6923148,154.2932867,12867696
13-12-2013,153.5699158,156.2520168,152.468136,153.0913607,25316080
16-12-2013,152.3234711,153.7813891,151.6223483,153.1358981,21432244
17-12-2013,146.3693848,150.3869861,145.5792243,150.3869861,17942644
18-12-2013,148.294754,151.4999294,144.5776445,144.7890994,14087316
19-12-2013,145.2453766,152.2344325,144.7668351,151.1326527,10019516
20-12-2013,147.9275055,148.8178306,144.7000771,146.4139556,5722468
23-12-2013,147.8940887,149.4632836,146.235856,146.4584372,5531232
24-12-2013,146.3026581,148.3504084,145.8018503,148.1389535,3554696
26-12-2013,148.9179688,149.6191051,146.213615,146.8702187,8046760
27-12-2013,149.0514984,150.3424666,147.8161619,147.8161619,5464012
30-12-2013,149.0181427,150.687502,148.0499197,150.6429831,4227604
31-12-2013,148.2057037,149.6413554,146.9258617,149.5968364,5261312
01-01-2014,148.049942,149.0849368,147.5713868,148.6842932,4492436
02-01-2014,146.2358398,150.1866559,145.467932,148.0164893,7228992
03-01-2014,147.5936127,148.2391037,144.6778039,145.1229664,6513184
06-01-2014,147.2819824,147.5713353,146.2358481,147.5713353,5963420
07-01-2014,147.8829803,149.3408847,145.4123204,148.4839388,7896920
08-01-2014,147.9497681,148.4505759,146.9036334,148.0610587,4649480
09-01-2014,147.560257,148.2502535,146.2581484,147.6159023,3777472
10-01-2014,147.3598938,150.1755517,146.0800518,147.5602223,6150508
13-01-2014,149.7637634,150.6763546,146.213604,146.925853,4752580
14-01-2014,149.6413269,150.46488,148.7510022,148.9179381,3577120
15-01-2014,151.4776459,151.9562009,149.0403788,149.7971604,4627840
16-01-2014,149.8082733,152.4681214,149.2073014,152.3345781,4501176
17-01-2014,148.01651,150.2423222,146.692149,150.2423222,43374856
20-01-2014,149.140564,150.6207347,148.3281506,148.7065278,5600368
21-01-2014,150.4871674,151.0881394,149.1294273,149.7860446,6251924
22-01-2014,150.7097473,152.4013728,150.1644342,150.3536228,7033336
23-01-2014,151.2439575,151.6000821,149.7415341,150.2423419,5482740
24-01-2014,149.8861847,150.2311828,147.7271443,149.1294032,8842900
27-01-2014,144.4997406,147.9942687,143.69844,147.9942687,17060448
28-01-2014,143.4424896,146.0133004,142.1403812,144.2326503,18395424
29-01-2014,143.6650543,144.8781247,142.5744009,144.1213431,10970924
30-01-2014,140.6268311,142.4297473,139.703127,141.8955469,11425460
31-01-2014,139.8923035,141.6284343,139.1355218,140.2261753,9620984
03-02-2014,139.4471588,141.1165183,139.1355396,140.2150669,4776820
04-02-2014,140.3597107,141.4503641,137.2880926,138.3676197,7409304
05-02-2014,141.8843842,142.4074445,139.1354983,140.4487327,6905384
06-02-2014,144.0100403,144.588746,140.1148692,142.1737453,13466944
07-02-2014,144.177002,145.6794254,142.9194125,145.2120102,4029468
10-02-2014,143.3200684,144.7112011,141.5616711,144.154748,6280820
11-02-2014,143.5203857,144.0434598,142.2961889,143.787486,4464856
12-02-2014,143.6650543,145.3010209,143.2644108,143.9210146,6436960
13-02-2014,140.7826385,144.2326479,140.504412,143.7874854,3155200
14-02-2014,142.8526459,143.3089347,140.0815065,141.1165148,4249112
17-02-2014,144.7668304,145.122955,142.6968142,142.8971428,3650120
18-02-2014,146.99263,147.8829548,144.0990744,144.3439083,5019672
19-02-2014,149.140564,149.6302454,145.7907189,146.0578191,4060948
20-02-2014,147.5157166,148.5618511,147.0928068,148.1945866,3448436
21-02-2014,147.8829803,149.0403919,146.8368458,146.8702248,3043872
24-02-2014,149.352005,149.7971675,145.9576413,147.3710266,5018984
25-02-2014,149.3742676,150.4649211,148.2391087,150.0197586,4020560
26-02-2014,150.7765503,151.1771938,148.806698,149.1294435,4551340
28-02-2014,149.0403748,152.0007158,148.0498992,151.8003872,4903584
03-03-2014,148.2835846,149.5745527,147.6158411,148.0610034,3678432
04-03-2014,149.5078125,149.986354,147.8495796,148.2390968,6443868
05-03-2014,149.073761,150.2423123,147.4600473,149.9084405,4006984
06-03-2014,150.3758698,150.8432985,148.7065106,149.797164,4948680
07-03-2014,158.355423,159.123331,150.5094344,151.2662025,22767568
10-03-2014,163.4747772,164.0201039,155.8068516,157.2536295,26123852
11-03-2014,161.4047699,164.7100954,160.158307,163.4858988,13000472
12-03-2014,161.4937897,163.1520224,159.4794325,160.5366932,7110216
13-03-2014,165.2331696,166.8246308,161.9278437,161.9278437,11448452
14-03-2014,162.9628601,164.6878647,161.1488176,163.5972112,12208480
18-03-2014,163.374649,165.778524,162.1059331,163.6862683,8102724
19-03-2014,164.3651123,165.4446258,163.7641403,164.7101105,6055136
20-03-2014,162.5288086,164.3651036,162.0391272,164.3651036,5195084
21-03-2014,163.3412323,164.1536592,162.7514002,163.6305988,7525592
24-03-2014,167.0806274,167.5814353,163.374644,163.4859347,11713860
25-03-2014,166.9692993,169.2841357,166.435099,166.9359067,8031092
26-03-2014,166.0567169,168.3381744,165.6226808,167.5591402,9409312
27-03-2014,166.2125397,169.328677,165.1552788,166.9359287,24554932
28-03-2014,165.8118744,167.8484843,163.608315,166.9247804,12160900
31-03-2014,166.6688232,167.6036671,165.4001075,166.4796346,8262428
01-04-2014,164.2872162,167.7260992,163.051893,167.2698104,8051832
02-04-2014,162.907196,166.0455857,160.6813839,165.8118782,10398752
03-04-2014,162.2172089,164.264959,161.6496294,163.8197965,5559704
04-04-2014,161.4715576,163.1520432,160.2696135,161.4938103,7422408
07-04-2014,161.4492493,162.9294195,160.9484416,161.3713513,11733156
09-04-2014,165.1218719,165.8007555,160.6479949,162.0502538,10520384
10-04-2014,164.5765533,166.6354296,163.8197718,165.7451047,7494792
11-04-2014,164.2983246,165.7784815,163.3523544,163.3857335,5207952
15-04-2014,161.1376648,164.4429902,159.8355566,163.4413748,8371868
16-04-2014,161.5828552,162.8849501,160.5033281,160.9707568,3572392
17-04-2014,159.9691467,160.5478525,157.4317151,159.42382,12302328
21-04-2014,159.4683533,161.7052923,158.7004452,160.8594862,6987752
22-04-2014,161.9389648,162.3952536,159.6797736,160.6813891,11395824
23-04-2014,163.1520386,164.5876902,160.8371884,161.3491361,21025344
24-04-2014,163.1520386,163.1520386,163.1520386,163.1520386,0
25-04-2014,161.6829987,164.2649353,161.3713795,163.1854218,6212444
28-04-2014,161.4159088,162.3173601,160.3809007,160.7592915,4882860
29-04-2014,159.3236542,161.9278575,158.5891388,161.6830235,6641236
30-04-2014,160.5478516,162.4620584,158.3999507,159.3681737,8786920
02-05-2014,159.6130066,161.9389833,159.2680084,161.037532,5915292
05-05-2014,159.5239868,160.9484987,158.9230147,160.2251096,5192324
06-05-2014,160.3029785,161.2823276,158.9452251,160.3029785,6184560
07-05-2014,159.2791443,161.8165761,158.3554402,159.9246354,6598624
08-05-2014,159.8801117,160.9262463,159.2568869,159.6241514,7520428
09-05-2014,168.4494629,169.1617255,160.2584768,160.2584768,16376444
12-05-2014,176.3177338,176.9186922,167.9375447,168.071088,17561360
13-05-2014,175.4273987,178.0649808,174.1698093,178.0649808,12665216
14-05-2014,172.6006165,176.9075578,172.3335163,174.7262645,8501500
15-05-2014,175.4719086,176.0951469,170.5083498,171.1649672,9466188
16-05-2014,179.1110992,190.08435,175.3160924,178.0649649,32868368
19-05-2014,180.7137146,185.8553358,179.8456423,181.6040396,10522804
20-05-2014,181.6374207,182.8727438,179.0332174,181.6262943,6357032
21-05-2014,180.1794891,181.2923952,179.1778737,180.8138401,3642388
22-05-2014,178.6437225,181.4037357,177.6198541,180.7359919,7806456
23-05-2014,175.7612762,178.7327303,174.214334,177.8424053,9818936
26-05-2014,177.4306183,178.9664205,175.8391572,177.8423881,17395232
27-05-2014,179.1556244,180.4354664,175.4718944,178.064971,7619524
28-05-2014,183.2845154,184.0190307,177.9536922,178.0427302,14355564
29-05-2014,180.3464508,184.9093663,179.7120997,183.0953237,13684008
30-05-2014,176.4512787,183.1398423,162.4843058,181.4037113,32807544
02-06-2014,182.3830719,183.0396757,176.6182124,176.6182124,8083132
03-06-2014,183.4848328,184.2638671,181.1811225,183.1843535,3624148
04-06-2014,181.7821045,184.6756607,181.4259664,183.0508203,2864340
05-06-2014,180.7944183,183.0278365,179.7955514,182.2197584,7674472
06-06-2014,182.9942169,184.2848845,179.795606,182.4891731,10565276
09-06-2014,183.9369507,186.3050422,182.9380836,184.48689,9339920
10-06-2014,183.3084564,184.8684696,181.8157659,184.318544,4999344
11-06-2014,184.1726227,186.2713546,181.8157518,183.3869991,7743772
12-06-2014,188.516037,189.6608113,182.4555105,185.0705209,12732048
13-06-2014,187.5171356,192.1410862,186.675396,189.4475196,12212884
16-06-2014,188.3252258,189.178186,186.372387,186.5295145,5309880
17-06-2014,190.0199432,190.5249871,185.7102329,187.6518514,6988120
18-06-2014,187.3936768,191.1085652,186.0244525,190.1433595,5374628
19-06-2014,185.3510742,188.5384645,184.5542301,187.8987341,4720996
20-06-2014,184.4981079,186.6978514,183.9144935,185.407184,2969768
23-06-2014,184.3858643,185.5306246,183.0054059,184.9582444,5840844
24-06-2014,186.0805817,186.9223213,185.182726,185.2612829,5066224
25-06-2014,184.9807129,187.0233428,184.7338081,186.0805916,6330624
26-06-2014,182.3544769,185.5418533,181.5127373,184.0603971,21808264
27-06-2014,183.2074432,184.5093312,182.7136199,183.5778005,5142960
30-06-2014,184.4083252,186.9111033,184.037968,184.037968,6176100
01-07-2014,184.8011322,185.8448949,182.9380845,184.7337958,7641372
02-07-2014,188.5272217,188.9985904,185.2949363,186.4845921,7626724
03-07-2014,187.8314056,189.739349,186.6080745,188.7741568,6062740
04-07-2014,192.2869873,192.8032515,187.4497798,187.8313711,5631988
07-07-2014,188.6506958,193.19609,187.6181536,193.0165216,8131968
08-07-2014,186.1366882,190.4239432,184.0603972,189.4475307,6732272
09-07-2014,186.3723907,187.3936988,183.6114873,185.8561265,5795552
10-07-2014,184.8123322,190.3453723,182.3207885,186.3723589,9857544
11-07-2014,182.2197723,186.630493,181.5463807,184.3072837,9198780
14-07-2014,183.4880371,184.0604174,181.1760614,182.9380978,4921608
15-07-2014,185.5867615,186.0356893,183.2747859,184.2287575,6092036
16-07-2014,187.5957184,188.2129942,183.589043,186.1928189,9589300
17-07-2014,186.7090759,188.3252188,186.1928117,188.2578824,5039100
18-07-2014,186.8549805,187.831393,184.5093299,186.0581363,7288432
21-07-2014,185.732666,190.1097123,185.2388427,188.9312767,9813656
22-07-2014,188.516037,189.144547,185.6316808,186.2826317,6970352
23-07-2014,187.7191467,189.6719853,187.4273464,189.2454984,7849852
24-07-2014,189.054718,189.4475298,186.978427,187.6518187,4278600
25-07-2014,187.5395813,190.7494122,187.2365605,188.7741327,10665952
28-07-2014,186.2039795,188.5047339,185.8560633,188.2129336,3884952
30-07-2014,188.2803192,188.9761655,185.5979728,186.5295035,4685380
31-07-2014,187.2028961,188.5272386,185.9795651,188.0783108,11901344
01-08-2014,183.039093,185.8112167,182.2646898,185.4184049,6828460
04-08-2014,182.4891663,184.666469,181.1648237,183.8359498,7363044
05-08-2014,184.1053009,184.7337971,181.7933254,183.3870137,6077104
06-08-2014,181.8157806,183.9594084,181.2209458,182.9493207,3381400
07-08-2014,182.1524353,183.7236824,181.8157395,182.4666902,3933740
08-08-2014,178.7069397,181.3219359,178.4488007,180.6934397,7450680
11-08-2014,177.988678,180.2108627,177.6407616,179.7956099,5626224
12-08-2014,181.1872864,181.4790867,177.7754319,179.7956073,6603072
13-08-2014,182.3544769,183.1064255,180.1659539,181.8157581,7839820
14-08-2014,185.5643005,186.6753995,182.5564789,182.7360473,11873224
18-08-2014,186.8325043,187.3151071,184.8684453,186.3050196,6702168
19-08-2014,184.9245911,187.988529,184.5654543,186.9784414,7892856
20-08-2014,184.1838531,187.3375683,183.8359368,186.0805759,9434852
21-08-2014,186.8661957,187.4722509,184.2848608,184.5093247,6390480
22-08-2014,190.0648041,190.5137319,185.8673265,187.2814463,10015288
25-08-2014,189.3240967,191.4228289,187.9211972,189.2230852,6656064
26-08-2014,189.1108398,190.4576233,188.1231932,189.5597677,4165256
27-08-2014,187.786499,189.8964652,187.2028983,189.8964652,4852968
28-08-2014,189.3465118,189.7842192,187.2028844,187.988508,7991452
01-09-2014,188.8190613,190.5698772,188.2354468,189.8740445,4154656
02-09-2014,192.8593903,193.2858635,188.2466597,189.2455132,11442252
03-09-2014,192.2869873,194.1612552,191.1534338,194.1612552,9234780
04-09-2014,191.2095642,192.8144865,190.4576156,192.6012431,6406968
05-09-2014,190.4463959,192.0400841,189.4699697,191.24324,3835208
08-09-2014,194.1051636,194.7897758,190.6708685,191.0187849,9788344
09-09-2014,194.2959442,195.2611499,192.5451286,193.0613928,7661044
10-09-2014,192.4328918,194.1612666,191.7146047,194.1612666,4314252
11-09-2014,191.7707367,193.7347959,191.4677159,192.4553626,6532864
12-09-2014,192.073761,192.5900252,190.5586297,190.8167549,6086556
15-09-2014,193.1175079,194.1612705,190.7943121,190.7943121,5809088
16-09-2014,191.0187683,193.4990915,190.3453766,193.2634072,5076268
17-09-2014,189.9862671,192.1186743,189.0210613,191.9166513,7905896
18-09-2014,192.623703,193.2634196,189.0547215,189.6158812,6652568
19-09-2014,193.0950623,194.1612657,191.1085623,193.0389463,6542108
22-09-2014,192.3319092,192.7022801,191.0188007,192.3543638,6534316
23-09-2014,190.5361786,192.5563537,189.8066709,192.1523214,4716976
24-09-2014,192.0176392,192.4328919,189.6832092,190.1433574,6665496
25-09-2014,190.7830963,194.2959482,189.0210465,191.4677085,16595960
26-09-2014,195.6539307,197.3037346,189.6719633,190.7830621,9882252
29-09-2014,194.1837158,196.9333986,193.3083148,195.9569861,8682268
30-09-2014,195.878418,197.4833266,193.2970832,193.9816954,12035432
01-10-2014,194.834671,195.5417378,193.1511917,194.3857432,5870188
07-10-2014,193.5888824,194.6101904,191.7146008,194.1612626,5026288
08-10-2014,194.744873,195.2835919,192.6573615,193.1624053,3140384
09-10-2014,199.2341461,200.4350362,194.8907753,196.1814427,7650420
10-10-2014,194.6775513,198.6842404,194.1388461,198.2128579,4266980
13-10-2014,196.8099365,197.0792959,192.0625335,193.9368015,5376512
14-10-2014,194.913208,198.8637806,194.1949345,198.6505372,7266240
15-10-2014,194.913208,194.913208,194.913208,194.913208,0
16-10-2014,192.7808075,196.1814409,191.9278474,194.9244486,5533084
17-10-2014,198.706665,199.3463817,192.3880009,193.0950676,9977920
20-10-2014,200.625824,204.1723507,199.806539,200.6707195,9532004
21-10-2014,201.0186157,203.3081499,199.2453594,202.0174827,16037152
22-10-2014,200.5921631,203.4428436,200.0534443,203.1510432,4571544
27-10-2014,201.4002075,203.6560667,200.704375,201.8042397,6724768
28-10-2014,200.9625244,202.062403,200.6707241,201.7930436,5803492
29-10-2014,200.1207886,202.578671,199.7728723,202.0624068,7896188
30-10-2014,201.265564,202.0062921,199.1219227,199.7504326,10738180
31-10-2014,204.6774139,205.2946897,201.4226872,202.039963,10105988
03-11-2014,204.4192505,206.3496343,203.2295947,205.4293379,7239648
05-11-2014,204.8906555,206.5741349,204.3182753,205.3956993,7524180
07-11-2014,201.894043,203.4989515,200.5921552,203.1398148,9028492
10-11-2014,203.0612793,203.8917848,200.4462693,201.9052847,6389756
11-11-2014,203.7907715,205.9007238,202.5562201,203.3418437,5913408
12-11-2014,204.6549683,206.4843546,202.949048,204.4866203,9058664
13-11-2014,205.597702,206.506778,202.8929149,205.4966905,7388952
14-11-2014,208.7738953,209.4248461,204.6549876,206.1027827,8438056
17-11-2014,206.2711029,209.6492818,203.8132205,208.7514263,13464084
18-11-2014,209.2452545,209.8737507,204.7110809,206.731256,9189112
19-11-2014,207.9770203,210.4797982,206.9893873,209.8849634,3454848
20-11-2014,206.1027679,208.2912911,204.7335299,208.2912911,4770372
21-11-2014,209.3911285,209.8737314,205.1712103,206.7761325,8823808
24-11-2014,212.163269,213.240693,208.3249283,209.2788999,7316860
25-11-2014,214.0375671,215.2160027,210.7716199,211.6694755,12156508
26-11-2014,213.5324707,215.4628682,209.4921212,210.9511363,8976428
27-11-2014,212.8254547,214.0936675,211.6694601,213.3753803,13211448
28-11-2014,214.8456268,216.809686,212.5673128,212.7917767,9251860
01-12-2014,213.2406769,216.0352548,212.8366447,215.1037243,7389128
02-12-2014,211.7368011,213.150921,210.8165046,211.3888848,4517556
03-12-2014,209.4472656,211.9051481,209.2003608,211.4449999,6661184
04-12-2014,211.3103027,211.9500193,209.2003368,210.9960478,6839104
05-12-2014,211.6133423,211.9837132,210.0308745,211.2205305,4074180
08-12-2014,208.1117249,212.1184003,207.629122,212.1184003,4057128
09-12-2014,208.0219269,209.8737541,207.6403355,207.6403355,4873344
10-12-2014,209.0657196,209.8737843,207.6964813,207.8760498,5565432
11-12-2014,209.559494,210.0420969,207.6291099,208.7289885,4818844
12-12-2014,209.0881195,210.1431026,208.5269598,209.4248154,4616828
15-12-2014,211.3327637,211.9612599,208.302501,208.7514288,6638628
16-12-2014,207.7974548,211.4449932,205.8333957,210.4461261,4989956
17-12-2014,206.9220428,209.3125889,205.6089345,207.8535735,7064016
18-12-2014,209.6605072,210.2104465,206.9669403,209.3350318,6493828
19-12-2014,211.3215332,213.0162328,209.3125786,212.1295977,6114108
22-12-2014,216.3158722,216.8545774,211.5572346,214.1385695,8295612
23-12-2014,215.429245,218.6166354,214.4415983,215.4180245,7544080
24-12-2014,212.1744995,216.562766,211.2429689,215.0139733,16664812
26-12-2014,212.9376984,213.9028905,211.5684603,213.3305102,3366480
29-12-2014,213.6223145,214.5875066,212.8591316,213.263164,3614800
30-12-2014,214.6884918,215.3955449,211.6133338,213.240697,5681200
31-12-2014,213.599823,214.8792699,213.1845703,214.5874696,4992528
01-01-2015,213.700882,214.2283804,212.1296344,213.4651976,3544940
02-01-2015,216.6750031,217.5728587,213.3304991,213.3304991,5900384
05-01-2015,214.8456268,217.8534349,214.3854649,217.7299825,4796000
06-01-2015,211.5011139,214.710945,210.4461308,214.1385648,8219680
07-01-2015,212.1183777,213.5437179,210.1543186,210.9287218,5746112
08-01-2015,216.5739899,217.4943001,212.8366741,214.194678,9525824
09-01-2015,218.9981995,219.9746119,216.9667903,218.3809238,8985184
12-01-2015,217.0678101,218.7176279,216.4954299,217.5953084,4126412
13-01-2015,216.2373047,218.1677026,214.520164,217.4943108,5828348
14-01-2015,216.3607941,218.7737814,215.4180428,215.4965997,3685232
15-01-2015,222.9263306,224.0598705,217.8983337,222.2192638,11398476
16-01-2015,224.7669067,227.8084034,224.1384106,224.9577093,7821308
19-01-2015,225.4852295,228.9531998,225.1260927,227.4380683,4239492
20-01-2015,229.1664429,230.5244469,224.9128488,226.7085602,8505804
21-01-2015,228.9419403,231.8599571,228.5827899,230.614199,6740612
22-01-2015,229.2337799,231.758999,228.6277246,230.0755196,6470680
23-01-2015,234.0710144,235.238216,229.9408723,231.1978649,9987912
27-01-2015,241.0854492,241.9159546,233.6444659,234.1158346,9962400
28-01-2015,237.5613556,245.3839168,236.809407,240.1763654,11364940
29-01-2015,245.7879486,247.0449409,238.1561767,241.298671,20567616
30-01-2015,241.8261871,245.6869828,238.8857154,245.6869828,10570416
02-02-2015,242.7801361,245.3390299,236.2145674,239.8396647,5710352
03-02-2015,238.8520508,242.9148422,236.8767847,242.0843367,10200688
04-02-2015,239.6600647,242.6005633,237.3144282,238.6050955,6197512
05-02-2015,241.6353607,245.2941328,240.2549024,241.2986649,8059148
06-02-2015,236.4727325,242.1853282,235.698343,241.7476345,6903120
09-02-2015,233.4649048,236.0799148,232.2079124,235.0137112,5231896
10-02-2015,236.6859436,238.4480071,231.1978123,231.1978123,9275752
11-02-2015,237.5726013,239.0091758,236.3604908,237.4828103,4161588
12-02-2015,241.5231934,242.8475361,236.2931727,239.076531,5525740
13-02-2015,239.2336578,242.8699624,238.7398208,242.6903803,7714500
16-02-2015,239.6264343,243.5433182,238.4928807,241.4782614,7388716
18-02-2015,241.2538452,243.0832043,237.2696104,239.6264817,5381692
19-02-2015,242.3761292,243.5208896,238.7847068,241.0742276,4507004
20-02-2015,240.8609772,244.6431881,239.8396556,243.0943818,6206024
23-02-2015,239.6151733,242.7689016,238.3806221,241.7700209,5581564
24-02-2015,239.6488953,240.4008439,237.2807901,240.2437301,5846288
25-02-2015,236.23703,241.2538203,235.6871044,240.1763826,4648524
26-02-2015,233.0272217,237.0338971,232.3425958,236.5064124,12426944
27-02-2015,236.5849609,237.6062827,234.6657835,234.6657835,10261784
02-03-2015,242.9934235,246.6858439,239.7274625,242.4995864,14385232
03-03-2015,243.1729431,245.1145612,241.7588371,243.8687757,6029348
04-03-2015,239.1213989,248.9978103,237.9317293,248.0326046,12277624
05-03-2015,243.5657806,244.6656593,238.4929018,239.0540616,9702452
09-03-2015,237.7072906,242.825079,237.0338989,241.7588754,5755808
10-03-2015,236.2594757,238.4367645,234.5647624,238.3806485,5134836
11-03-2015,237.1348724,238.3582171,235.6870913,235.8891143,5465536
12-03-2015,236.719635,238.8071603,235.9340113,237.9541865,7530836
13-03-2015,234.0372772,238.8295757,232.230332,237.9317202,5426780
16-03-2015,236.0350189,237.4603592,234.0036097,234.5647695,5348772
17-03-2015,237.4940491,239.2560853,234.0821812,237.9317427,5369304
18-03-2015,238.7285614,240.6028292,236.4053384,237.9653788,5148332
19-03-2015,236.1809082,241.0293504,235.3952845,240.4008405,5373572
20-03-2015,237.0114288,237.8194934,234.7779967,235.9115503,6483236
23-03-2015,235.1820221,237.7970317,234.7892103,237.0226149,5446740
24-03-2015,232.9823151,237.2583637,232.4211553,234.183219,8973564
25-03-2015,232.1517792,234.9463437,231.4447124,233.4536807,10608900
26-03-2015,226.0239258,231.6916255,224.9352677,230.5019833,35800620
27-03-2015,227.7522736,229.7499938,226.2820242,227.81961,10840896
30-03-2015,232.7466278,233.2179965,227.3370395,228.9531823,6955144
31-03-2015,229.5592346,233.4200165,227.7971848,233.4200165,5962256
01-04-2015,231.9273376,232.7354023,227.3819434,230.3224152,3844196
06-04-2015,231.6355286,232.7354072,228.9083002,232.3201545,7151172
07-04-2015,231.8150635,233.0383806,229.7724477,231.9272954,6197072
08-04-2015,232.4435883,233.9923672,231.2090369,233.4536757,4106144
09-04-2015,237.0563202,237.707271,231.1978179,233.049645,7002784
10-04-2015,234.0372772,236.360473,232.2864479,236.360473,6119324
13-04-2015,233.173111,234.8565902,232.2752554,233.4424567,4563236
15-04-2015,231.5681763,235.3952691,230.1203677,233.4424443,4893996
16-04-2015,231.1192322,231.9946468,228.5042226,230.7488613,5610120
17-04-2015,228.5603638,230.7152117,228.0665405,230.097936,4049012
20-04-2015,225.6086578,230.0754949,225.0474981,228.9531754,5188880
21-04-2015,225.1372986,227.6961926,223.4762602,225.5862264,6510744
22-04-2015,227.4043579,229.1776281,223.0048712,225.9229017,6765936
23-04-2015,227.4941406,229.8958932,225.8331024,228.9643763,9627828
24-04-2015,225.9116974,228.7287166,224.5424594,228.7062757,7205244
27-04-2015,225.6872253,227.2696931,223.5660388,226.0239212,7370704
28-04-2015,225.4852295,227.034036,222.2417231,224.3629099,7942108
29-04-2015,222.9263306,226.5963099,221.770336,225.3617584,7863564
30-04-2015,221.9498901,223.341569,219.7613672,222.4437134,15143684
04-05-2015,224.6771393,226.5963029,222.6681847,223.1283329,3141448
05-05-2015,221.6917725,225.3393108,221.2877265,224.2506527,5138004
06-05-2015,217.8646698,221.6581154,216.7199093,221.6581154,11007696
07-05-2015,213.5324707,217.7299477,211.9387828,217.28102,11736664
08-05-2015,220.4235535,221.7254414,214.4528191,215.8220434,11571932
11-05-2015,222.2865906,222.8365299,218.6390523,221.332619,6731344
12-05-2015,218.1676941,222.2192648,217.056595,222.2192648,11107568
13-05-2015,222.2753754,222.9824421,218.0891182,219.0430897,7791848
14-05-2015,222.4549713,223.3079315,218.6278641,221.994823,4455188
15-05-2015,222.2416992,223.913958,220.9173704,223.3191369,8153624
18-05-2015,226.6748505,227.1574533,222.6681756,223.5660311,5713304
19-05-2015,226.1585999,228.5042504,224.0374133,225.8892404,4786348
20-05-2015,229.8622589,230.4795346,226.6075188,226.6299734,4008840
21-05-2015,230.0081635,231.1978332,227.8533153,229.8510497,3934380
22-05-2015,229.9183807,230.9733501,228.5828041,230.0081444,4689536
25-05-2015,229.7500153,231.422274,228.4144524,230.8386734,4369060
26-05-2015,230.614212,231.2426945,228.5154664,229.9520271,4906344
27-05-2015,233.0272217,233.4424744,229.2674511,229.8061562,3218592
28-05-2015,231.0631256,234.2729427,229.4469829,233.2292076,9561160
29-05-2015,235.8105774,236.5849669,230.5581163,231.1865988,5058680
01-06-2015,232.5894775,237.0338736,231.4222762,235.4513922,3841320
02-06-2015,226.4391632,233.5097892,225.5637623,233.0833024,4726008
03-06-2015,225.7096863,228.2798008,224.0149865,226.4840895,5824832
04-06-2015,227.8196411,228.4705782,223.3415835,226.4504031,5557588
05-06-2015,227.1013641,228.6164955,225.0250729,226.7646683,6753860
08-06-2015,225.2383118,227.2135914,223.4650414,225.4178802,3811996
09-06-2015,224.8791656,225.8106964,223.8129621,225.5862325,6040260
10-06-2015,227.9655457,228.7287284,223.7905223,224.0149862,7986248
11-06-2015,224.5088196,228.6277271,223.274268,228.4144836,9094176
12-06-2015,226.5177612,226.8993389,222.2529469,224.6883749,6528344
15-06-2015,225.6311188,227.5502824,224.4639037,224.9128315,5999828
16-06-2015,226.349411,226.8095593,223.8017374,224.4639087,6010524
17-06-2015,225.5189056,227.4941854,224.3516905,226.4840978,9686268
18-06-2015,228.8633881,229.8061392,224.9689449,225.7882436,8431716
19-06-2015,231.3100586,232.308912,227.4156152,230.0306253,3742324
22-06-2015,235.047348,237.2358708,230.8610913,231.6691558,5449652
23-06-2015,236.1584778,238.2010939,234.0036297,236.1360369,5655180
24-06-2015,234.744339,237.4379056,234.048479,236.5849319,6267396
25-06-2015,239.0540619,240.3671703,234.037299,235.2942914,16573568
26-06-2015,238.5714569,240.3896091,236.0237971,239.5029876,5647504
29-06-2015,237.1797638,238.3245241,231.3100279,234.5423132,6487836
30-06-2015,239.5366669,240.6253114,235.2381775,236.1921491,7290136
01-07-2015,240.7038727,241.7476354,237.942983,238.2347696,4971188
02-07-2015,239.3130035,241.4614383,238.736335,240.8508416,4483444
03-07-2015,242.9427338,243.3724262,238.3744942,238.3744942,4039288
06-07-2015,245.0346527,245.3738793,239.776641,240.636026,3267780
07-07-2015,245.7922516,246.8438594,243.9038959,243.9038959,4141472
08-07-2015,241.7215118,244.3787863,241.076987,244.0395598,5400676
09-07-2015,242.8975372,243.5420622,239.7427136,240.3307008,2797964
10-07-2015,246.6741791,247.6353207,241.6423198,241.9363271,4900088
13-07-2015,247.8954468,250.1004192,245.3738574,245.3738574,7076084
14-07-2015,246.9229889,249.1958177,245.6000109,247.7484456,5674116
15-07-2015,248.0198364,249.0940539,246.6855674,247.1830886,3849404
16-07-2015,252.0906067,253.0630674,248.3365042,248.4948265,7310424
17-07-2015,251.1520691,253.6849499,250.0326048,253.1535004,3510988
20-07-2015,252.2149658,253.0630323,250.3492196,252.3732605,4551268
21-07-2015,248.3251801,255.0983932,247.2057158,252.5089746,11028136
22-07-2015,252.0227051,252.6220108,246.1993162,247.9519867,7286400
23-07-2015,250.5527649,252.5428777,248.7887756,251.6835202,5083172
24-07-2015,250.5414276,252.1584131,248.879223,249.4785288,4761008
27-07-2015,247.8276062,249.7838182,241.9816075,249.6481331,3328572
28-07-2015,250.6884155,251.9096366,247.0586805,247.4092256,6345672
29-07-2015,250.6544952,252.8142487,249.9082134,249.9195044,3943032
30-07-2015,251.1520691,252.6107324,249.014925,250.3492218,9462188
31-07-2015,251.4008331,253.51534,249.4446209,252.2941188,5649500
03-08-2015,247.7258301,252.723762,247.284819,251.6495447,4345728
04-08-2015,245.701767,249.2184264,244.6840874,248.3364319,5390928
05-08-2015,247.0021515,248.2459822,245.4190942,246.9908605,4122780
06-08-2015,247.850235,249.0714562,245.4756489,246.9343398,3743712
07-08-2015,247.1039276,248.2007546,246.1880049,247.3979074,3227140
10-08-2015,247.5562744,250.1117649,246.0523643,247.6354218,3954376
11-08-2015,247.5674896,248.5060218,245.2042227,247.6466646,2727688
12-08-2015,242.0833893,247.6127992,241.4614739,246.1428173,6005740
13-08-2015,243.6890717,244.8537275,241.2127011,243.5646775,3465052
14-08-2015,249.173233,249.5916069,244.2205196,244.9441919,3601660
17-08-2015,246.8438873,249.1732543,243.2933267,248.5513389,2500212
18-08-2015,245.6792297,247.8842029,243.8926306,246.866523,1857316
19-08-2015,244.661499,245.8261824,243.1123699,245.3399521,3004576
20-08-2015,243.0445404,245.3173697,241.5293393,241.5293393,3044852
21-08-2015,240.0141144,242.648752,237.6847476,240.6247112,7758972
24-08-2015,230.4592133,236.2599791,228.6952379,236.2599791,14686328
25-08-2015,230.3235321,233.4557323,227.4401063,231.7369623,12347920
26-08-2015,229.2040863,232.7094275,228.1864066,230.0860809,5573000
27-08-2015,231.1489716,233.9419314,228.209008,231.8048151,13873432
28-08-2015,232.4719543,235.8190008,230.5383795,233.1730447,5553136
31-08-2015,232.358902,233.5914419,229.6677126,230.9228482,3441460
01-09-2015,226.173645,230.9680497,224.5679782,230.9680497,10469144
02-09-2015,225.0542145,229.3058513,222.7587759,227.3044063,8681688
03-09-2015,228.4803925,229.5433051,225.9248885,226.6711841,6507368
04-09-2015,225.2577209,227.5079264,221.6279998,226.6485552,11404592
07-09-2015,222.6343994,228.3673229,221.6280245,226.3771965,5381740
08-09-2015,227.0669403,228.4125417,220.9495577,223.1432254,7444488
09-09-2015,229.8372955,231.8048123,227.2817916,229.4302264,6553120
10-09-2015,228.6387024,229.9843038,225.3142793,226.8294941,4463740
11-09-2015,228.5256348,230.6740697,227.6888731,229.430239,4301760
14-09-2015,230.6062164,231.1942036,226.9425669,228.1524694,5060344
15-09-2015,229.124939,230.5949208,227.9828651,230.2104612,4332728
16-09-2015,231.4316406,232.505858,228.7630614,230.4252796,4254052
18-09-2015,237.4020691,240.1724195,233.195665,234.066341,7841168
21-09-2015,238.1257629,238.5893837,234.3716606,234.7334968,4276688
22-09-2015,233.0825958,239.7201239,231.8726932,237.4699319,6025212
23-09-2015,237.2776489,238.2387908,230.3687515,230.4931318,5161152
24-09-2015,237.7752228,238.36321,234.292491,236.7801526,8252836
28-09-2015,236.6444702,239.7201191,235.8981607,238.5893638,5777108
29-09-2015,240.8056335,242.8636024,231.8274209,233.3878685,10418840
30-09-2015,241.7102814,242.6601048,240.0254393,241.5293495,9027796
01-10-2015,241.4501801,243.5420773,239.5731152,243.157604,5034788
05-10-2015,248.3930206,249.8517116,243.60992,243.60992,8053372
06-10-2015,245.5887299,250.5527621,244.9215953,250.3492207,4758964
07-10-2015,245.9957886,248.392984,245.0007185,246.0523263,4386268
08-10-2015,244.9441528,246.662895,243.2028011,246.0749079,3881908
09-10-2015,245.6339569,247.6353881,244.2883417,247.6353881,3443228
12-10-2015,244.3675232,247.7484703,243.7456078,245.9844811,2217340
13-10-2015,243.4176636,244.7293506,242.7052823,243.2367593,1823652
14-10-2015,245.317337,245.7131014,241.3144747,241.710239,2749148
15-10-2015,245.1816406,247.9746003,244.4692594,245.5321582,3925952
16-10-2015,248.7774658,249.1053738,245.3738816,246.5046368,4843688
19-10-2015,248.268631,249.2410639,247.4771023,248.7661522,2654220
20-10-2015,247.6127625,249.4219706,246.7759871,248.3138251,3851356
21-10-2015,247.635376,249.6707352,245.3738657,248.5173705,7273204
23-10-2015,250.6884155,251.8643898,247.8615277,248.6417377,4467048
26-10-2015,249.1053772,251.9774844,248.0876975,251.9209467,4887984
27-10-2015,251.2312317,251.9322945,247.7598183,247.7598183,8984032
28-10-2015,251.3668976,254.1937858,249.9082343,249.9082343,7694760
29-10-2015,249.5690002,252.0453432,248.766153,251.0276635,6702368
30-10-2015,248.6756439,251.479922,246.6063567,249.2184119,8097460
02-11-2015,244.9441528,247.8388968,243.4515617,247.646674,3156552
03-11-2015,245.3512878,246.9569548,244.0622103,246.7194852,2548592
04-11-2015,244.627594,248.336477,243.8473839,246.5159775,2696444
05-11-2015,244.2092133,244.9215946,241.8685553,243.9039149,3596952
06-11-2015,244.44664,246.2784577,243.1688812,244.4013932,5881004
09-11-2015,240.8056335,241.9024605,237.6847382,239.2677955,11429432
10-11-2015,238.4988861,240.8508625,238.0126558,239.7314259,4402580
13-11-2015,237.922226,238.5893605,235.4232458,237.3229201,3940028
16-11-2015,239.9349518,240.8508746,236.3843912,237.1759199,4734732
17-11-2015,239.9010468,240.5794999,237.7299746,240.4664244,2567404
18-11-2015,237.141983,241.0430886,236.6218522,240.1045562,2446720
19-11-2015,241.7328644,242.1964575,237.368138,238.5893592,3277680
20-11-2015,242.1738434,244.2996687,239.72011,240.8282557,4648160
23-11-2015,241.0883484,243.2254649,239.505291,242.8862383,3408280
24-11-2015,240.7038574,242.773145,240.1950176,240.9073989,4002252
26-11-2015,240.6134186,241.3031904,237.7073829,239.4939818,8791484
27-11-2015,244.1074371,244.7406435,239.9349339,240.8169285,6925072
30-11-2015,243.7342529,244.4692437,241.9137262,244.0621609,5247776
01-12-2015,244.921524,245.3512165,242.7730896,243.5759367,1895332
02-12-2015,243.745636,247.1152649,242.4000205,246.504668,2562284
03-12-2015,243.5081177,244.4692595,241.3710015,242.5469758,3807712
04-12-2015,239.4713287,242.7957378,238.8154852,242.7957378,5859828
07-12-2015,240.1611023,242.23039,239.9688794,241.5745464,5814808
08-12-2015,237.2890015,240.1498179,236.7801616,239.9462764,4902660
09-12-2015,236.8819122,239.0416659,236.293925,236.8027649,3890616
10-12-2015,239.8557739,240.4437611,235.7172267,236.3278234,6514340
11-12-2015,236.6331177,239.8557698,235.6493662,239.7200847,3033920
14-12-2015,238.6006775,239.686186,235.2197027,235.4232442,5878016
15-12-2015,239.5957184,240.2741715,236.3957031,238.1370552,4557416
16-12-2015,241.3710175,242.7392147,239.5731001,240.3985569,6842768
17-12-2015,244.2996674,245.1477338,240.8508639,242.8636137,4878012
18-12-2015,242.6600647,245.3738772,241.642385,245.3738772,3172128
21-12-2015,243.2028198,244.2204994,241.7667663,242.3773631,3097500
22-12-2015,241.1787262,243.4515548,240.6246673,242.9992528,2429536
23-12-2015,242.9087982,243.7794741,241.7893617,242.5695717,3013968
24-12-2015,242.8862152,243.4289832,241.5971653,243.3837365,2146352
28-12-2015,243.6212463,244.2205522,241.4728111,242.8862553,7755428
29-12-2015,243.7794952,244.2091877,242.275613,244.0056463,4231612
30-12-2015,242.9540253,244.6840583,242.558261,244.2430749,2112560
31-12-2015,244.7293701,245.3512855,243.1123845,243.1123845,9290008
01-01-2016,246.2219543,246.5611809,243.3724567,244.7859007,3195076
04-01-2016,242.0947266,245.1477661,241.5519585,245.1477661,5187536
05-01-2016,240.2629089,243.0671878,240.0254393,242.0268708,3160872
06-01-2016,241.3257446,243.5081075,238.9624775,238.9624775,4165536
07-01-2016,238.8606873,240.8282176,237.3907057,239.7426817,6055428
08-01-2016,240.2515564,240.7377867,239.0981916,240.1610905,3488356
11-01-2016,239.4034576,239.9462256,236.3956657,237.9221851,3288912
12-01-2016,236.7687836,240.6020597,235.9885736,240.6020597,4258736
13-01-2016,239.7540283,240.3420155,234.5186263,237.9108918,4515148
14-01-2016,237.4020691,239.1321302,235.0840208,237.492535,6279184
15-01-2016,235.6833038,238.691096,234.7673811,237.0062819,5417260
18-01-2016,231.9970245,235.524975,230.9001976,234.2133156,6495388
19-01-2016,234.2472687,234.643033,232.0988337,232.3023476,6405212
20-01-2016,230.2896118,250.5753638,227.9376492,231.8048266,9563588
21-01-2016,231.3525085,233.6705567,229.1814641,230.9002065,6300804
22-01-2016,233.0034485,236.1582447,231.1376884,231.9631315,4236284
25-01-2016,235.4571838,236.7123057,233.6253658,235.185786,10143884
27-01-2016,234.2133179,237.1645722,233.6140121,237.1080345,4039468
28-01-2016,233.3200226,236.757535,232.9355768,234.9709363,9951972
29-01-2016,237.4246826,238.5780475,234.1115641,234.1115641,5360184
01-02-2016,239.6635437,241.3031386,238.295319,239.2677794,4609484
02-02-2016,238.3179626,240.9073809,237.5037969,240.8508431,6528628
03-02-2016,236.0677795,237.7752311,235.6494056,236.2147833,4850244
04-02-2016,237.2776489,238.5667264,236.4522198,237.0062787,5675992
05-02-2016,238.6458893,240.5794918,236.4635262,238.0918303,7523904
08-02-2016,234.2585602,239.2678115,233.0034384,238.5893583,3481924
09-02-2016,232.0422821,233.2861128,230.821061,232.1892582,5535460
10-02-2016,229.0796814,232.9694818,228.4351427,231.5560379,7682280
11-02-2016,220.565094,229.0909905,218.9594272,228.4125374,8803600
12-02-2016,219.6831207,223.086691,218.4618996,221.4018631,12542144
15-02-2016,220.1806641,223.4937826,219.6152864,221.6280364,10912960
16-02-2016,220.1467285,222.0803171,217.5572964,221.9672416,7136096
17-02-2016,220.4746552,221.6054104,216.8788481,220.9269572,7503924
18-02-2016,223.7651672,224.1722364,220.9495838,222.9849433,6799856
19-02-2016,223.7312012,224.4774968,220.1580178,223.6068209,3328660
22-02-2016,223.606842,225.2464371,222.3064736,222.3064736,4002396
23-02-2016,219.3778076,222.8718439,218.4618987,222.7361588,6078320
24-02-2016,214.753006,217.7608256,214.0293338,217.1049821,6463468
25-02-2016,213.1812744,216.4830739,212.1748996,215.7480831,8463196
26-02-2016,217.3311768,219.5926874,213.7127597,214.843515,6209388
29-02-2016,219.7848663,222.2159898,209.8681495,217.3537428,8812752
01-03-2016,222.5665588,223.154546,219.7848899,220.4859664,4322560
02-03-2016,227.7793274,228.616089,225.020282,225.6987351,6358976
03-03-2016,229.7355194,230.6740517,228.4125414,228.5821547,4610400
04-03-2016,230.7984467,231.782212,224.5905977,229.6450818,5704624
08-03-2016,229.3510742,231.5786564,228.2994664,231.5786564,1913688
09-03-2016,231.7595978,232.9129626,227.6775604,229.0910045,6528172
10-03-2016,230.9567566,231.9744363,228.4351669,231.7596039,2671392
11-03-2016,232.6415558,233.116495,229.0909956,230.6514433,4730856
14-03-2016,232.3815308,234.7334797,231.8613723,232.4832877,3008656
15-03-2016,232.1892548,233.7044832,231.0472086,232.4606526,7690036
16-03-2016,233.0373383,233.8967233,230.436615,232.2571282,4803548
17-03-2016,230.3122253,234.9709313,228.6726303,234.0550085,5113484
18-03-2016,232.5737152,233.3878534,229.6224333,231.3411894,4135068
21-03-2016,236.4635468,236.8593111,233.4444356,233.6140489,5318796
22-03-2016,238.3292847,238.9512001,235.3553928,236.6670799,4120264
23-03-2016,237.3115387,238.1483139,235.3214265,238.1483139,8464300
28-03-2016,236.8932037,238.1370344,235.5702257,236.3278262,11270868
29-03-2016,238.3179626,239.6070125,236.1582093,236.8932001,6733952
30-03-2016,240.8395844,241.9590488,238.3406315,239.2678454,7814380
31-03-2016,242.2416992,243.9943698,240.8621834,241.2692387,20080392
01-04-2016,240.7264557,243.4289771,238.9964224,241.7102348,5158648
04-04-2016,241.7667694,242.6148358,240.6246957,240.8960659,6179960
05-04-2016,239.1433716,243.5420252,238.7363163,241.7554268,6663028
06-04-2016,240.0592804,241.2917923,238.9850632,239.9462049,4295376
07-04-2016,238.7023926,240.7942894,236.7914276,240.6246762,3911692
08-04-2016,239.5730743,240.4776784,238.4197097,238.5893229,2962796
11-04-2016,242.1964417,242.9088229,235.841603,239.7879552,4049620
12-04-2016,240.3985748,242.2077833,239.5505084,241.8911663,4941480
13-04-2016,244.6388855,245.3625578,241.8685353,242.4339129,4974604
18-04-2016,246.0071259,246.9569492,242.3434622,245.0346653,4117068
20-04-2016,248.2799377,248.766168,245.0459941,246.93435,3821352
21-04-2016,246.76474,249.9308549,246.2785097,247.6354161,8191728
22-04-2016,246.9908295,248.9583322,245.4190634,246.3915238,7809320
25-04-2016,247.2395935,248.7661128,245.2607722,248.7661128,5561960
26-04-2016,251.8983307,252.1584099,247.0700115,247.6353891,7053796
27-04-2016,254.2389984,254.4199303,250.8015135,250.9937364,5763636
28-04-2016,251.9208984,257.0658337,251.1067603,254.2389462,8089584
29-04-2016,256.0821533,256.9076102,250.1682974,251.8870676,5611940
02-05-2016,252.7576752,255.5506345,252.3845205,255.0417948,3862716
03-05-2016,252.8368378,256.6814051,251.7400109,253.7188323,4695296
04-05-2016,254.951355,256.5683403,251.988782,252.7237729,5292328
05-05-2016,256.0708313,256.6248903,253.8997592,255.0983708,5214248
06-05-2016,253.2100525,256.0595505,252.6672844,256.0030127,2733152
09-05-2016,258.1287842,258.9316038,253.0629957,253.2891467,6953180
10-05-2016,258.9203491,259.5083363,256.9302088,258.6037321,5453000
11-05-2016,257.5408325,258.942958,255.4828358,256.6135911,6147372
12-05-2016,259.8701477,260.5259912,256.1160461,258.716783,4221688
13-05-2016,258.0157471,259.6214141,255.550695,259.6214141,5045316
16-05-2016,262.9684448,263.6695075,256.1273757,258.9429452,4518768
17-05-2016,260.8538818,264.427079,260.3676792,263.4772557,4295424
18-05-2016,257.959198,260.2998558,255.8899104,260.2998558,4162644
19-05-2016,257.6538696,258.422761,256.0029561,257.8347739,3855796
20-05-2016,258.0157471,259.7344896,256.3648333,257.800887,2016632
23-05-2016,257.0772095,260.0623923,256.2743622,258.2531839,3463532
24-05-2016,257.8008728,258.6376482,256.8058303,257.4503552,3259468
25-05-2016,265.3430176,265.9422957,259.2369397,259.2369397,5767348
26-05-2016,267.5932312,268.8709902,263.7486633,265.9762457,13705560
27-05-2016,268.3960571,269.1197294,266.1119096,267.5932099,5775184
30-05-2016,266.8016968,270.2505002,266.428542,268.4412919,3814532
31-05-2016,267.2879333,268.1925376,266.2702536,268.1925376,5515640
01-06-2016,265.7613831,267.5253445,264.8228508,267.5253445,5675632
02-06-2016,265.716217,266.9939762,264.8229313,265.6596793,7910616
03-06-2016,264.9924622,267.9889632,264.3818654,266.8808177,4524420
06-06-2016,264.84552,267.4010382,264.608078,265.9536658,5547308
07-06-2016,265.4334106,266.8581729,264.0652137,266.1684014,5628504
08-06-2016,262.9231567,266.4058878,262.5613206,265.9083666,4742812
09-06-2016,262.1995544,263.285063,260.6391065,262.9006172,4648184
10-06-2016,262.6405029,265.2073117,261.4758196,261.9733684,6322312
13-06-2016,260.7295532,263.4546568,260.3111793,261.1479271,3323236
14-06-2016,260.4920959,261.6567794,258.7733534,261.2044773,3828768
15-06-2016,264.4949646,264.800263,260.7973729,261.2044559,3045824
16-06-2016,262.8214111,264.3366119,261.2835732,263.8164811,4727768
17-06-2016,264.5967712,266.4059799,263.5904099,263.918318,3761652
20-06-2016,265.0603027,266.688579,262.0638018,262.109021,2742764
21-06-2016,263.8391418,265.8292546,262.606602,265.7274977,2670968
22-06-2016,264.9359131,265.7274416,263.6920825,263.6920825,3803840
23-06-2016,269.1423645,269.5381288,264.0313562,264.5515147,3926732
24-06-2016,262.7648926,265.0264029,259.3952366,262.3012719,11173964
27-06-2016,262.3238831,264.370561,260.763463,262.7875037,4163788
28-06-2016,263.9069824,265.297817,260.0737328,262.6179324,4034980
29-06-2016,266.3808594,266.6544569,264.4199749,265.6284244,5420668
30-06-2016,268.2390442,269.0484808,264.9785581,266.9964162,16278892
01-07-2016,267.7944641,270.1885398,267.1788558,269.0485037,4304876
04-07-2016,267.4069214,268.9345589,267.0877057,268.6381383,7249852
05-07-2016,265.7652283,267.7489079,264.9444078,267.4068971,2136328
07-07-2016,270.3367615,271.0435783,264.6935829,266.2896334,4832616
08-07-2016,267.8742371,270.3253143,267.0534168,270.2113107,3118868
11-07-2016,273.5516357,274.0418568,269.2879123,270.4165368,5102532
12-07-2016,274.0988464,275.8659021,272.5940046,275.8659021,7046032
13-07-2016,273.0955811,274.0532,272.0809603,273.5630069,6687072
14-07-2016,273.6884766,274.0989007,271.830212,273.8366868,3459668
15-07-2016,279.0124207,279.5368484,272.4914198,274.4750993,5774216
18-07-2016,279.8674927,282.386984,278.7730746,279.308886,4438484
19-07-2016,277.7925415,280.6198361,276.7665092,280.2208235,2586004
20-07-2016,280.9504395,282.3868958,278.5677755,278.8527845,4690332
21-07-2016,280.1296692,282.7061619,278.7388307,280.6084788,9112904
22-07-2016,280.6313171,281.5091394,278.5108387,281.2127189,5620272
25-07-2016,284.3135986,284.8836167,279.7648656,281.132909,9872884
26-07-2016,282.4553223,284.017166,281.6230904,283.2761426,5665992
27-07-2016,282.0335083,284.450407,280.4488693,282.9569486,10734736
28-07-2016,284.6556396,285.2940711,281.7143684,282.272975,10646528
29-07-2016,284.1425171,285.0089554,281.588848,284.5529411,3395676
01-08-2016,283.2533569,287.0496546,279.9130459,284.780994,5560864
02-08-2016,283.4813538,286.4796261,282.8201273,284.3249692,5329396
03-08-2016,282.831543,284.9976115,280.6768859,282.9797532,4733876
04-08-2016,282.9569397,284.2565696,281.2696808,284.2337745,4662880
05-08-2016,284.8380127,286.2972644,283.1279586,284.4162049,5784912
08-08-2016,284.9178162,286.1490607,283.7663964,285.6702511,4728776
09-08-2016,284.3706055,285.6702634,282.2045368,285.6702634,4210856
10-08-2016,279.7420959,285.2256535,278.1118386,283.8690215,3619720
11-08-2016,280.0498962,281.5889451,278.624851,279.7192969,2856072
12-08-2016,280.1524963,281.5889531,278.0320456,280.6883356,4641496
16-08-2016,279.833252,282.37551,276.7551547,281.1328819,3468568
17-08-2016,281.5661011,282.1589142,279.5368314,281.2240903,5511036
18-08-2016,285.5790405,286.1262634,281.4863221,282.2729359,6111656
19-08-2016,284.3477478,285.0089742,283.0595017,285.0089742,4110636
22-08-2016,285.0774231,286.0236307,282.9569449,283.8803853,5501292
23-08-2016,285.3396606,285.9210903,284.1084438,285.2370685,5314524
24-08-2016,287.6995239,288.246719,284.3364174,285.4764535,5570936
25-08-2016,286.9584961,288.8395556,285.9894654,288.2011243,8729888
26-08-2016,286.6278381,287.7222838,285.8982262,287.2890646,2521136
29-08-2016,282.2957153,286.2630463,281.8624961,286.2630463,2944184
30-08-2016,289.261322,289.6831297,283.6295278,283.8917417,9867608
31-08-2016,294.4028931,295.2693316,288.543119,289.3411442,11161364
01-09-2016,292.6928101,294.1292664,290.8003671,293.6732521,5224676
02-09-2016,293.012085,293.9013187,292.1114675,293.1032934,3955188
06-09-2016,296.5005493,297.2985745,294.1406805,294.1406805,5508884
07-09-2016,293.3882446,297.5493757,292.5560128,296.637347,4016444
08-09-2016,293.9925842,295.3264212,292.6701309,294.129383,2905380
09-09-2016,294.2204895,295.1553134,291.461608,294.1292811,4013768
12-09-2016,291.8264465,292.852479,289.9111803,290.6407923,3985728
14-09-2016,289.4437866,291.1652525,288.520374,290.709238,3849508
15-09-2016,291.7580566,292.7384989,289.5349861,290.0252072,3501812
16-09-2016,295.91922,297.4354738,292.7157346,292.7157346,6525816
19-09-2016,294.1635437,296.9794275,293.6733226,295.7253877,5894832
20-09-2016,293.7759094,295.2693679,292.7726999,294.7335565,3778248
21-09-2016,294.8132935,295.9533294,293.6504624,294.5852863,4256400
22-09-2016,297.9826355,300.2740913,296.5347952,297.5494162,6555800
23-09-2016,299.3050842,300.6161258,296.7514143,297.7888584,4876808
26-09-2016,295.5315247,298.4386163,294.9728903,297.8001851,5576772
27-09-2016,295.9647522,297.8116049,295.2351125,296.1813479,4056812
28-09-2016,295.3263245,296.4093587,293.9012795,296.3865635,4989652
29-09-2016,291.2792053,297.7774107,289.1017254,295.9419415,16450012
30-09-2016,290.2189941,292.0772586,288.9763659,291.1880249,4138428
03-10-2016,293.4909058,294.106542,291.0284443,292.077272,3900548
04-10-2016,294.0267334,295.2693617,292.373681,293.8101098,2775512
05-10-2016,293.2400818,296.4207992,291.0284229,295.9533733,3647020
06-10-2016,292.2938843,295.4061888,291.6326855,293.4681272,2895712
07-10-2016,291.9860535,293.6163107,290.9942276,292.7612836,3337464
10-10-2016,292.8410034,293.65044,291.5641688,292.9892136,4719312
13-10-2016,287.9161072,291.6212244,286.4796506,291.6212244,4519356
14-10-2016,287.6995239,289.1131576,285.9210565,288.6001413,4067116
17-10-2016,282.2044983,288.7483216,281.0758738,288.5431095,5135360
18-10-2016,286.7988281,287.2890491,282.5008983,283.4585173,2610968
19-10-2016,286.9128723,287.9731114,284.5530032,287.5398922,3044904
20-10-2016,286.263031,288.9877058,285.2369986,287.3460652,3200356
21-10-2016,289.7287903,290.2418066,285.0090515,286.377095,3956408
24-10-2016,288.0985413,291.1310207,287.5285232,289.9681894,3255664
25-10-2016,285.0774231,289.1131395,283.652378,289.1131395,5501796
26-10-2016,282.5693665,288.429141,281.6003357,283.492779,5366540
27-10-2016,285.4877625,286.6050031,279.1149734,282.5008742,11623860
28-10-2016,287.0724792,287.7222942,282.7517261,286.0350353,5320536
01-11-2016,287.2434692,288.1668817,284.3363776,286.3770308,3402416
02-11-2016,284.1312256,286.308678,283.0709864,285.2598503,6474432
03-11-2016,286.1376343,287.2890818,280.8478782,283.8689737,6315812
04-11-2016,283.5725708,285.6474588,283.1279679,285.6474588,5734920
07-11-2016,284.883606,286.1148505,282.7289489,285.4650355,5671392
08-11-2016,285.9894409,286.8330564,282.751722,285.2598012,5348164
09-11-2016,285.2940063,286.6962562,272.5483984,273.6086375,13645468
10-11-2016,291.5186768,292.5332979,285.9438829,288.1441584,10700736
11-11-2016,290.8916016,292.3052351,288.5659114,290.4811775,7139320
15-11-2016,286.0921326,293.9013819,285.1573083,291.2792982,12512524
16-11-2016,283.7207947,289.1131713,282.7403803,289.1131713,8647744
17-11-2016,280.4944763,284.7582281,279.3430565,282.3413571,4815624
18-11-2016,276.2079468,281.8169187,275.7063142,281.8169187,6879900
21-11-2016,273.3122864,278.0548484,270.9524168,278.0548484,5552520
22-11-2016,273.164093,275.1591564,271.1804133,275.1591564,10017784
23-11-2016,270.1315308,274.2926622,269.2992989,274.2926622,3532692
24-11-2016,265.7424011,270.4849622,264.6935735,269.9605345,15285996
25-11-2016,271.1690369,272.0582429,264.0323987,266.5404785,5969960
28-11-2016,270.0631409,273.3578619,268.6153006,269.1055217,4130180
29-11-2016,268.7634888,272.0011799,268.2504726,270.1201205,3932644
30-11-2016,273.517395,274.0646178,269.2992624,270.1884959,6442840
01-12-2016,272.9816589,275.4099415,272.0126282,274.1331066,4476984
02-12-2016,271.1233826,274.0532698,268.2960874,271.1005874,4062672
05-12-2016,272.7764282,273.3692414,268.2504905,270.7813651,4551936
06-12-2016,272.3432007,274.2584668,271.37417,272.4686158,2702964
07-12-2016,269.4133606,274.9539479,266.0844603,274.0305074,5628192
08-12-2016,273.4946289,274.8740836,270.644539,270.644539,4309696
09-12-2016,273.2210388,274.1330676,270.8725535,273.4034279,4387952
12-12-2016,270.0631409,271.8188132,269.2993222,271.7846065,3425272
13-12-2016,270.4735718,271.4083958,268.7179273,269.1055284,2526868
14-12-2016,268.0680847,270.8725847,267.5436848,270.6445775,4314144
15-12-2016,268.2732849,272.3546196,265.3091911,265.4459899,4941488
16-12-2016,269.5729065,270.1885148,267.1218293,268.2732488,3255828
19-12-2016,268.3074341,268.9344538,266.8823893,268.3188456,3160436
20-12-2016,269.4817505,270.1885673,267.15606,268.1365023,4189992
21-12-2016,269.0485535,270.1885897,267.9085172,269.9605825,2658876
22-12-2016,267.4752502,268.9345019,266.4036275,268.2276852,2805716
23-12-2016,270.4735718,271.1575935,266.6088604,266.9964616,4752516
26-12-2016,267.9084778,270.4393523,266.7912369,268.7179145,4183864
27-12-2016,270.2341003,270.6217293,267.6576359,268.8888802,4899296
28-12-2016,270.5875244,272.4571722,269.2764831,271.3057526,6507840
29-12-2016,274.7943115,275.4213314,269.3791396,270.1885765,8100816
30-12-2016,275.0222473,276.3447001,273.5972025,273.6086139,4066540
02-01-2017,272.9474487,275.9115427,271.7960289,275.7633324,3708656
03-01-2017,271.3058167,274.0532872,270.3595811,273.7911011,3847500
04-01-2017,270.3025513,271.7845982,269.9149501,271.2943771,6967120
05-01-2017,270.4621277,272.3545986,269.7553109,271.100559,6776384
06-01-2017,272.1607971,273.2438313,270.9181412,271.3513604,5525260
09-01-2017,272.5142517,274.5549333,271.8188463,273.3464837,4573796
10-01-2017,276.8805542,277.4391886,272.5370335,272.7422177,5546116
11-01-2017,281.3608704,282.2956943,277.1427374,277.5987518,9343404
12-01-2017,281.5888977,283.5725493,279.4228293,281.5888977,2916316
13-01-2017,281.0188599,282.6605005,280.1296263,282.5009066,3850412
16-01-2017,284.473175,284.8835713,281.0872739,281.2468678,3765864
17-01-2017,282.3869324,285.5562382,281.8739161,284.3249937,3559612
18-01-2017,283.3217773,286.3770798,282.9227647,282.9341762,4612888
19-01-2017,281.8853149,283.8461713,281.5888944,283.8461713,3512412
20-01-2017,281.896759,283.8690273,280.4489186,281.8169621,13942068
23-01-2017,283.7891541,285.008987,281.771296,281.8168863,4793848
24-01-2017,289.0105896,289.9112071,284.838046,285.0090514,10261864
25-01-2017,294.2660522,295.4060881,289.5919052,290.1619231,15636984
27-01-2017,294.5625,296.4093527,293.6732664,296.1813455,6852236
30-01-2017,292.9778748,294.8019326,291.9746652,294.8019326,5319628
31-01-2017,293.3654785,294.7449054,291.1652034,292.3964479,6101040
01-02-2017,297.7089844,298.6894264,291.9632142,293.2628441,10910664
02-02-2017,296.1130066,297.7090574,294.7221679,297.7090574,5971636
03-02-2017,298.9288635,300.0574881,295.6113475,296.1813655,8005104
06-02-2017,299.6242676,300.9695157,299.0200429,299.2138713,4310220
07-02-2017,298.0396729,300.5135459,297.0820257,300.0575314,3411920
08-02-2017,297.6976624,300.6731402,295.987608,298.1308817,4940960
09-02-2017,295.8735962,300.9467572,294.7107649,298.5526812,4465376
10-02-2017,297.2301941,298.4044368,295.9533593,296.0331562,3296736
13-02-2017,298.7350464,299.8294922,296.226967,298.1308495,2795792
14-02-2017,298.9402466,299.6014731,297.321401,299.6014731,2446060
15-02-2017,301.4711304,301.8815545,298.1080239,299.1454679,6126940
16-02-2017,302.7707825,303.9336137,301.0265217,301.6535416,5043700
17-02-2017,313.9773254,331.5224683,310.1923837,329.4704035,402259960
20-02-2017,321.2849731,322.7328134,309.8960235,310.3634216,10566716
21-02-2017,322.7556152,324.1806603,318.6172788,320.5895468,6260028
22-02-2017,319.0162964,323.4966437,318.0358542,322.6302051,5296776
23-02-2017,317.9104919,324.0780708,316.2574395,320.0765606,34494980
27-02-2017,317.7508545,318.8338888,314.3307462,317.1352461,4681376
28-02-2017,316.9528198,318.3550697,315.675985,317.5912512,2928008
01-03-2017,317.3062134,318.4120427,316.1091756,318.4006312,3481736
02-03-2017,314.6727905,318.2981113,313.7949682,317.9675119,4601988
03-03-2017,313.9659424,315.6759965,312.1418846,315.6759965,2492824
06-03-2017,314.8210144,316.9072863,313.0767534,313.9203969,3679124
07-03-2017,316.0635986,316.3600192,313.7835264,315.1629812,3112876
08-03-2017,317.4316101,319.0276605,314.8893521,316.4511959,3782144
09-03-2017,317.8876343,318.9136667,315.0261606,315.0261606,3509316
10-03-2017,319.2329407,321.0342035,317.6483014,318.0701093,5860704
14-03-2017,321.6496887,324.7164017,320.7262764,324.2489759,7155020
15-03-2017,322.9949951,323.7702252,321.6155683,321.7067489,4271860
16-03-2017,323.1660767,324.4201166,322.322461,323.3370821,4980108
17-03-2017,325.1040649,325.4802824,322.1399713,323.4396291,3390464
20-03-2017,327.4411316,328.2961586,325.126853,325.2864747,8142344
21-03-2017,328.5470276,329.4704681,326.9623884,326.9623884,5557280
22-03-2017,326.2555542,327.6463927,325.0927229,325.5259144,5636544
23-03-2017,326.2555542,327.1903783,324.4314963,327.0535795,4922472
24-03-2017,324.7621155,327.0649831,324.226304,326.7343837,3810364
27-03-2017,321.4559937,324.6823016,320.1335684,324.6823016,5864084
28-03-2017,323.8157959,324.8418282,322.1969504,323.3826045,8061400
29-03-2017,325.7311096,327.1447711,323.7702531,323.95267,8575772
30-03-2017,334.3041687,337.4392679,324.921694,325.5943042,34321092
31-03-2017,328.9118347,331.5225063,327.5437914,331.476916,9651392
03-04-2017,326.7799683,330.6332962,325.1383273,329.6984721,4149052
05-04-2017,326.5861206,329.8124282,325.4917027,327.2473471,5744080
06-04-2017,327.9883728,329.0144053,324.921687,326.3923223,6124416
07-04-2017,328.0681763,329.4704262,325.7311023,326.2897367,4648360
10-04-2017,326.9964905,329.0143484,326.6544797,329.0143484,3393876
11-04-2017,328.2164001,328.6040013,326.3923423,326.9623604,4356260
12-04-2017,329.1739807,330.5990257,327.3043328,328.102358,3565092
13-04-2017,328.3988342,330.3596909,327.6578107,329.0144426,4804236
17-04-2017,327.6007996,329.1968502,325.6513266,328.3988249,7137056
18-04-2017,329.994873,331.7505176,327.8743947,328.3304091,3638860
19-04-2017,330.3824463,332.1495022,327.874367,329.9264319,4338144
20-04-2017,333.3807678,334.2700016,331.2830847,331.2944962,5781372
21-04-2017,341.2355957,341.7828186,331.3628999,334.2585804,17258032
24-04-2017,349.5464783,350.9031101,341.3268069,341.5776093,20206952
25-04-2017,350.4584351,352.3850845,348.7597649,350.0024207,9057780
26-04-2017,353.5593262,354.0951375,334.81712,351.8036543,7795852
27-04-2017,357.6520996,358.8719326,352.5219374,352.5219374,16180420
28-04-2017,352.6131592,355.6684614,350.4698858,355.6684614,5437728
02-05-2017,351.2678833,353.6163686,348.9308095,352.7271349,4007040
03-05-2017,352.1116028,354.3802638,350.9829502,354.3802638,2507964
04-05-2017,349.9455566,351.7924099,347.1638513,350.9601778,5131028
05-05-2017,349.3526611,351.7923552,348.0074408,351.6099382,2757896
08-05-2017,349.9455566,351.1311833,348.5205113,350.6751687,3747252
09-05-2017,350.1620789,352.4079443,349.4552621,349.9454831,3345836
10-05-2017,353.8216248,354.5512367,350.4585182,351.1311284,2342244
11-05-2017,352.5903625,355.6912551,351.359118,353.6391902,3875744
12-05-2017,353.7874146,354.9844525,350.2646862,352.476373,6147604
15-05-2017,354.1864014,355.0528121,351.6441154,353.4111713,2804780
16-05-2017,355.6114807,356.1472921,353.0121927,354.5512415,3590376
17-05-2017,355.0414429,356.9225024,353.7531965,355.4176603,3472472
18-05-2017,355.0300293,356.0332666,352.9779644,353.1831764,3107280
19-05-2017,355.9761963,357.9484639,352.3280815,355.5771837,2854136
22-05-2017,359.3393555,360.2513843,356.398057,356.8540714,2860052
23-05-2017,357.7661438,361.060865,356.8313197,360.2514282,3080172
24-05-2017,357.2302551,359.2139065,356.147221,357.7546828,3467388
25-05-2017,368.7218933,371.5149818,357.3101204,357.3101204,20090804
26-05-2017,370.7397461,372.1077894,365.0623607,366.3278119,5443156
29-05-2017,372.0849915,375.7559022,368.8358885,369.3261096,5916340
30-05-2017,371.4351807,372.4498017,368.4938819,371.6517764,4434184
31-05-2017,373.0653992,374.6158594,370.0899217,370.5117295,5318912
01-06-2017,371.3325195,373.8976005,369.4970783,373.7038,3359540
02-06-2017,372.6207886,375.3226685,370.7853194,372.5637868,3213544
05-06-2017,372.9172668,373.6924692,370.5117792,372.4954312,2899900
06-06-2017,373.6924133,374.7982706,371.6517599,372.791796,5002632
07-06-2017,374.1142273,375.0490513,371.7315353,374.0230188,2554276
08-06-2017,375.0148621,378.3551733,374.3080453,374.8210615,4248768
09-06-2017,380.0424194,380.7720314,373.9546104,373.9546104,5305272
12-06-2017,380.4870605,382.1401129,378.4919973,379.4040262,3971412
13-06-2017,382.2997131,385.7654397,378.7200107,378.8910162,5051620
14-06-2017,381.0456543,383.0407175,380.0880351,381.9120929,3858360
15-06-2017,379.4837952,382.0488763,377.0327177,380.3160271,3526692
16-06-2017,380.6010437,381.8436719,378.0587577,379.632013,3755104
19-06-2017,385.9934692,386.7002861,380.4072918,381.000105,3825532
20-06-2017,384.5455627,386.2442053,383.0178978,385.3321765,3660264
21-06-2017,387.3158569,387.8972865,382.9609246,383.6449462,3410932
22-06-2017,387.1562805,391.2604107,385.6058202,386.4608473,6675460
23-06-2017,382.7442932,388.2392612,381.9576517,388.0682558,5217468
27-06-2017,380.2362366,386.4722283,377.6369488,385.104185,6000432
28-06-2017,379.9625854,381.9120581,377.9903454,379.6319861,4449036
29-06-2017,381.7070313,386.0335205,378.9642232,382.613633,9187708
30-06-2017,379.182312,381.007003,377.1051241,379.583976,4330432
03-07-2017,380.6856079,382.7283616,378.0805359,379.3084744,3504332
04-07-2017,379.4805908,382.5447071,379.1707414,381.0642999,3766080
05-07-2017,378.4248962,380.892261,377.5641876,379.4233127,4014200
06-07-2017,380.5823975,381.695575,379.0216347,379.2970782,4571676
07-07-2017,382.6595154,383.2103744,380.5479217,381.2020546,5517396
10-07-2017,384.7596436,401.2049195,381.2479697,382.8431382,1309252
11-07-2017,385.6892395,388.0762768,382.636582,385.0351066,4410280
12-07-2017,385.8842773,386.7449858,380.6741335,385.5973745,5738892
13-07-2017,386.4122314,388.6500736,385.517089,387.4335943,4481004
14-07-2017,385.5858765,386.9859845,383.7611859,386.4925061,2443252
17-07-2017,386.1367798,387.353259,384.9088413,386.182701,2399340
18-07-2017,386.4122314,387.3991604,384.9891766,385.5285483,2322188
19-07-2017,388.4205017,389.315616,386.0219775,386.7449781,3987244
20-07-2017,392.6896362,393.6306719,387.4680049,388.7877579,3698476
21-07-2017,390.8879089,393.6880694,390.1878548,393.4241132,3873508
24-07-2017,398.2440491,399.3687137,389.0402125,392.4830462,19678176
25-07-2017,399.2883911,403.7296411,397.7735499,403.7296411,11160468
26-07-2017,401.1016235,402.8115531,397.6473024,399.8277638,3895344
27-07-2017,410.7644958,412.86463,402.0197038,403.0410666,17961712
28-07-2017,408.2052917,410.0414696,404.2115993,406.7133972,9255396
31-07-2017,409.5595093,411.0743505,405.4625427,407.9872875,7369140
01-08-2017,412.497345,415.2401525,406.7592892,408.9741843,8516860
02-08-2017,411.2235107,414.7466714,409.0201029,414.7466714,7397916
03-08-2017,408.5380859,411.30384,407.2642544,410.3857511,4256784
04-08-2017,410.9022522,412.394147,405.370771,407.8610821,3545068
07-08-2017,410.5120544,412.3252579,409.6972392,409.9267615,1918660
08-08-2017,408.067627,412.508877,405.3592531,411.3268318,4035372
09-08-2017,404.9805603,407.8725633,403.5804801,406.4839424,3270056
10-08-2017,404.0625305,405.3363905,402.3181666,403.9592567,7788444
11-08-2017,401.4458923,403.5001052,397.3374386,400.516316,6359836
14-08-2017,403.3165283,407.3905487,401.2049346,402.352546,3577084
16-08-2017,408.8365479,410.7989745,401.3311807,404.4985713,4426832
17-08-2017,405.1986084,408.7676628,402.5246684,407.6889193,5454868
18-08-2017,402.1574097,404.1886759,400.0572755,403.9591537,3707464
21-08-2017,400.1032104,403.7296735,398.9555991,402.5820622,4009724
22-08-2017,400.9753723,402.5820281,398.6342566,401.9623292,6609556
23-08-2017,406.8167419,408.0791144,401.6639781,401.6639781,3360524
24-08-2017,404.5329895,407.3905305,403.7640955,407.3790712,7878276
28-08-2017,404.4755554,406.5183089,403.5804131,404.5099894,1507784
29-08-2017,400.7802429,403.7295979,398.9096312,403.7295979,4918596
30-08-2017,405.9215698,406.2543659,401.6754084,402.1114782,2694320
31-08-2017,407.7348328,408.5152141,403.132928,406.7134699,7303436
01-09-2017,405.7035217,408.8823993,404.2116271,408.7791255,2295172
04-09-2017,401.870575,405.1068336,400.7688568,405.1068336,3642524
05-09-2017,402.8919067,405.0838556,401.8934905,403.2706241,3682436
06-09-2017,403.9362488,404.601869,398.9097055,400.2294585,5751632
07-09-2017,405.4625549,407.8036707,403.9821196,403.9821196,6946420
08-09-2017,410.3054504,410.8448221,406.4838994,407.0347584,8311664
11-09-2017,418.4993896,419.796196,410.8907214,411.533395,11477676
12-09-2017,421.2192688,422.2980403,417.3403648,419.4978517,6687680
13-09-2017,422.7455444,424.3866341,418.6485779,421.1733226,4995376
14-09-2017,422.1832886,425.1900248,420.370057,422.3554303,8154016
15-09-2017,424.3752136,425.0293745,420.8176182,421.4029113,3767332
18-09-2017,427.01474,427.9328292,425.190049,425.4310586,4084928
19-09-2017,424.5473328,428.7476015,424.0538823,428.0360881,4241468
20-09-2017,424.3522034,427.2441781,423.5259289,424.1571151,3446128
21-09-2017,422.1143799,424.2718947,420.1863873,424.1571336,7712496
22-09-2017,418.6715698,422.07997,417.7305341,421.1274749,8243524
25-09-2017,413.0827026,418.2928469,411.4416128,418.2928469,10149228
26-09-2017,411.3727112,412.35964,409.6971877,410.6267639,11438732
27-09-2017,407.7462769,414.4253687,406.2543822,412.2219607,7337220
28-09-2017,412.0613403,412.9105615,404.7166277,407.1725048,27646464
29-09-2017,414.4483337,418.1895578,412.2793596,413.1630147,6213632
03-10-2017,415.1712952,417.959996,412.4744089,414.9762069,4394424
04-10-2017,412.4514465,415.8713334,411.6136848,414.9532444,6625104
05-10-2017,412.8186951,414.287643,411.5563227,411.9924206,3336196
06-10-2017,413.1630249,414.1614412,411.7629447,412.6810337,3030660
09-10-2017,412.1072388,413.8286558,410.9596274,412.8646735,3062492
10-10-2017,413.7597656,416.5714133,411.4530837,412.9105445,3798180
11-10-2017,410.8792725,416.6402755,410.2939795,413.8860084,5267440
12-10-2017,417.4550781,418.0632897,410.3857816,412.015384,5381560
13-10-2017,424.7998047,426.1195577,418.1895525,419.2682959,6433464
16-10-2017,426.2572327,429.9525351,422.7799651,426.9113654,3274544
17-10-2017,424.9030762,425.4653945,422.1143752,424.6161734,2613288
18-10-2017,428.8623352,430.3542299,422.0914287,422.5504732,3926720
19-10-2017,424.2489319,428.0589956,422.4701344,427.3245356,570008
23-10-2017,427.6688538,429.1377739,421.4143719,426.8884724,4162892
24-10-2017,428.5410461,431.4100747,425.3047876,427.6000104,11328872
25-10-2017,412.0154419,427.6000104,409.6972725,426.9114436,21367208
26-10-2017,412.0727844,415.4352911,403.4656997,405.7953562,28571464
27-10-2017,411.0858459,414.8614758,408.3200916,414.1499624,7472088
30-10-2017,416.5828552,416.8123775,411.3956583,412.7383578,5422352
31-10-2017,415.0909729,415.7795396,412.9678922,415.7795396,4682460
01-11-2017,418.0058899,418.8780856,415.8942965,416.6058098,4190612
02-11-2017,418.2124634,419.9798014,417.0304183,418.419039,4737944
03-11-2017,420.1863403,422.3209083,418.0976936,419.0387292,3810488
06-11-2017,419.7043762,422.3209354,418.3272427,418.8781017,6148244
07-11-2017,418.5797729,423.4571214,417.9026934,421.8619528,7446376
08-11-2017,419.0961609,420.8520118,417.5009924,418.9240192,3283144
09-11-2017,419.5322571,421.1733468,417.9829818,419.3371688,3113308
10-11-2017,418.1895752,421.1274715,415.9746797,418.1207073,7744360
13-11-2017,416.2500916,418.4534996,411.9924426,418.1895434,3335872
14-11-2017,413.6794739,417.5010254,413.1401021,416.789512,4712468
15-11-2017,413.1974487,413.97783,410.385801,412.6810236,6148368
16-11-2017,414.9074097,416.8124558,412.0383812,414.0581884,4012972
17-11-2017,419.004425,421.9308342,416.1583431,419.7273978,6358772
20-11-2017,421.8963013,422.2520439,419.7961672,419.7961672,2392424
21-11-2017,423.7554626,424.6161711,421.4258062,421.7356556,2275532
22-11-2017,425.8211365,426.9113671,423.3652597,424.5472768,5660796
23-11-2017,422.9750671,426.9113793,421.8618898,426.681857,3232580
24-11-2017,424.9375,426.406448,422.550463,423.0095075,5203684
27-11-2017,426.3490601,427.3704228,423.6062524,424.3866336,3870472
28-11-2017,428.1393433,429.4361496,425.9588818,425.9933157,5090540
29-11-2017,429.9640503,430.468988,425.9474108,428.0590044,3274584
30-11-2017,425.4653625,430.1131879,422.3209191,428.9081961,5796312
01-12-2017,424.2030029,426.9113766,423.2619673,425.7408188,3858148
04-12-2017,420.9667664,425.7408405,420.0486773,425.7408405,3641932
05-12-2017,417.8338013,419.6929541,414.746738,419.1076611,3893360
06-12-2017,413.8974915,418.0403513,412.9105346,417.7190146,6395120
07-12-2017,415.35495,416.9501184,413.851568,414.6663832,4231304
08-12-2017,422.4127502,425.304725,416.3533573,416.3533573,8956400
11-12-2017,423.789917,425.0178555,422.3209689,424.157147,3198232
12-12-2017,417.70755,424.5932176,416.8009203,424.4095886,2410588
13-12-2017,418.0403748,423.468582,416.6058606,417.7420126,2907460
14-12-2017,421.8734131,422.3209703,415.8943468,418.648614,3683092
15-12-2017,429.9984436,433.3380035,425.8785305,425.9932916,12450124
18-12-2017,431.2608032,435.8627354,415.2746016,425.7637568,12297988
19-12-2017,432.534729,434.6348634,430.6182236,431.4559855,4952112
20-12-2017,428.782074,436.8038668,427.7492237,435.8398844,9343504
21-12-2017,428.8164673,432.649478,428.1049258,431.47892,6854544
22-12-2017,430.7329712,431.5018652,427.3130838,431.2723429,4470904
26-12-2017,428.8278809,432.1444941,426.1539411,431.7313429,6785696
27-12-2017,426.1654358,429.2754735,424.8801168,429.2295522,3489384
28-12-2017,431.0543213,431.7084542,426.4523885,426.6589641,8700520
29-12-2017,429.7574463,431.3181807,428.7819768,430.7673497,6345872
01-01-2018,425.6490479,431.6740074,424.7309588,429.8263419,6580516
02-01-2018,429.7460327,430.3542724,426.5786421,426.5786421,4776316
03-01-2018,425.2243958,431.1001597,424.8915717,430.3542124,4531288
04-01-2018,426.8884583,428.1737773,425.304749,425.304749,2373776
05-01-2018,427.7376709,428.7590617,425.8900335,427.5999631,2870868
08-01-2018,427.0491333,429.3673026,426.3950004,428.0590369,4570308
09-01-2018,427.7606506,429.1722182,425.7638181,427.370474,5305528
10-01-2018,427.8753662,428.7246153,426.2916851,428.1048885,4615888
11-01-2018,429.7919312,430.5837718,426.050707,427.8753978,4059096
12-01-2018,428.1278992,431.0772547,426.9114199,429.8952094,4336708
15-01-2018,435.5758362,437.1021647,426.8769376,429.1951066,12576444
16-01-2018,436.12677,438.3875589,432.7068824,436.8841767,6445384
17-01-2018,433.9118347,436.6775892,433.1085068,435.4037294,2905496
18-01-2018,443.9648743,448.4864511,440.2351379,441.600784,16649540
19-01-2018,448.0733337,449.8406719,440.5105867,444.1599961,11455988
22-01-2018,450.6325378,456.2902673,448.2914219,449.8636439,8849768
23-01-2018,447.8667603,451.4013804,446.0305823,451.0112037,5047796
24-01-2018,449.3242493,451.9293213,447.7061062,448.1536914,4790568
25-01-2018,453.2949524,454.454051,447.6831446,448.4635259,8723668
29-01-2018,458.9642029,460.6396986,453.9950402,453.9950402,8235892
30-01-2018,458.0116577,459.4806057,455.4065857,458.5395701,6397560
31-01-2018,460.3527527,462.1430374,456.0606979,456.6115569,6943348
01-02-2018,457.0132446,462.4873448,455.670545,460.4216445,6521420
02-02-2018,447.1093445,456.7263324,445.6174499,455.83119,7346124
05-02-2018,439.2711487,444.1829304,437.4349707,440.2236716,7926784
06-02-2018,435.3577576,438.8464841,421.4716633,426.9113287,10749804
07-02-2018,429.8493042,437.6989544,427.4622671,437.6989544,8364972
08-02-2018,431.7199097,435.7709834,428.403324,432.4199638,5171444
09-02-2018,424.5014038,427.9901308,423.261978,424.1341738,6408952
12-02-2018,430.7329712,432.8789988,425.7982424,426.9114198,4381108
14-02-2018,432.224823,435.6102761,430.2738839,433.7511515,3577188
15-02-2018,431.9378967,434.8872518,430.3541877,433.7281533,4915224
16-02-2018,431.180542,434.910279,430.5034625,432.3970213,3583520
19-02-2018,431.0886841,433.2461989,426.6933554,432.0985876,3654552
20-02-2018,427.6458435,432.8445281,426.635968,432.5920592,4084068
21-02-2018,426.3146362,428.8738149,425.1211037,428.7360792,2753072
22-02-2018,425.350647,426.9114096,422.676735,424.6161869,13253596
23-02-2018,431.6280518,432.6149806,424.7079507,426.1998453,4076748
26-02-2018,438.7432861,439.4892335,432.3166629,433.3609723,4788884
27-02-2018,436.6775818,441.0843979,436.0922888,439.4777421,4787328
28-02-2018,432.4658508,435.0479764,431.042824,433.6938174,4066364
01-03-2018,430.2050171,434.5544805,428.7475564,431.341169,3909840
05-03-2018,429.1951599,431.0428254,426.5097605,430.1591703,3781464
06-03-2018,423.7554626,431.4788921,422.2061874,429.2066162,4576828
07-03-2018,420.6224976,425.3965719,419.6814619,422.3209679,5628164
08-03-2018,425.2702942,426.5671005,420.4847609,422.2750456,5518724
09-03-2018,424.8572388,428.116444,423.2390954,425.7523533,4108108
12-03-2018,428.5754395,429.0803772,425.3965618,426.9572963,6557116
13-03-2018,426.96875,432.5920449,425.7637582,428.6212989,5124200
14-03-2018,427.9442749,428.7246562,424.1571574,425.9933356,3680392
15-03-2018,431.6854248,433.2232126,428.1048556,428.1048556,5870924
16-03-2018,425.304718,431.7542875,423.8243108,431.5018186,7896336
19-03-2018,423.9849854,426.9113941,423.0439497,425.3047383,7838740
20-03-2018,422.2061768,425.9703472,421.2307072,423.4914957,3657372
21-03-2018,426.6589355,427.6458645,423.0783939,424.1571373,5921140
22-03-2018,428.6902161,431.5018638,425.7867538,426.6589496,6673224
23-03-2018,422.6767883,425.327754,421.6898313,423.8473464,7190152
26-03-2018,434.5889282,436.0923103,420.8290794,422.2980276,10501768
27-03-2018,434.3938293,435.8627774,430.5837654,434.6692729,6136836
28-03-2018,432.9019165,436.0234135,430.5952347,432.1789158,8837508
02-04-2018,443.2533569,444.2976944,433.9118126,433.9118126,4596368
03-04-2018,439.7417297,441.9910312,438.617065,441.5893672,4079884
04-04-2018,432.2477722,441.8188387,431.1460542,439.0645718,3714108
05-04-2018,438.1350403,439.3055982,433.8429573,436.3906767,4858892
06-04-2018,441.4631348,442.1631609,437.4235485,438.8924686,3720008
09-04-2018,445.0551147,445.7321942,439.8564304,440.4072893,4003536
10-04-2018,440.8778076,445.9617311,439.1908247,445.9617311,6067236
11-04-2018,440.4187927,440.6827489,437.3317295,439.7417132,2870812
12-04-2018,442.7025452,443.6435808,437.4464798,439.764649,4712516
13-04-2018,441.8303223,445.2731559,440.4761354,442.518889,3297172
16-04-2018,445.7551575,447.5683889,440.6482874,440.6827213,2847744
17-04-2018,447.2241516,447.7979573,443.9190253,446.0765402,2667832
18-04-2018,443.574707,448.3717278,442.9894421,447.7979222,2712720
19-04-2018,445.0436401,446.3748804,443.6665066,445.2731624,3169032
20-04-2018,448.9225769,450.0931348,443.4714234,445.5026898,9361380
23-04-2018,444.2976685,454.2245052,426.980227,454.2245052,15304620
24-04-2018,444.1256104,447.1208873,442.0599098,444.1256104,5037416
25-04-2018,440.8548889,444.814148,438.8465691,442.4959787,4020592
26-04-2018,443.0353394,445.0895524,438.6744164,439.9482762,7847480
27-04-2018,441.4631348,444.2403486,438.9613364,443.6665429,5777008
30-04-2018,446.2601318,448.6701155,442.7025369,442.9779524,4609552
02-05-2018,452.0440979,453.9950371,446.6503247,447.5684138,7100048
03-05-2018,451.6768494,453.2835051,446.6503064,451.7112833,4152772
04-05-2018,456.4050293,456.7493127,451.3096462,452.1588673,6881436
07-05-2018,453.8572998,456.1295757,453.3064408,454.8327694,5264128
08-05-2018,451.4818115,454.4311672,448.6242423,454.2819721,7100564
09-05-2018,454.086853,454.5688442,448.9799826,448.9799826,4327332
10-05-2018,457.3690491,458.8150507,454.9131718,456.4280133,7171672
11-05-2018,461.741394,462.9463859,455.831196,457.3689839,6057068
14-05-2018,464.0366211,465.3334274,461.8905936,462.9922836,4742916
15-05-2018,467.7204895,473.963484,465.1727699,465.2531251,9826684
16-05-2018,464.4038391,470.2910904,462.9808124,466.0564161,6841604
17-05-2018,465.4137573,469.2467678,461.9135429,464.5186149,6615476
18-05-2018,461.8331909,464.7136783,459.8478179,464.7136783,5217460
21-05-2018,457.4493713,463.8645076,455.8427154,462.7398428,4848108
22-05-2018,456.7263489,462.2463424,455.7164453,458.7461279,3960372
23-05-2018,451.585083,457.6674234,450.6440473,456.2443965,5726292
24-05-2018,455.8312378,456.8067075,449.0258967,451.4932612,4520744
25-05-2018,461.0413513,462.716875,456.7263497,456.7492963,4759588
28-05-2018,468.7303467,470.979676,460.4216521,460.8348034,5103940
29-05-2018,466.5269165,471.1403081,465.6547488,467.7663422,3351244
30-05-2018,470.1419983,471.2092545,462.7857978,463.5661512,4866996
31-05-2018,494.1878357,498.9346559,480.4555945,485.0753599,39639192
01-06-2018,487.5237427,493.8527971,485.3062333,488.7710565,21151356
04-06-2018,472.6481628,498.2416731,470.7425097,496.6247553,88796324
05-06-2018,476.6673889,477.4411657,467.2892431,473.5259261,17105460
06-06-2018,475.2236633,476.9445144,472.3709361,475.881946,9782000
07-06-2018,476.3439026,480.4093179,474.2650086,478.884773,10563896
08-06-2018,473.3757935,476.1245311,470.0610895,475.6048075,6180888
11-06-2018,471.7473145,476.5171993,470.9388556,473.9647678,7091188
12-06-2018,472.1053162,474.1495565,470.8464415,473.9647546,5234256
13-06-2018,469.2410278,474.6346256,467.54327,473.9878472,7897960
14-06-2018,470.615448,472.370953,467.7511882,468.9061294,16927576
15-06-2018,468.8137207,470.9619226,467.1275235,467.9821687,10880816
18-06-2018,466.3999023,470.9388268,464.0784593,468.9292122,7487404
19-06-2018,467.4047241,471.3777107,466.4345847,467.7396458,10981152
20-06-2018,474.9464417,475.3737924,467.7511806,467.9821689,9051712
21-06-2018,475.2814636,478.3304974,472.8445262,475.8358129,13510704
22-06-2018,481.2293701,482.4882447,473.4912641,475.1312468,7848980
25-06-2018,483.908844,484.5671831,478.8502237,481.1601063,6992336
26-06-2018,483.6201172,485.7683193,480.4209636,481.8530795,9161932
27-06-2018,487.9857483,489.5795445,482.7653918,483.4583565,19126804
28-06-2018,492.2012634,494.3147831,487.6623111,488.5400776,37533540
29-06-2018,487.0271912,494.3148821,486.2534143,490.0877856,19458120
02-07-2018,478.8963318,487.0155452,476.5864496,487.0040409,9864876
03-07-2018,478.191864,481.6105014,477.1293519,478.8963895,6863100
04-07-2018,485.8953247,486.9347718,477.9146697,479.5893345,6097992
05-07-2018,490.5613708,491.7740593,483.3545476,486.2303405,9735968
06-07-2018,488.5747681,493.2869621,487.6970578,488.1474736,8121344
09-07-2018,491.0001221,492.0049435,486.8654552,490.1224119,6182296
10-07-2018,495.7931519,496.5323594,490.8500259,491.9818458,10950736
11-07-2018,496.2205505,497.9414019,493.1137696,495.4813994,5857920
12-07-2018,500.3090515,503.5198224,497.0867763,497.2946432,8020668
13-07-2018,503.762207,506.0490243,499.6506617,500.8748542,7161188
16-07-2018,500.9788818,505.8758214,499.8008192,503.4157627,9017336
17-07-2018,502.8035889,503.7852888,499.685248,499.685248,6361924
18-07-2018,502.6765442,512.7938393,502.087513,505.1712282,17460272
19-07-2018,504.9633484,506.6726386,501.4754039,504.2472624,5304776
20-07-2018,505.6448364,508.8324855,501.4986086,504.9634324,10006964
23-07-2018,498.114624,503.0924323,493.8644626,496.624761,16880132
24-07-2018,498.8769531,501.0135948,495.9318525,495.9318525,5208792
25-07-2018,501.3253784,502.8152414,498.9346274,500.0087003,7038616
26-07-2018,506.4647827,508.970971,500.0894854,500.0894854,21281092
27-07-2018,508.6706848,510.9343806,504.6399517,508.6244984,10554596
30-07-2018,501.2213745,507.9431551,498.7959979,507.9431551,7169120
31-07-2018,503.4388733,504.9171755,496.6362808,498.9346026,8860944
01-08-2018,498.6343994,502.3995197,497.0174814,499.5814739,6071560
02-08-2018,492.0511475,497.4793712,490.0069353,497.4331848,8905704
03-08-2018,490.0762329,495.9433687,488.3091952,492.8250271,13604008
06-08-2018,488.3784485,493.714243,486.4843562,489.9260584,5744632
07-08-2018,492.2127686,493.0443487,486.9231609,490.8499606,7428456
08-08-2018,493.4717712,497.0405284,492.7094987,493.3562771,9945380
09-08-2018,489.3486023,494.7768261,483.83951,494.7768261,8944408
10-08-2018,488.4131165,490.5728792,484.6133708,490.5035715,5442940
13-08-2018,483.1464844,485.9876507,480.4554942,481.3794471,10054252
14-08-2018,482.5575867,486.2302774,482.1186751,484.6133596,4935964
16-08-2018,479.4623108,482.0031816,477.3141087,481.1485363,10625160
17-08-2018,479.8434753,483.4699797,478.5267972,481.125415,6065328
20-08-2018,484.1976013,486.8309014,479.3006613,479.3006613,7811136
21-08-2018,484.1628723,487.8471232,483.3774785,484.6132881,7776320
23-08-2018,480.4324036,486.6922072,479.7279346,486.2302308,12574552
24-08-2018,478.1110229,483.5969936,477.2332564,478.3766369,9714628
27-08-2018,480.5594788,482.4189454,478.20341,479.7625806,12574788
28-08-2018,483.8857117,484.6710491,480.1783393,482.3034198,9973532
29-08-2018,480.1090698,483.7009483,478.7808874,483.2620368,9873692
30-08-2018,477.244873,482.2803721,476.2631729,481.2871677,21827460
31-08-2018,476.1129761,480.1668312,475.431572,477.9608821,15771500
03-09-2018,479.3121338,480.2129653,476.6442085,478.0070165,7661608
04-09-2018,473.9417114,479.9820317,473.294933,479.7394828,7130536
05-09-2018,472.5672607,475.8819362,470.1880989,474.4036341,5641508
06-09-2018,474.0340881,475.6048196,469.506724,473.294937,10402412
07-09-2018,475.1312256,475.835751,471.3892276,473.7568569,5919300
10-09-2018,471.4816589,474.6808405,467.7742863,474.6808405,8598592
11-09-2018,462.0689087,473.0639439,460.6252321,472.6712752,18186536
12-09-2018,464.7137146,466.908103,459.5626934,462.4153927,12246008
14-09-2018,468.8137207,470.6154402,466.3536903,466.5615854,10334672
17-09-2018,460.1747437,467.2776318,459.2046044,466.8965237,9338220
18-09-2018,459.4818115,464.2517245,457.5761585,460.7984615,9325736
19-09-2018,453.0487671,461.5144915,451.9284798,460.7868729,16712264
21-09-2018,455.1045837,461.9418301,441.2337285,455.9476965,22610148
24-09-2018,444.8140259,455.5549786,442.3424631,454.4115982,13390792
25-09-2018,450.9814758,453.1989574,442.3425094,444.8140725,16682552
26-09-2018,454.6310425,456.8947385,451.6513167,453.4183542,14726724
27-09-2018,456.4674072,458.7426357,451.6166543,454.9082366,18352208
28-09-2018,463.3739319,465.5451986,456.6983667,457.5068254,14460716
01-10-2018,470.1650085,471.6779928,461.4683237,464.2401827,12449588
03-10-2018,469.1717529,474.0340383,463.5933815,469.0100442,15332148
04-10-2018,452.2172852,466.088142,448.8102082,463.8244457,17970584
05-10-2018,453.9611816,459.6665797,448.151822,451.3394427,15729180
08-10-2018,449.2721252,454.815843,445.8073017,453.89189,20128020
09-10-2018,448.2557373,453.8918556,445.8072678,449.1335038,12459364
10-10-2018,454.3885193,457.8764361,447.0777359,449.2721242,15939932
11-10-2018,447.5512695,450.0343931,442.9430373,444.6523559,14359904
12-10-2018,457.7840576,461.3066284,448.5791815,449.2721462,9600320
15-10-2018,463.835968,464.4711857,455.1161616,459.6666188,12585968
16-10-2018,460.3018494,466.1804892,459.089161,462.669479,9406004
17-10-2018,456.109375,464.9793291,453.5454112,463.3855046,7940796
19-10-2018,454.5270996,457.5530398,452.2749643,452.4828594,9867348
22-10-2018,461.7223816,466.5962276,459.3431915,465.2102982,20331160
23-10-2018,458.4770508,461.7224472,455.7398455,455.7398455,19428564
24-10-2018,460.1863098,464.0091764,455.6473854,462.9004216,18072336
25-10-2018,454.7696228,462.807996,453.302825,455.8783494,29847056
26-10-2018,453.0141602,456.7099723,450.1961147,454.7696935,15155712
29-10-2018,444.9526672,453.8803403,437.7689103,453.684006,17044280
30-10-2018,441.8226929,446.2692159,438.7159128,444.6522984,13828704
31-10-2018,441.5917969,443.0123803,435.412861,439.3512221,23449404
01-11-2018,441.6957092,445.8073113,437.953711,445.8073113,19629052
02-11-2018,450.3000183,452.7369555,441.6495199,444.8833553,30092868
05-11-2018,451.8130188,452.6561316,447.6552303,450.4039961,5705296
06-11-2018,449.630188,456.4327807,448.7986077,451.5820274,8485588
07-11-2018,452.2633972,453.8803148,450.4270521,452.9679226,958760
09-11-2018,449.3645325,452.713862,447.2625451,452.3211651,10101620
12-11-2018,443.7399597,453.1989167,442.8391,450.7735402,7907764
13-11-2018,445.2875977,447.5859195,440.7717661,443.2664505,13350420
14-11-2018,452.2172852,452.7370088,447.3318776,447.7823217,26110636
15-11-2018,456.2364502,456.7330806,446.0844996,453.1758559,10392524
16-11-2018,462.9697876,464.9793742,457.3567615,457.5877498,15813216
19-11-2018,465.1871948,466.8272056,462.4153361,464.5173233,12286428
20-11-2018,464.8522644,466.5038359,461.7570446,464.9793192,5705168
21-11-2018,466.3074951,467.5086226,462.9004187,464.9215657,6545604
22-11-2018,463.2469177,470.0610708,462.0111363,465.0370766,12974552
26-11-2018,473.4797058,473.9878687,464.7598997,465.1872224,18184436
27-11-2018,476.7597351,477.6605667,471.3892584,471.4585662,12895440
28-11-2018,482.5921936,484.7519563,475.8589088,476.9907286,13021108
29-11-2018,492.2474976,493.714239,483.689372,485.3062897,31908636
30-11-2018,491.6469116,493.7489272,487.3851898,492.0049547,13040924
03-12-2018,488.1474609,494.7768122,486.6691024,492.2359415,10799856
04-12-2018,481.7375488,487.6161884,480.1321918,486.3226317,8157420
05-12-2018,484.8905334,486.2995844,479.5200565,479.9935937,11798844
06-12-2018,484.3938599,485.4563718,481.6104405,482.6960739,11730252
07-12-2018,486.8308105,489.2330656,480.5248207,486.6228873,9903920
10-12-2018,482.4767456,486.1841186,477.1986411,477.1986411,10915056
11-12-2018,475.7318115,478.4459232,469.3680746,474.911792,18905780
12-12-2018,481.6797791,482.7192261,475.8588868,477.4411224,11370488
13-12-2018,485.3755798,490.8499896,483.0656975,483.9203427,7064236
14-12-2018,484.0820618,489.233111,482.3150242,486.2071424,6158284
17-12-2018,492.0511475,492.6055531,484.8443255,485.9992667,8437324
18-12-2018,493.2638855,494.0839051,485.6759547,490.6190811,7413968
19-12-2018,490.4920044,498.796021,488.2052432,492.7210749,9009896
20-12-2018,493.7257996,494.4187643,485.6873976,487.974215,7980476
21-12-2018,487.6507568,496.4168049,487.1657154,492.9288602,10220308
24-12-2018,480.6056824,485.9992806,479.8434663,485.9992806,5601488
26-12-2018,490.2378845,491.3119572,477.9146401,479.7625459,7601916
27-12-2018,486.2418518,493.8990901,484.7173067,492.6979624,11639868
28-12-2018,490.3649292,493.7951272,488.6556387,489.0829895,9415612
31-12-2018,490.0877075,493.6218387,488.9327664,493.6218387,5866528
01-01-2019,496.1858826,496.8557259,486.3688819,491.4621277,6373440
02-01-2019,491.6585083,496.0472852,489.6258003,494.9616517,8134232
03-01-2019,487.8009644,491.6007095,485.7682566,490.6651959,12771664
04-01-2019,489.1059875,491.6584186,487.466005,488.5978248,7287120
07-01-2019,489.8452454,493.240818,489.233149,491.4737239,5387012
08-01-2019,485.768219,490.5034774,484.3014213,490.1569951,8343460
09-01-2019,488.9559631,490.006971,485.6759411,489.2331378,8568628
10-01-2019,487.0386658,490.5727968,483.3774799,489.0020657,7691540
11-01-2019,487.8240356,490.6190159,486.9232041,488.2629471,6408040
14-01-2019,485.4563904,487.3620433,484.7172393,487.3620433,4855160
15-01-2019,490.1339722,491.1965407,485.5373283,486.2418538,5087556
16-01-2019,489.741272,490.8500268,486.9809737,489.7066463,5252452
17-01-2019,492.5362549,493.3677787,488.1590388,490.9077764,8240228
18-01-2019,492.0626221,494.0837689,488.4361185,493.159816,5207976
21-01-2019,496.1974487,500.4361062,491.1965751,494.3033561,17561512
22-01-2019,493.3562317,495.8855415,491.7855005,495.7007397,8796976
23-01-2019,486.3226013,493.3562381,485.4102091,492.9288873,7624288
24-01-2019,485.5950317,490.0761811,484.5902103,487.3851906,10111572
25-01-2019,484.1513672,487.3852027,482.7654377,483.4584024,11262236
28-01-2019,481.4141846,485.5489085,479.7048939,482.7654885,15360436
29-01-2019,475.2814636,481.1485428,474.2188951,480.0513486,14762788
30-01-2019,469.9917908,475.2005872,468.4441807,475.2005872,18514160
31-01-2019,480.4440002,482.7076964,467.0582424,469.1371367,16579404
01-02-2019,482.8693848,489.0021342,479.6702313,480.4440081,15654188
04-02-2019,486.2071533,488.0781807,481.0676647,483.9203922,7938288
05-02-2019,488.3207397,489.4641203,484.3823787,486.9232495,8690288
06-02-2019,490.3072205,491.312042,488.2168218,488.8289181,10875684
07-02-2019,489.0598755,492.0049757,486.426632,490.8615951,7217308
08-02-2019,490.3072205,495.4582701,486.6114082,487.847218,12235644
11-02-2019,494.2340393,494.9847512,488.1475321,488.1475321,7036364
12-02-2019,491.9356384,496.1627345,490.8038186,493.8528521,9772388
14-02-2019,487.4313965,494.3148577,486.3688844,494.3148577,7441388
15-02-2019,485.2254639,486.9463715,480.0397887,486.7731303,8416524
18-02-2019,482.7422485,489.2330399,481.8414171,486.6459832,7138744
19-02-2019,481.3910828,486.9578659,480.0397789,482.6961438,5268636
20-02-2019,487.0040894,487.6161856,480.8944052,482.4189501,4892500
21-02-2019,488.7481079,489.6836218,483.5971141,485.4680854,5261544
22-02-2019,483.1003113,491.5660636,482.5575228,489.5564209,8890708
25-02-2019,490.9424744,491.9934823,483.9550788,483.9550788,8140596
26-02-2019,487.5353699,490.8500741,485.329477,487.6739854,9607428
27-02-2019,483.2851563,490.7229665,482.3380819,488.7942485,7030092
28-02-2019,479.8896484,486.4266272,478.884827,483.481527,11645376
01-03-2019,481.2293701,485.2831686,479.7625722,481.8992135,9352928
05-03-2019,486.7153625,487.6393155,478.1456759,482.5113313,11837276
06-03-2019,486.0570374,487.4545276,482.8925095,487.3852198,8458044
07-03-2019,491.1965332,492.0049921,483.920403,487.2928542,10204852
08-03-2019,491.5891724,492.0049625,487.2581428,488.5516995,7053460
11-03-2019,491.6469116,495.1694823,490.2032351,492.4669312,9224108
12-03-2019,501.4754639,502.3994168,493.6218638,495.9317462,15097292
13-03-2019,514.3069458,516.0277971,501.7296457,502.3994892,57166348
14-03-2019,513.8911133,519.146096,510.6226521,518.5339997,15379864
15-03-2019,520.4165039,522.0103002,514.6533586,515.3347626,12763088
18-03-2019,522.3682861,529.3441189,519.0305177,522.4722196,14358720
19-03-2019,523.8235474,525.7060788,519.9544946,524.2277768,11957992
20-03-2019,531.0419922,531.2729804,522.2759993,524.1123446,11711992
22-03-2019,525.763916,532.8899265,524.5281626,531.2730087,30403880
25-03-2019,526.9534912,528.4664755,520.4165126,522.0334303,9199260
26-03-2019,533.8947754,534.73786,524.9439797,525.7061959,11786848
27-03-2019,531.145813,537.7520982,526.4336762,535.5577102,13885300
28-03-2019,531.9197998,537.0477281,528.4665364,530.9958467,19554328
01-04-2019,533.9985962,538.6645471,532.3354922,537.1053766,9647076
02-04-2019,530.0834351,535.8927673,527.9121116,535.8927673,10910496
03-04-2019,529.5983276,534.9688046,528.5588805,529.4482078,7659452
04-04-2019,527.5654907,534.2757092,526.6530986,529.5981982,9211552
05-04-2019,532.5665283,534.44906,527.1151831,528.4549262,8351180
08-04-2019,528.8245239,536.5741917,526.6763781,535.6617993,6398132
09-04-2019,528.3279419,531.9660073,523.6504292,530.4877049,10777600
10-04-2019,516.8015747,527.5771538,515.3347768,519.7235535,108128700
11-04-2019,521.4559937,522.7264291,516.7091737,518.545519,8793300
12-04-2019,523.2461548,524.8515119,520.2086817,520.2086817,9170444
15-04-2019,528.6859131,529.6329311,523.0382617,524.3433227,10219780
16-04-2019,532.4395752,533.5598346,526.722615,529.1826177,8273776
18-04-2019,529.8060913,534.7492729,528.5010305,534.2757358,10614856
22-04-2019,524.0429688,537.0476169,522.2643707,537.0476169,20980420
23-04-2019,518.6379395,528.9631032,517.7832942,526.0873107,15282400
24-04-2019,526.5953979,527.5539765,519.0420944,519.7234984,12354128
25-04-2019,522.8303223,530.9957791,521.5598869,528.2469852,18086636
26-04-2019,526.8725586,527.8080721,521.3172807,523.3961747,11707568
30-04-2019,535.3036499,535.8926812,526.2835485,527.8080933,12536836
02-05-2019,544.1621704,545.0514414,535.3153085,536.7012381,17169300
03-05-2019,546.9685059,549.2899486,544.3237022,546.1023001,12351520
06-05-2019,537.8446045,543.2612679,535.2113609,542.3604363,13748092
07-05-2019,536.4356079,544.6703168,535.4307864,543.2612659,9924204
08-05-2019,532.9476929,536.7705601,528.5011686,536.4818247,12064208
09-05-2019,529.1709595,531.2729751,524.7129314,531.2729751,9027724
10-05-2019,530.4644165,537.024459,529.2748498,529.2748498,10594200
13-05-2019,528.3162231,534.3565987,526.6531193,530.3604914,11071632
14-05-2019,528.4779663,533.8138172,525.6252954,530.5106741,10494744
15-05-2019,528.2007446,532.9360031,527.1612977,530.3489463,8956348
16-05-2019,533.7330322,535.6618069,526.6532642,526.780319,8050136
17-05-2019,545.6173096,547.2804135,533.9524042,534.2757651,14758780
20-05-2019,561.8442993,563.3110409,549.7520417,556.2197128,17699632
21-05-2019,555.2263794,565.7825299,554.2446794,563.1492867,10325176
22-05-2019,555.6999512,560.377463,553.0435864,557.109002,11386660
23-05-2019,538.6876831,563.5881696,535.6848361,556.4506557,33081996
24-05-2019,548.2158813,551.1724853,540.5470278,545.0628585,13692800
27-05-2019,556.3005371,559.4303826,547.9618393,549.4978885,12049024
28-05-2019,558.1138916,558.9916584,551.3806055,558.1831994,7364840
29-05-2019,558.2753906,561.4861606,556.7277809,556.7277809,7475216
30-05-2019,563.5073242,565.436042,557.3861364,558.0675404,9359200
31-05-2019,560.2272949,569.3859552,544.3930414,567.4918631,19785080
03-06-2019,567.5612183,568.1848752,560.1349126,560.6084498,8480860
04-06-2019,566.4525146,569.5592954,563.8538968,567.0761717,6442988
06-06-2019,559.7653809,570.5409598,557.4554984,566.6603461,15634924
07-06-2019,565.378418,566.9029631,556.4507439,560.296676,7970932
10-06-2019,563.6574707,570.5293706,561.7864999,570.5293706,7077140
11-06-2019,565.5516357,568.2080007,563.6922254,566.2677219,7103292
12-06-2019,560.6200562,565.5516216,559.8346622,564.7662841,7308620
13-06-2019,564.6969604,566.3831859,558.0560483,562.6758133,11107948
14-06-2019,562.4794922,567.9885279,560.1464884,564.2927161,11956920
17-06-2019,559.4535522,563.5882194,558.3679187,562.4563996,12810020
18-06-2019,558.3563843,561.7634612,555.2957898,558.5296255,12419652
19-06-2019,560.9203491,564.7431596,558.2293021,560.6084924,10744276
20-06-2019,563.9418335,566.4171257,561.2108523,564.4066814,11171492
21-06-2019,561.1178589,564.7204299,559.1306229,563.8604727,13250260
24-06-2019,561.989563,564.9297604,560.1418037,560.5950191,6915000
25-06-2019,564.4880371,567.463075,558.5147529,562.4311192,8899800
26-06-2019,573.598938,574.0870509,562.9307033,563.5582365,10533636
27-06-2019,572.2974854,579.781525,570.8680441,573.7966084,19879236
28-06-2019,567.9859619,575.2492095,566.428733,572.6925464,12756844
01-07-2019,577.7012939,578.5031451,569.4502447,570.8331557,8524160
02-07-2019,579.8977051,580.4787649,573.4363085,578.2707376,7246828
03-07-2019,578.6541748,581.8267953,577.1085785,580.8273611,7463256
04-07-2019,577.2945557,580.571699,574.551942,579.8512188,7993964
05-07-2019,574.6449585,579.88613,571.7629242,577.5967881,7583060
08-07-2019,560.0487061,575.156261,557.1317745,575.1446285,14607140
09-07-2019,552.9714355,560.3276878,551.5420509,558.7123527,16482688
10-07-2019,555.2026367,557.352558,549.9730985,552.8783975,11569148
11-07-2019,559.4793091,561.0714359,556.8064336,558.5147724,9097596
12-07-2019,556.3995972,562.0010363,554.3426795,562.0010363,8976272
15-07-2019,556.597168,558.5146653,552.5530146,556.8876979,8233184
16-07-2019,555.7720947,562.0010675,553.6338059,562.0010675,12770568
17-07-2019,557.2247314,560.5135641,555.795347,556.1788238,7759736
18-07-2019,560.583252,564.5577238,558.2590127,558.5147017,10802584
19-07-2019,552.1578979,562.6286076,550.1474536,561.3038025,8939228
22-07-2019,533.9358521,546.161373,530.2170693,545.0340943,22171296
23-07-2019,526.0915527,533.2966944,521.1060709,533.2966944,27802864
24-07-2019,530.1357422,532.9480946,523.1862891,524.5227267,17363740
25-07-2019,531.3327026,538.165943,529.9846326,531.0886462,19462008
26-07-2019,529.2990112,533.0991083,528.2647361,529.5081701,12829828
29-07-2019,521.6290283,528.4274282,516.6900199,528.4274282,9976492
30-07-2019,523.4768066,527.8812289,520.6063484,524.1159725,10394136
31-07-2019,523.3373413,526.9050715,519.2931875,520.6296251,13891840
01-08-2019,517.5487061,521.788224,511.7717536,519.249188,18241676
02-08-2019,515.8133545,518.0612143,508.2776841,515.0329787,27825536
05-08-2019,507.6370544,512.4705838,503.7352898,511.7834187,19822440
06-08-2019,509.9315491,514.8582322,504.7835264,504.7835264,24890940
07-08-2019,508.7435303,512.9364715,504.3176479,510.1411773,18750136
08-08-2019,520.1925659,522.4870593,508.5105887,512.0047063,19711600
09-08-2019,531.5717773,533.2023656,521.7416708,523.418836,30436112
13-08-2019,517.2110596,529.5452858,513.0763529,529.5452858,15440068
14-08-2019,519.3306885,520.7166771,513.1810642,520.7166771,14254052
16-08-2019,518.9230957,520.1576954,513.4257175,515.7318127,15247560
19-08-2019,514.0662842,522.2541442,512.8666029,521.43885,8498200
20-08-2019,517.2692871,518.9464525,514.0663454,514.6253816,10270592
21-08-2019,518.4921875,522.0678008,515.7783884,518.2708479,10472712
22-08-2019,506.437439,517.3274391,504.7951923,517.3274391,13992044
23-08-2019,503.7819214,507.1129919,498.4010138,503.3859327,20099616
26-08-2019,525.5502319,527.8796438,504.783548,511.2825843,25280244
27-08-2019,526.4354248,529.4520018,521.8115764,525.5153185,20660832
28-08-2019,523.5353394,525.8298329,518.6086558,524.1176923,13662588
29-08-2019,518.7483521,524.9795286,517.1993159,523.1858929,14783716
30-08-2019,518.9813843,526.4471618,517.5953954,520.2742194,19233320
03-09-2019,515.0213013,517.3623716,511.5737604,517.1294304,11428676
04-09-2019,523.5935059,529.7082115,512.237624,514.1011533,15060704
05-09-2019,520.6585083,529.3355681,518.2941778,523.8847667,17296252
06-09-2019,523.1625366,525.6550526,517.4322181,518.9929125,12870004
09-09-2019,524.0245361,526.6567261,516.2210061,523.1859251,10643404
11-09-2019,524.4204712,529.7082244,522.0560842,529.7082244,15209116
12-09-2019,528.9744873,533.15577,523.6866772,524.2806885,18132300
13-09-2019,525.8530884,528.1825003,521.3223935,524.350629,15371340
16-09-2019,522.7549438,527.0643558,522.0212019,524.5602381,11030184
17-09-2019,515.1144409,523.768182,512.0279706,523.6283946,10656556
18-09-2019,509.6170349,518.0960706,507.8117409,516.5004577,12959884
19-09-2019,512.9598389,515.7551333,505.0165212,512.4240627,10623310
20-09-2019,558.8724976,563.6711089,514.9863996,516.1976825,46150034
23-09-2019,585.7305908,597.587274,572.5694143,586.802143,41920410
24-09-2019,584.123291,587.9201865,571.8938798,582.3529154,23379048
25-09-2019,577.5543823,582.3064169,573.0819227,582.3064169,15608976
26-09-2019,578.8588257,594.0000022,575.9936378,577.6009661,30671560
27-09-2019,579.6508179,583.9835466,576.5760056,581.5376642,14873170
30-09-2019,571.8473511,577.6941982,566.7459613,572.4763378,18218458
01-10-2019,581.7939453,584.6823934,568.8889691,573.7341573,18768352
03-10-2019,570.0303955,579.4645135,566.6760083,577.6708209,16298876
04-10-2019,554.2601929,577.5077328,552.2103561,576.1334027,18403632
07-10-2019,552.9558105,568.3066123,550.2769869,559.6178945,22513220
09-10-2019,572.1734619,572.9887561,554.4000376,557.7077911,17427270
10-10-2019,559.3151245,571.1484917,557.754373,569.2151253,11556858
11-10-2019,558.4998169,570.2400301,553.91083,565.3016882,17186318
14-10-2019,561.1087646,568.3299417,557.8475879,563.2518123,12267802
15-10-2019,569.7974243,570.7058721,562.2500962,562.3199899,8400374
16-10-2019,568.8889771,575.3647537,563.7642707,573.804059,10586816
17-10-2019,568.3764648,572.9653946,565.1618653,571.8705825,12243614
18-10-2019,572.569458,574.8289762,568.539564,570.9155528,11233806
22-10-2019,577.368042,585.6141372,574.246596,585.6141372,20006228
23-10-2019,578.4395142,582.2364667,574.4329373,580.8853965,10190214
24-10-2019,575.8771362,584.286335,571.3347835,581.4211473,13107494
25-10-2019,572.569458,580.8854473,568.3765165,577.6941643,12993542
27-10-2019,576.6225586,578.5792986,575.364699,577.6707939,1750082
29-10-2019,578.8588257,585.7771673,576.6225676,576.7623551,14232568
30-10-2019,581.5842896,588.2696907,579.0918301,580.9087828,12011366
31-10-2019,573.1983643,588.8287406,571.6842466,585.9402357,13217706
01-11-2019,577.7174683,579.4412103,571.9171985,577.228269,11512260
04-11-2019,576.2266846,582.35305,572.5928357,580.6991446,9935176
05-11-2019,577.4611206,579.9303196,572.5926732,578.1599441,12367810
06-11-2019,585.4511108,586.5459231,572.126886,578.8355468,12130336
07-11-2019,588.7355957,591.5308902,582.3530293,587.4777359,16963034
08-11-2019,584.9619141,590.2729847,583.0284908,586.5459256,13251496
11-11-2019,589.2247314,590.9717903,582.5859076,583.5409892,14286610
13-11-2019,585.8703613,591.6705737,584.030092,587.9201981,9293496
14-11-2019,593.4874878,594.9317116,585.7072191,588.7820878,11055218
15-11-2019,595.3511353,598.6588889,592.1831122,598.1231128,9279012
18-11-2019,587.9668579,596.0731655,586.4061065,594.9317765,9130292
19-11-2019,592.5558472,594.0000713,587.5242944,589.4810346,10570578
20-11-2019,593.2313232,597.7037828,590.2729815,593.0682758,11054258
21-11-2019,597.8901978,599.59068,590.9019614,591.7871494,12019526
22-11-2019,589.2247314,598.0299197,587.9435549,598.0299197,7688010
25-11-2019,592.1831055,596.096529,588.9452455,588.9452455,7893556
26-11-2019,594.0233765,596.213001,590.2496835,595.6073311,8716002
27-11-2019,595.5840454,599.0082695,592.2296582,594.4659163,9580666
28-11-2019,589.4810181,597.7504306,587.9435834,596.4226203,12366040
29-11-2019,593.9766846,596.2828363,583.2847073,590.5990375,15567626
02-12-2019,589.6906738,593.5108869,586.3596031,593.5108869,8946204
03-12-2019,584.8687744,591.2047637,584.123374,590.832035,6991906
04-12-2019,583.1217041,585.5675866,574.9920223,583.5176928,11395614
05-12-2019,580.3031006,586.4294655,578.0435823,584.9619245,12772494
06-12-2019,580.5127563,587.0117927,576.8555342,581.8637697,13774650
09-12-2019,579.0684204,582.2830199,576.5527013,582.1199724,8265350
10-12-2019,582.1200562,584.0534795,580.0701622,582.8188797,9788900
11-12-2019,581.7706299,584.2165124,578.858865,582.3995597,11054642
12-12-2019,588.6889648,591.4143654,583.750623,583.750623,12913148
13-12-2019,588.805481,592.7654815,586.6624332,589.3412571,11775186
16-12-2019,585.7772827,591.670707,581.514447,591.3212952,11327576
17-12-2019,592.1831055,593.9069045,584.8454577,587.0118222,12427354
18-12-2019,602.0830688,605.181198,593.3710913,597.7270801,17447172
19-12-2019,600.4291992,608.2094118,599.1712827,607.9764706,13018376
20-12-2019,604.1096802,605.4607505,596.3527838,600.4059379,15026044
23-12-2019,606.7652588,607.5106593,600.4292694,605.1812472,10195782
24-12-2019,600.5923462,606.1596185,599.5673707,604.9949124,7179208
26-12-2019,591.8803101,601.8502054,589.1782261,600.8485468,14949758
27-12-2019,594.000061,595.8635906,591.670649,592.6024138,7092992
30-12-2019,597.3311157,600.4059281,593.5574798,597.261222,9334190
31-12-2019,592.6489868,597.2379171,591.0417153,597.2379171,8357056
01-01-2020,595.6772461,596.3294929,591.9501868,594.5125401,3673698
02-01-2020,599.4741821,600.0565351,595.8635935,595.8635935,6137166
03-01-2020,590.9251709,598.6588064,588.6889129,597.3543131,10855550
06-01-2020,578.1367798,587.850474,575.8306845,587.0118628,10890186
07-01-2020,587.2913818,592.3461948,583.4012749,586.4994045,14724494
08-01-2020,585.7539673,588.0134856,577.7174958,580.9320389,11332110
09-01-2020,592.3228149,594.3727086,588.4559688,589.3411566,9546316
10-01-2020,597.5872192,599.5439591,594.046525,598.2394658,9214580
13-01-2020,599.1246948,604.0164594,594.4658714,597.5872603,7451568
14-01-2020,600.7553101,602.176274,595.1647217,600.5223689,7886290
15-01-2020,598.3094482,600.0331903,593.5807307,599.3111067,11787448
16-01-2020,599.8934326,601.4541272,596.0265863,597.2845028,7150400
17-01-2020,595.4675903,598.6122965,592.5558254,597.1447556,16918814
20-01-2020,584.6358032,607.9066051,583.5176741,607.9066051,22178450
21-01-2020,579.7207642,582.3530111,576.9487866,582.3530111,14984804
22-01-2020,578.0901489,584.6823961,575.0852303,581.4445362,18368310
23-01-2020,579.9536743,580.8854391,573.5012147,577.6941561,11508920
24-01-2020,579.8139038,584.2164693,577.2748109,580.4894105,11831756
27-01-2020,565.2084351,575.3646929,564.5329284,575.3646929,18888552
28-01-2020,569.8673096,572.010414,565.2318026,567.8174726,13412158
29-01-2020,575.7607422,578.6259303,569.424753,570.8457171,13788350
30-01-2020,571.1951904,577.2050284,567.0720853,577.2050284,12111984
31-01-2020,571.3115845,576.6692318,568.4929733,573.7108332,11178268
03-02-2020,555.7045898,558.1038389,548.6697196,557.6612733,13077010
04-02-2020,572.9421387,574.8988218,558.1270571,558.1270571,20897704
05-02-2020,579.8604736,581.4211681,571.7774263,575.3181208,18020682
06-02-2020,577.6010132,581.747321,576.3896735,579.8605314,11827550
07-02-2020,578.7190552,580.9553133,573.7807134,580.4894309,6815448
10-02-2020,577.8339844,579.0685273,571.1951599,579.0685273,9219834
11-02-2020,577.9736938,584.6824118,576.7857279,579.2316104,11613520
12-02-2020,581.887085,583.7040376,579.58099,580.1167092,6297930
13-02-2020,578.3464355,586.9652601,574.71253,586.9652601,9112140
14-02-2020,568.0736694,581.6075753,566.0470925,579.1849528,14688858
17-02-2020,567.0487671,574.4329917,565.7908505,570.7059325,10152690
18-02-2020,565.2317505,567.6776328,560.6893977,566.9322324,10529116
19-02-2020,571.730835,573.0353284,565.5346334,569.5412105,10012268
20-02-2020,567.0253906,573.0352842,565.6277436,573.0352842,11123414
24-02-2020,563.694397,565.9306553,559.0588898,563.2285146,16568084
25-02-2020,559.1986084,563.2517621,558.1270562,560.9223503,13886680
26-02-2020,558.7094116,561.2484477,552.373423,557.8941175,13814786
27-02-2020,558.8026123,560.2235763,550.2071049,556.7294584,20655098
28-02-2020,548.6463623,552.0705862,545.1289278,547.6447039,24313056
02-03-2020,549.5547485,559.5945348,543.2886544,559.1519125,14664898
03-03-2020,550.5797729,552.2336211,544.1505739,547.4117503,22369550
04-03-2020,535.2289429,549.7411899,527.8912956,548.9724726,34288870
05-03-2020,536.3936768,542.7529827,532.3870996,537.1623941,19549708
06-03-2020,528.7299194,531.5252137,512.9364955,524.1176725,23053566
09-03-2020,515.871582,521.0428651,496.1647346,517.1294417,34420590
11-03-2020,518.8997803,521.7882281,508.7435224,514.7999929,35538240
12-03-2020,475.8056946,503.1529974,467.489705,500.8235854,59000770
13-03-2020,498.4009399,503.8284236,428.2390439,456.5879723,66342364
16-03-2020,465.6494751,483.1200657,463.5530042,482.1883009,31986322
17-03-2020,454.2819214,470.5412287,444.7779374,469.6094639,42676838
18-03-2020,408.5323181,462.6212574,402.9883058,458.8941979,61181406
19-03-2020,417.2209167,428.588457,370.376454,394.6023352,67220048
20-03-2020,411.3042603,426.0960263,384.1433224,407.6470948,88637464
23-03-2020,359.4515381,390.7588391,356.4000142,370.1901211,50276954
24-03-2020,357.6579285,377.3647485,344.1706271,370.4929831,61057272
25-03-2020,399.1447449,404.1296922,351.8576814,358.9390996,47228042
26-03-2020,419.8065796,436.8578909,391.8070614,405.3642266,57043156
27-03-2020,421.3673401,460.5946436,406.2960275,440.2355772,55235936
30-03-2020,387.4510803,413.2376579,385.7505983,409.9764813,39268444
31-03-2020,401.5440674,406.9948689,390.4094662,397.7704027,35211092
01-04-2020,386.5193481,402.4525036,382.0235716,402.4525036,29103504
03-04-2020,379.1583557,393.2047206,377.36472,392.7388382,34996280
07-04-2020,417.4772034,422.6950919,393.8336718,407.1812138,60412638
08-04-2020,414.1228638,440.2588542,403.5007226,409.9532107,56219352
09-04-2020,430.9644775,433.6899064,414.6353063,425.3506007,44457146
13-04-2020,417.1278076,441.0508866,412.8650006,435.1341743,34158056
15-04-2020,402.196228,433.5035277,392.738822,433.5035277,57978752
16-04-2020,409.8600464,414.9614644,398.9118099,402.9882809,53854396
17-04-2020,424.0927429,428.6118079,413.3541593,426.2823959,55883462
20-04-2020,440.1889648,447.6896884,435.6000347,443.0541529,66232986
21-04-2020,429.3805237,435.1341599,423.0212176,430.9412183,33178006
22-04-2020,432.6183777,434.6682716,422.6950884,428.2158118,38289354
23-04-2020,444.8944092,446.548286,425.1409838,435.6000495,40901222
24-04-2020,437.0209656,446.5016892,431.4070885,434.6682652,33284568
27-04-2020,433.1308594,446.0358071,431.5468479,440.3287479,27421072
28-04-2020,433.9228516,439.6997759,429.5435459,439.6997759,29441436
29-04-2020,455.2136841,462.4814666,435.1807408,435.6000463,55877778
30-04-2020,466.7209778,474.7341607,462.2019129,466.5346419,43793134
04-05-2020,430.0094604,447.2471095,427.4471072,446.0824034,26722324
05-05-2020,424.6285095,439.7929756,423.044498,436.9976813,29672858
06-05-2020,440.9110718,442.5882369,421.9263658,428.1458839,33785846
07-05-2020,430.9412231,439.4668654,429.240741,438.1624004,21831730
08-05-2020,432.8280334,439.7696925,431.0343976,438.8612162,20807484
11-05-2020,426.6550293,444.4517399,425.8164468,436.5317403,28550784
12-05-2020,420.0162659,423.6734597,405.8301413,419.7600362,49568418
13-05-2020,432.1757813,447.2470642,429.5901114,443.0541229,44346966
14-05-2020,416.3590698,424.4188289,414.6352994,418.3623583,39554890
15-05-2020,413.773468,415.7534682,407.647103,414.8682803,24349628
18-05-2020,389.7805176,413.7035672,387.2880297,413.7035672,46649964
19-05-2020,386.9852295,404.0598025,384.8654418,401.0548553,47460692
20-05-2020,399.3077698,402.5223695,387.7073158,389.6873159,40014306
21-05-2020,400.4491882,411.8400179,397.071541,401.3343761,48478908
22-05-2020,390.8054199,405.4574263,388.1033078,396.0000198,42047432
26-05-2020,397.1181335,406.1329458,395.4176516,399.261181,38005152
27-05-2020,420.9946289,423.8597885,399.331098,400.6122745,56025754
28-05-2020,440.3753662,442.5883077,425.7932519,428.6118349,75488806
29-05-2020,443.3569946,444.9176893,430.2191053,439.7929829,53025166
01-06-2020,460.1287537,463.5529779,450.0889654,454.2353301,39190230
02-06-2020,466.3482361,468.2117655,454.328477,459.6861241,41623594
03-06-2020,476.2482605,487.4294376,473.080266,475.2000251,50546088
04-06-2020,466.674408,484.028499,461.7360374,478.9504263,54275882
05-06-2020,481.4195557,485.635814,467.1868544,467.3266134,35195984
08-06-2020,473.2898865,496.9334155,468.8640042,493.8352866,49812664
09-06-2020,459.9656677,478.3447333,456.3550793,475.2000272,61844146
10-06-2020,462.0853882,465.8124469,455.7261113,461.2235172,36497730
11-06-2020,451.2536621,460.478156,449.5764969,458.8941445,30897714
12-06-2020,457.8459167,459.6628694,432.338856,432.338856,42644876
15-06-2020,442.5183411,453.7694112,439.3270583,450.9741171,32009936
16-06-2020,461.4099426,463.0638195,443.520047,454.2353423,45399970
17-06-2020,456.215332,465.3699324,453.4200377,460.7576853,36957838
18-06-2020,475.1767273,477.4828507,452.837662,456.564721,40870126
19-06-2020,481.4195557,485.9153321,471.5428718,474.2449839,47877752
22-06-2020,479.2765198,487.2896743,476.9703962,484.2614387,29694474
23-06-2020,485.5892029,486.8470625,473.5927038,484.0517684,28830512
24-06-2020,481.0235596,492.6706191,479.8821705,488.4776777,39429246
25-06-2020,479.2765198,488.7106384,469.1435776,476.0852367,70646790
26-06-2020,492.181427,495.2329794,478.9270958,484.9835668,39969138
29-06-2020,501.3128052,504.3643009,483.1200738,483.1200738,46005956
30-06-2020,496.5606689,502.4774086,492.1115268,500.3576213,35746130
01-07-2020,505.29599,510.6070602,494.4409653,496.5606958,34846718
02-07-2020,507.5323181,517.7118376,505.5755778,507.9516237,36954496
03-07-2020,500.3343506,510.5139259,498.494138,509.2094325,27597254
06-07-2020,513.8682861,521.7417101,512.4706389,516.1743813,35558216
07-07-2020,514.8699341,517.9214296,509.2327685,516.8499342,24349850
08-07-2020,517.2924194,524.0710299,514.7999604,515.731725,30056350
09-07-2020,524.0943604,526.3073017,515.848265,520.8565006,20114484
10-07-2020,514.8466187,521.7882776,512.2610055,520.809936,17562978
13-07-2020,503.2693787,518.5270247,499.0997546,517.0828009,29922114
14-07-2020,493.2994995,497.9816397,489.1764522,495.0465583,26612674
15-07-2020,490.6440125,502.6870599,489.2230485,498.5872725,20974394
16-07-2020,495.0233154,496.3976456,481.7689284,490.8769511,23662456
17-07-2020,511.7485046,514.3341747,493.0433716,493.3927834,28405738
20-07-2020,527.868103,537.1158578,523.7217381,528.776551,65124096
21-07-2020,530.430481,539.4685549,528.3106931,536.719894,47512422
22-07-2020,524.746582,533.2023582,520.6468514,530.407064,24718012
23-07-2020,526.6334839,532.9228964,520.0412365,524.1177075,20149122
24-07-2020,521.3689575,523.1393333,513.0529685,523.1393333,19598440
27-07-2020,502.9200134,513.868249,500.9865902,512.4007082,37970094
28-07-2020,506.2510681,509.8616563,493.6023509,502.6870568,35596450
29-07-2020,495.9783325,507.1129319,491.7621314,503.6188143,33592086
30-07-2020,489.4793091,504.8534268,487.6390397,500.3576507,26956266
31-07-2020,481.1633606,492.7637867,475.2233316,492.7637867,37726696
03-08-2020,466.8141785,478.4379219,462.6212367,477.9720395,31783542
04-08-2020,485.286377,494.3245062,467.2800122,469.609424,60306168
05-08-2020,478.7174683,491.8786457,475.2000335,488.2214234,33221360
06-08-2020,484.8437195,491.5058596,478.1117425,483.1199776,33646888
07-08-2020,486.3113098,487.8720044,475.4795445,482.1183684,24836784
10-08-2020,489.4793091,495.6988272,486.2880263,486.38118,22172854
11-08-2020,496.9334412,498.9600181,488.4776648,488.4776648,20136148
12-08-2020,495.5591125,496.6306649,488.2447812,496.1647824,20666432
13-08-2020,493.3927917,499.1231113,492.2047688,497.5390997,19892740
14-08-2020,481.9320068,496.5840419,478.6009933,496.5840419,20924512
17-08-2020,481.1399536,487.7787765,475.2931363,487.7787765,19561012
18-08-2020,492.2047424,494.6040481,476.1318001,478.9270944,24040824
19-08-2020,496.9101257,498.4009834,492.0882546,496.1647253,17715624
20-08-2020,493.3694458,498.0049528,490.1082691,491.4825994,19216734
21-08-2020,505.7852173,507.2527582,495.9783704,496.3510991,28924302
24-08-2020,520.4139404,523.162601,505.7852222,505.9482696,36779740
25-08-2020,521.6484985,525.0494628,515.3590862,521.3224036,27601738
26-08-2020,521.0661621,527.262421,516.8965373,522.254185,25190062
27-08-2020,518.1078491,526.4005793,515.3824482,524.4904727,20645996
28-08-2020,519.2259521,524.1177175,510.141245,518.0379292,38696610
31-08-2020,519.8547974,535.2056546,512.7966685,526.2141027,38501166
01-09-2020,525.18927,532.7831193,516.1977166,525.515365,28877884
02-09-2020,528.3804932,530.6400112,522.1143413,523.6983527,19761682
03-09-2020,526.866333,533.8778279,525.5152629,529.8246744,19833362
04-09-2020,521.4621582,524.3040293,514.5204995,517.1294294,23661370
07-09-2020,517.3623657,521.555307,512.0047185,520.0645062,17615466
08-09-2020,518.270874,521.2292729,513.8683079,518.9930145,14624918
09-09-2020,510.8399963,517.1294081,508.394114,512.9364669,15728872
10-09-2020,508.0680237,514.7301072,505.0164715,513.8682362,15188088
11-09-2020,502.5240173,514.7301124,498.9600059,510.8166892,20794730
14-09-2020,492.8802185,509.6753003,490.2712887,506.8800061,21650590
15-09-2020,498.7271423,501.3593894,492.9501888,497.5624363,16505110
16-09-2020,509.5122375,510.6070497,497.7253915,498.5872624,18710112
17-09-2020,504.8301086,509.6752965,502.2211788,505.016473,18318686
18-09-2020,492.5774841,508.8367344,487.8720264,508.7435807,23481778
21-09-2020,488.8504028,499.1230752,485.2164975,491.5059096,19842878
22-09-2020,482.3746338,492.9734581,479.6259163,491.0633517,18620678
23-09-2020,487.8953552,491.5059439,481.8854607,487.3130022,16079828
24-09-2020,480.0452271,487.7788634,477.5294508,483.5859218,19809510
25-09-2020,486.3812256,490.0849679,477.8322949,489.17652,20321544
28-09-2020,491.1331787,493.3694369,485.7522714,488.6872962,16152422
29-09-2020,495.0233154,498.4475393,489.6423515,492.903528,12644446
30-09-2020,502.5007629,506.3676097,490.108302,493.8353614,18813842
01-10-2020,515.7084351,517.1293989,507.858329,507.858329,21203080
05-10-2020,519.1560669,527.378903,517.5953722,518.0612546,16940126
06-10-2020,533.0159912,534.8329438,524.6766857,528.79979,19371990
07-10-2020,541.4718018,542.6830846,529.9877896,533.3887538,21248778
08-10-2020,555.2386475,560.4565074,541.9842595,549.7412126,35060674
09-10-2020,574.6891479,576.2964192,555.1686677,559.524656,44972388
12-10-2020,565.4182129,578.97538,561.6678366,573.7575196,19220546
13-10-2020,558.3366699,569.5178461,556.7293986,565.3016451,18353952
14-10-2020,564.4164429,565.7209361,547.644679,556.9856425,22582918
15-10-2020,544.7330322,566.9789183,542.2871495,565.6744247,28246896
16-10-2020,558.7561035,560.6895271,546.4801124,549.7412895,25822848
19-10-2020,560.7127686,575.3647468,555.6113223,575.3647468,42359556
20-10-2020,570.2167358,571.8240642,561.8075927,562.5529932,27411978
21-10-2020,580.8155518,582.8188688,569.168492,573.3148567,35640752
22-10-2020,574.5728149,582.3530287,569.7742032,577.6708876,21913060
23-10-2020,575.7374268,581.6307929,573.5943225,579.3246981,15866230
26-10-2020,564.1370239,578.6259556,561.201942,572.9422129,19571976
27-10-2020,574.4794922,575.8305623,558.05714,571.171739,24317780
28-10-2020,563.53125,573.9670255,559.7576145,572.1034962,16571186
29-10-2020,553.09552,561.1319908,549.0423662,559.3383551,23060024
30-10-2020,551.3951416,558.7327895,548.0407542,550.9292592,11522716
02-11-2020,566.1635742,570.7059275,548.576514,556.4266209,21926080
03-11-2020,581.3979492,582.7024428,570.9389115,571.3814771,28164230
04-11-2020,585.8004761,589.2480168,573.0352884,583.2847,23404822
05-11-2020,591.2979126,594.4659356,583.4478056,589.8071117,21433928
06-11-2020,609.2111206,610.3059329,589.5741664,589.9235782,35705724
09-11-2020,624.5386353,627.0543546,612.7284717,612.7284717,26288440
10-11-2020,649.2769775,649.9059074,629.6633411,632.2023773,41517356
11-11-2020,647.5531616,659.1303837,638.4917725,652.1887252,36116194
12-11-2020,639.0508423,646.9010059,633.6000411,641.706406,27053948
13-11-2020,633.0410156,637.6998395,627.5435807,637.6998395,22472480
14-11-2020,638.1190796,640.5649621,636.0226089,637.2339486,1835066
17-11-2020,656.1720581,658.1054815,643.1972444,645.619867,31059900
18-11-2020,656.2884521,661.0870632,651.7927329,653.6329455,18862776
19-11-2020,640.2854004,651.9790361,637.3270588,647.4366831,20266882
20-11-2020,653.935791,656.1487322,635.9527432,639.4934377,20405362
23-11-2020,649.7194824,663.2533868,640.7512476,659.2234933,25246636
24-11-2020,670.0320435,673.2000665,653.1904402,655.9624178,40154400
25-11-2020,653.539917,682.2382642,650.8377761,676.1352156,24152602
26-11-2020,664.6511841,667.1436437,646.1789342,659.2236424,27943126
27-11-2020,671.2666626,673.6659684,659.4798717,667.0504609,17994580
01-12-2020,667.7492065,675.0635368,664.1153014,671.2665842,17147574
02-12-2020,655.4732056,667.0504284,649.81278,666.6776998,17892150
03-12-2020,641.6132202,667.1435985,640.1457361,665.7459513,37933222
04-12-2020,645.5265503,652.9107739,639.7962317,643.3835029,26912322
07-12-2020,639.3071289,642.8944007,632.7148815,640.5883055,24316318
08-12-2020,641.1939697,647.0174997,635.9993696,640.5882999,19457896
09-12-2020,655.5896606,656.9174709,640.6115877,641.5200356,22069074
10-12-2020,645.6430664,653.167078,640.9376659,651.3035485,19727966
11-12-2020,644.222168,649.9059102,639.656498,647.5998152,21356384
14-12-2020,639.2605591,646.6447839,637.3271357,644.3153718,17222050
15-12-2020,648.182251,649.8826764,636.3954027,643.2904854,21561436
16-12-2020,657.2202148,660.0621427,649.6729434,654.0988258,16832092
17-12-2020,671.7092285,673.2000294,654.3317932,660.9007233,21924478
18-12-2020,657.5231323,670.7308874,655.1704603,668.5412628,22995918
21-12-2020,639.4934082,663.3465614,636.7213741,660.3882199,23761824
22-12-2020,639.7030029,645.1538602,626.6117211,645.1538602,22851558
23-12-2020,640.8911133,643.3602558,634.0892418,637.0941605,15467394
24-12-2020,650.8842163,654.0988159,641.5199925,647.296945,14952188
28-12-2020,658.2219238,662.0188767,654.098876,654.5647584,11699194
29-12-2020,664.9072876,668.4247222,661.5529573,662.0421566,14495346
30-12-2020,667.3765259,670.824067,658.2918192,670.824067,16216726
31-12-2020,669.1467896,672.7340606,663.9056135,668.5411198,22145750
01-01-2021,663.9057617,672.2683284,661.8325508,670.8706811,8810938
04-01-2021,659.6893921,669.9388035,651.7693923,669.9388035,15740192
05-01-2021,664.6743164,666.5611626,656.4282217,661.1801988,14386824
06-01-2021,661.8091431,670.8705313,658.3382857,668.5411197,22134050
07-01-2021,659.8059082,667.4230736,658.0821662,667.3764967,19894842
08-01-2021,666.9804688,671.8023396,662.997152,667.1435162,13768764
11-01-2021,676.2049561,682.4711082,669.1468835,675.5294494,17331392
12-01-2021,689.9717407,693.0931296,675.1100828,676.6707773,20388156
13-01-2021,685.1499634,697.3793764,681.1666461,695.5158468,16934650
14-01-2021,684.2647705,693.2330066,678.3247699,685.3828996,12297166
15-01-2021,683.286377,685.6157888,673.2000125,684.427766,14165236
18-01-2021,690.9501343,700.1513111,683.4494395,684.8005097,42825632
19-01-2021,700.6171875,704.2510927,683.4494336,695.0033391,17360254
20-01-2021,695.0964966,699.2894379,692.3012024,699.2894379,13346052
21-01-2021,687.0834351,696.1914025,683.9853055,695.0965902,26333054
22-01-2021,672.5245361,683.8687608,670.9405247,683.8687608,15392364
25-01-2021,681.5160522,689.9718291,677.9287805,682.5642876,20344718
27-01-2021,656.7077026,685.7321937,655.1004314,683.9152413,23556276
28-01-2021,638.9343262,652.8409598,625.2141137,647.5298897,42704446
29-01-2021,647.8094482,656.3118017,635.6965064,648.2054369,28704502
01-02-2021,687.9918213,690.670645,652.7012302,657.0106423,26370544
02-02-2021,727.0327148,735.3952802,697.6122334,699.2893985,42420206
03-02-2021,733.6715698,736.8861126,718.3906055,735.628253,20237254
04-02-2021,735.6748657,739.8212303,719.0661473,729.5718178,24484684
05-02-2021,744.2935791,753.9140603,721.1858275,721.1858275,27054716
08-02-2021,747.8577271,760.1570339,743.4085274,754.7294925,17447580
09-02-2021,750.9324951,758.4565069,739.215542,750.0706241,18421366
10-02-2021,736.9094849,752.3301809,730.0377195,749.3019453,19788006
11-02-2021,732.5301514,744.3868921,728.7331986,737.0259277,13648618
12-02-2021,737.0025635,741.917645,732.8329392,733.2522447,9910106
15-02-2021,753.1454468,757.0588702,743.874376,745.4583875,10355244
16-02-2021,757.8275757,764.5129764,749.3484823,755.2884826,13897358
17-02-2021,739.1223755,755.5680458,737.4917872,754.7294348,12794426
18-02-2021,724.1210938,748.1838761,721.1860117,748.1838761,14720560
19-02-2021,717.0395508,728.733187,714.1976797,719.7882682,17139508
22-02-2021,721.1859131,733.2522779,717.2025961,719.8115828,29451838
23-02-2021,712.4040527,725.7049606,709.3758173,723.8647479,18239906
24-02-2021,748.416748,751.910866,706.3941789,711.1694734,14314332
25-02-2021,748.3934937,762.3000718,746.3435997,749.9541883,20109570
26-02-2021,714.8499146,740.2405035,708.6070795,739.3786325,27912846
01-03-2021,726.2640381,732.6233438,717.7849448,728.6400268,13536018
02-03-2021,730.5966797,739.5882318,722.583526,734.0907973,16110038
03-03-2021,739.2854004,743.5482353,729.1058824,737.9576471,11222410
04-03-2021,723.0727539,731.9012021,717.0395431,721.4421656,16291438
05-03-2021,712.8000488,720.0678027,708.6536842,713.2659312,17445822
08-03-2021,707.9083862,724.4472133,704.6472091,718.3907414,15117050
09-03-2021,727.9412231,729.432024,716.6435754,719.7882814,15066696
10-03-2021,724.7964478,733.7646828,723.1192827,732.3670358,11055016
12-03-2021,723.026123,745.4117937,715.1527565,745.4117937,15631204
15-03-2021,712.1710205,721.3721963,705.9515029,721.3721963,12230386
16-03-2021,704.4841309,717.6453096,703.4824723,713.2194265,13722366
17-03-2021,696.6572876,716.9930673,694.2579817,710.1213013,21064428
18-03-2021,694.6306763,709.0963479,690.0417459,704.2977363,18065540
19-03-2021,697.6588745,704.0414405,686.7339553,691.8353447,21235020
22-03-2021,684.4511108,696.4475821,680.37464,696.4475821,14015632
23-03-2021,698.8933716,702.2942784,684.4277028,684.8470083,19761428
24-03-2021,688.9469604,701.8285641,685.3130547,694.5841265,16368900
25-03-2021,681.7490234,696.7504714,675.6459751,694.257955,23964356
26-03-2021,694.7703857,698.3576572,686.7105982,696.0282454,12021258
30-03-2021,723.8414917,727.9645966,699.545769,701.921758,25607644
31-03-2021,695.8651733,721.1858673,693.2329267,721.1858673,30774506
01-04-2021,692.6506348,698.5440583,682.5176929,698.5440583,35763762
05-04-2021,675.3431396,691.8353886,666.6777381,689.5059765,16006586
06-04-2021,670.9870605,681.4228367,667.446366,680.188237,15075734
07-04-2021,674.2249756,678.6508583,662.2751377,670.5445502,25088180
08-04-2021,667.5162964,680.6075799,666.4447442,676.9270977,17613592
09-04-2021,662.3683472,667.5163708,659.2702176,664.3483475,28157816
12-04-2021,636.8844604,651.7693781,630.338791,648.9740841,22549128
13-04-2021,652.3983765,655.2402476,634.0659163,637.3270929,18600682
15-04-2021,666.2583618,669.3331741,648.0423726,654.5647258,34444984
16-04-2021,665.5828247,673.1999897,663.1835193,668.5178494,15606526
19-04-2021,658.0123291,660.4814718,639.3304558,647.5765517,24069242
20-04-2021,648.2288208,664.5347058,644.7579626,663.882459,23186270
22-04-2021,662.7176514,664.7209682,638.7480269,642.9176512,38485312
23-04-2021,658.8276367,668.3549095,652.3285428,656.4283309,22713528
26-04-2021,654.4716187,665.74595,653.516537,658.2918316,30170952
27-04-2021,670.2649536,671.8023882,654.4715865,655.6129756,20592906
28-04-2021,688.0150757,689.0399941,666.6776414,669.1235237,24103940
29-04-2021,686.0117188,700.5239644,680.6540721,692.3942838,24078552
30-04-2021,657.9656372,677.2997539,655.7293793,673.1999666,35232902
03-05-2021,658.9673462,662.4382042,641.6598603,648.9741913,22473700
04-05-2021,646.8078613,662.9506989,644.4551892,656.8709105,21486328
05-05-2021,653.4465942,656.7077708,643.7096414,652.7011938,14421612
06-05-2021,652.6546021,657.2668487,649.9058848,655.7759911,11477044
07-05-2021,659.1071167,663.8590944,657.0106459,658.2685056,12048334
10-05-2021,661.4830933,666.2118108,658.1986566,664.8141637,11060050
11-05-2021,653.8892822,663.5097085,649.9292817,650.3718473,14519034
12-05-2021,652.0023804,656.2418986,647.0407217,652.118851,13774926
14-05-2021,646.1090088,651.7229146,644.0125379,649.6031269,10604142
17-05-2021,670.9870605,672.0818727,643.5233185,649.9757777,15120692
18-05-2021,687.9685059,690.7871171,677.8588807,679.6990934,22165280
19-05-2021,679.3496094,688.9700911,676.7174196,684.9401975,10130916
20-05-2021,667.5162964,682.9369918,665.5129794,679.4195571,10684184
21-05-2021,697.5657349,699.7087825,672.268298,672.268298,19341646
24-05-2021,703.4591675,708.3509331,698.1248363,700.3377779,22146102
25-05-2021,689.0167847,705.2295157,685.080101,703.7153978,19236974
26-05-2021,688.1315918,692.7670987,684.8470983,689.5059221,12283990
27-05-2021,690.7406006,693.6989427,681.3297413,686.2914006,20439496
28-05-2021,700.4308472,704.8800467,688.923575,694.5840574,17750020
31-05-2021,706.2078247,707.9083068,693.00007,698.8236,15661054
01-06-2021,704.2744141,711.4024377,702.2012601,708.2810483,11030162
02-06-2021,700.6871338,703.5755819,695.5624274,703.4824282,10624016
03-06-2021,708.3974609,710.4472979,693.1164964,702.5506144,10287260
04-06-2021,699.2661133,708.44403,698.4508191,706.2776656,9424476
07-06-2021,698.7536011,705.3458474,696.9599655,703.4823181,8091668
08-06-2021,690.9268799,699.4292332,690.2047395,697.216292,9872540
09-06-2021,689.645752,699.7553775,685.8022221,691.3229172,10223442
10-06-2021,689.9951782,693.6989207,686.547637,690.4843206,11483540
11-06-2021,692.4642334,697.2162676,689.995091,694.6305977,7205974
14-06-2021,689.2496948,692.3012473,681.3763278,688.6906587,8881964
15-06-2021,694.28125,696.9600738,687.0833896,692.3012498,7569602
16-06-2021,691.6489868,696.0282927,688.6207513,693.2329983,7702098
17-06-2021,683.0300903,688.9235133,680.1882194,682.9835135,9283802
18-06-2021,689.4127808,694.1647584,677.8588748,684.6141694,11938060
21-06-2021,693.559082,695.0033629,679.722398,680.8172102,7260472
22-06-2021,691.2762451,702.5505751,689.5058695,697.4258693,14366824
23-06-2021,692.0683594,697.7987361,688.8537592,694.1648303,7844868
24-06-2021,701.7352905,705.0896207,693.2329376,694.1647023,14785024
25-06-2021,705.8583374,709.072937,702.0847017,703.994808,10383176
28-06-2021,702.7136841,709.5388724,701.1529895,708.1412252,9356786
29-06-2021,702.807251,705.6847822,698.1750425,705.1233266,10971692
30-06-2021,700.8655396,706.0592042,699.0875015,700.912318,9679022
01-07-2021,695.6484375,702.7838931,693.8938173,702.7838931,16911442
02-07-2021,692.6773071,696.8181996,691.08644,694.8296299,14827036
05-07-2021,699.7191772,703.9536839,694.6191265,697.1457341,7373882
06-07-2021,718.0841675,720.5640536,699.9765092,700.444408,17669032
07-07-2021,720.3301392,723.0673355,714.808911,717.756696,9629190
08-07-2021,711.416626,719.4878794,708.1413348,713.5455881,8420922
09-07-2021,702.7839355,709.3345182,700.6783911,707.7202903,10695842
12-07-2021,695.7654419,702.7839232,694.3617456,702.7839232,14458978
13-07-2021,702.7136841,704.7022537,694.4084818,700.0232664,18178142
14-07-2021,701.4503784,705.2871251,697.6837709,700.6783341,9788494
15-07-2021,711.5336304,714.3644408,701.6843956,704.1876426,10438802
16-07-2021,712.305603,715.8616219,710.6445968,714.9258244,5170628
19-07-2021,688.2790527,696.6310339,685.939559,695.7654326,25111600
20-07-2021,675.2479858,680.3246751,671.9726951,674.7098909,24174250
22-07-2021,677.8449097,687.1093279,676.1137071,681.3073719,13207114
23-07-2021,675.0609131,681.9390018,671.5750903,679.1550271,13126684
26-07-2021,671.2241211,675.6457411,668.2061401,669.0951591,13167166
27-07-2021,673.6572266,678.4064103,671.9493847,671.9493847,22401430
28-07-2021,663.152832,673.1658182,656.9297566,671.4580337,20670342
29-07-2021,663.5974121,669.0718047,661.2813361,668.2763997,13702230
30-07-2021,667.4341431,669.9140293,658.7780163,663.9483203,11655488
02-08-2021,665.6561279,671.4346657,662.6615647,671.4346657,13258786
03-08-2021,671.2942505,673.727358,659.7371753,659.7371753,12033120
04-08-2021,685.6120605,689.9167062,673.7741993,674.2420981,22053948
05-08-2021,694.7593384,705.1467233,681.9155426,686.4541369,18822408
06-08-2021,698.4090576,701.8481019,689.6827348,694.1511906,13339270
09-08-2021,703.6728516,705.2870792,690.6184667,698.1048457,10998048
10-08-2021,705.4274292,711.0889916,696.7011077,696.7011077,14838346
11-08-2021,699.4851685,710.6679593,697.6604091,708.8197822,12585786
12-08-2021,702.5031738,705.4041231,696.8416105,700.444408,8597674
13-08-2021,714.1069946,716.3529313,702.3159699,702.4095268,16658428
16-08-2021,716.1658325,718.2245985,711.8845474,714.0837059,6252778
17-08-2021,708.7027588,713.0776001,704.3279175,709.8958662,8282666
18-08-2021,707.9307251,732.4252103,705.7549847,728.3778752,22985932
20-08-2021,708.7495728,711.1124841,695.3209026,695.3209026,13150406
23-08-2021,713.3583984,717.3589555,705.8954365,715.8148668,10843054
24-08-2021,729.3839111,732.0275503,714.6918798,715.8850444,18381314
25-08-2021,728.7055054,732.1679675,724.3072458,726.2256192,7727974
26-08-2021,727.4889526,735.0688891,722.1782565,725.2430159,11119002
27-08-2021,724.5177002,729.2903011,723.0204472,726.1787634,6382138
30-08-2021,733.7821655,734.6009883,725.9916404,727.8632353,9049166
31-08-2021,739.9351196,740.8474994,730.9514291,731.5597203,12062576
01-09-2021,738.8588867,747.7021843,736.7065639,736.9405133,12422558
02-09-2021,743.4910889,744.8947851,735.1858863,736.5193863,9618524
03-09-2021,737.4318848,747.70224,733.8056693,742.1342332,10735334
06-09-2021,732.5889893,739.7244446,730.8343691,739.2565459,7876896
07-09-2021,734.2501221,740.2158312,727.6761217,731.0918055,7245496
08-09-2021,737.5956421,739.5140156,732.5423125,735.5134583,6724080
09-09-2021,733.9459229,739.0226126,730.389904,736.4725874,8250948
13-09-2021,727.8399048,741.151601,726.9508858,730.8578288,8959164
14-09-2021,724.5646362,732.0275985,723.6521994,729.9220541,9758506
15-09-2021,723.7457886,727.4889785,718.2245606,718.2245606,14822998
16-09-2021,729.8985596,731.9339646,718.8328009,719.5112312,10260550
17-09-2021,740.2859497,743.4910444,729.5476401,734.1330703,20498102
20-09-2021,729.8518066,740.0753822,728.9862054,731.7935978,8781610
21-09-2021,726.1553955,733.9693384,715.393725,730.8578005,14774996
22-09-2021,717.6161499,725.3131171,715.8849477,724.7750222,10582202
23-09-2021,734.6010132,735.5368107,721.4998486,721.4998486,13664304
24-09-2021,749.3632202,752.3577263,736.9404863,738.8120812,20806702
27-09-2021,760.3822021,765.2483603,752.3811454,755.9839427,16415462
28-09-2021,755.6798096,763.6106696,740.2157349,763.6106696,12773790
29-09-2021,745.760376,751.7260848,741.6896799,747.2342684,16263036
30-09-2021,746.2751465,751.6092041,740.7305573,742.0874752,15975348
01-10-2021,740.543335,743.49112,732.3785246,740.6837274,11128596
04-10-2021,741.9703979,749.2696066,740.9644043,743.4910688,7051028
05-10-2021,746.5090332,747.4682485,737.5254001,744.8948054,10257178
06-10-2021,755.6096802,761.2010472,742.555294,746.7663826,18600830
07-10-2021,753.5509644,761.5988003,751.9133187,761.0841231,11265724
08-10-2021,749.8778687,758.9316971,748.7081219,754.2527101,7245562
11-10-2021,764.4529419,769.6933846,748.1700438,748.5911641,13080848
12-10-2021,762.4877319,768.0791558,760.3354093,760.3354093,8176946
13-10-2021,767.0731812,771.0970988,762.6749217,765.9502128,6225644
14-10-2021,789.5322876,790.7488128,766.4180801,766.4180801,14757288
18-10-2021,781.531311,807.12535,780.0106401,797.7673749,28856456
19-10-2021,790.140564,791.8951842,781.8587793,783.9409058,8987540
20-10-2021,783.1921997,794.8428883,778.7939407,790.3276546,10908568
21-10-2021,784.3386841,786.9822663,777.1096142,782.2331397,9738190
22-10-2021,786.4207764,799.1710165,781.7417892,786.1166308,12175554
25-10-2021,775.3081665,790.748824,755.094965,790.748824,16426766
26-10-2021,773.3197021,783.1923549,770.3251386,772.0329805,12090656
27-10-2021,768.6640625,779.0748093,766.0906195,773.3196321,13249642
28-10-2021,745.6433105,772.032807,742.625387,772.032807,17797750
29-10-2021,740.6134033,749.5736743,729.9219301,743.9588903,12406874
01-11-2021,751.1178589,753.7848588,740.9410614,741.6194918,8122320
02-11-2021,751.7963867,758.9318433,748.6614876,751.4454626,13237722
03-11-2021,739.9584351,753.2701884,737.1978782,751.0242516,10207338
04-11-2021,745.8071289,747.6319453,744.0057303,746.2984454,1096808
08-11-2021,748.7548828,750.8370091,734.8114789,744.941497,18943580
09-11-2021,735.6538086,746.1113342,734.1565554,746.1113342,12695476
10-11-2021,727.6995239,734.1331317,725.2430555,733.6652329,13714126
11-11-2021,724.4475708,727.5356908,718.5052231,725.2663935,7999404
12-11-2021,726.6467285,729.4775387,722.9269565,725.2430323,14914092
15-11-2021,728.6353149,735.4666251,727.301815,730.9046124,9533594
16-11-2021,724.307251,728.6118965,721.3126876,727.5825422,8245406
17-11-2021,716.2594604,722.4357014,715.1832704,719.1136315,7598878
18-11-2021,720.2832642,722.2016374,713.6624862,714.036828,9152874
22-11-2021,709.0302734,726.5062782,701.403559,723.3713798,15261272
23-11-2021,709.1239624,714.855722,700.1402723,702.7839116,11235214
24-11-2021,710.2936401,718.856152,708.4220453,713.0776145,30802286
25-11-2021,713.9900513,717.4291527,705.1233931,708.7730261,10251652
26-11-2021,697.1223145,704.9829787,694.8295993,701.8480801,18624936
29-11-2021,702.4329834,705.4275468,684.0679579,699.4150594,12990996
30-11-2021,698.8302002,715.417188,695.5549089,699.5086305,25221542
01-12-2021,704.0238647,705.1468332,696.7480163,699.5086304,8677634
02-12-2021,713.8964233,715.3235372,701.8480321,703.9535762,11203110
03-12-2021,708.1881104,718.6689957,705.1467688,713.9198695,8124694
06-12-2021,703.6260986,710.6445792,700.6081177,707.9307439,7029532
07-12-2021,713.8731079,716.8208929,706.4803418,708.3752975,12427534
08-12-2021,727.0211182,727.6059916,717.7566998,718.6924974,15295534
09-12-2021,714.4111328,727.4421004,712.1418355,722.9970627,11747744
10-12-2021,712.3991699,714.9491949,705.8017527,713.4987204,7779384
13-12-2021,707.0651245,719.4644399,705.2168904,714.0134087,10322142
14-12-2021,702.9945068,709.3345582,700.4678991,703.0179246,9191100
15-12-2021,701.8480225,712.7734453,699.8126746,703.2517185,10115148
16-12-2021,701.8948975,709.8023977,699.0407265,707.8372458,13210432
17-12-2021,689.2382202,704.6554599,686.7349164,700.4443715,14994768
20-12-2021,667.0598145,682.1963265,661.6555614,679.3889342,21156668
21-12-2021,674.6164551,678.8041261,669.0952269,673.5402651,9118750
22-12-2021,676.2072144,681.2605434,671.7621765,679.529341,8577484
23-12-2021,675.6925659,682.102813,672.3003,679.9738509,9779166
24-12-2021,673.2594604,679.3889221,668.1593531,676.3475805,5561024
27-12-2021,678.8274536,680.3247066,665.4221445,668.5804607,4705098
28-12-2021,683.5064697,686.3606405,680.0440078,683.4596342,5450678
29-12-2021,680.2545166,683.6000037,677.2365928,681.283928,7668702
30-12-2021,683.8339844,686.3372311,676.1136554,682.4302882,7215918
31-12-2021,692.2094116,694.7360763,683.8340127,683.8340127,6325736
03-01-2022,711.0423584,712.6098078,692.7241106,694.829655,9069184
04-01-2022,715.206604,717.241952,705.4977057,711.2060471,8857352
05-01-2022,732.1912842,735.5367714,714.9960066,719.0667596,14332638
06-01-2022,720.4470215,727.465502,715.908427,721.9676923,9628930
07-01-2022,725.5003662,733.0803025,718.6456387,722.4356068,11179384
10-01-2022,729.524292,735.536779,723.1374631,728.986197,8856496
11-01-2022,732.6826172,733.9926993,724.2136618,730.6472692,8389198
12-01-2022,728.3545532,737.7125276,726.1788128,733.6651923,21085530
13-01-2022,714.9492188,727.5824837,711.3932,727.5824837,41963896
14-01-2022,722.9736938,724.6347,710.7381313,715.8850171,11208968
17-01-2022,711.9078979,728.0504037,710.8083474,715.885037,22989372
18-01-2022,715.5340576,725.6640755,712.6096909,717.2886777,12341152
19-01-2022,710.4807739,720.4470393,708.0945019,717.7566217,14317626
20-01-2022,706.0592041,715.1832296,701.8948939,715.1598118,15197846
21-01-2022,711.9546509,715.7914545,695.1102977,701.8480504,11537694
24-01-2022,695.6016235,711.7909074,686.6647697,706.5036291,11868508
25-01-2022,696.2567139,699.5085871,675.6457524,682.5004801,13594248
27-01-2022,690.1271973,694.8296023,671.4346662,678.453147,28617838
28-01-2022,684.652832,695.6250346,683.1321611,691.3203891,24925208
31-01-2022,695.1571045,697.8943577,686.3138644,689.0978389,12842546
01-02-2022,700.4443359,709.8023097,689.425299,705.8251708,14739484
02-02-2022,716.4465942,718.2246325,704.4683968,707.4395427,13969290
03-02-2022,709.0302734,720.5405699,706.0591282,715.3001274,10564762
04-02-2022,713.0776367,717.2185289,708.445428,715.1364025,11579958
07-02-2022,686.9454956,710.7381333,683.1321097,707.5096209,12268042
08-02-2022,683.9976807,691.7647874,675.9030677,690.8056294,13981130
09-02-2022,700.7250977,701.7076735,686.4074085,689.6826995,11308342
10-02-2022,713.5923462,718.4585044,702.6201438,708.3986817,14314530
11-02-2022,710.6679688,713.5455573,701.6141398,701.9650639,10711104
14-02-2022,689.5422974,701.590689,687.4835888,697.1690691,14656620
15-02-2022,710.1766357,713.4987049,689.2381699,690.6184482,13135066
16-02-2022,709.2175293,718.1076055,705.1234152,717.9204346,10032264
17-02-2022,704.8894043,712.1418343,702.7838601,707.9775243,7351208
18-02-2022,707.6266479,709.8023885,697.3796541,701.0527049,7796128
21-02-2022,712.1885986,716.212516,699.7659224,703.7196436,7468066
22-02-2022,706.8545532,712.1886099,696.2098576,697.0755159,9536196
23-02-2022,702.2692261,713.8730805,699.8127577,713.5923527,9029562
24-02-2022,664.135498,690.1272394,658.4037384,678.4064099,23630766
25-02-2022,681.307373,685.8928037,670.4287269,673.7507966,18318654
28-02-2022,667.3405762,673.0957535,661.6322344,667.2236015,24880832
02-03-2022,643.0098877,654.3096545,633.7221085,648.7416477,38505560
03-03-2022,641.4890747,651.3149467,637.6991069,646.1680614,17527922
04-03-2022,639.383606,648.5076311,625.5338152,636.3422643,21219364
07-03-2022,619.8722534,623.4048545,606.8880638,616.9244686,27054458
08-03-2022,621.2759399,624.1768891,604.525143,609.2976871,39212492
09-03-2022,641.5593262,643.2203323,617.0882008,622.3052829,23134694
10-03-2022,651.6425781,667.6915284,645.8172614,667.6915284,22273206
11-03-2022,653.5609741,659.245898,642.2845689,649.4434424,15150780
14-03-2022,674.9673462,678.4531689,662.0767131,662.0767131,25018126
15-03-2022,666.2878418,678.2192603,660.5560819,675.4118677,18867928
16-03-2022,677.5876465,680.7927418,671.9962217,677.0495515,13364108
17-03-2022,692.5135498,697.0755625,688.0685118,688.7469421,14823954
21-03-2022,695.5313721,698.876859,689.1211831,695.7653214,12257876
22-03-2022,699.1109009,700.9122996,681.8220085,693.0984136,10461814
23-03-2022,692.1392212,710.6446395,689.4955818,705.1234114,31188256
24-03-2022,675.0140991,687.6473645,671.2241309,685.9395228,20160044
25-03-2022,669.5162354,679.3888861,663.9482296,678.9209874,16366462
28-03-2022,670.4053345,672.8383851,655.8068596,669.5163154,15754886
29-03-2022,679.2953491,683.2490703,669.0951347,674.2420204,12377448
30-03-2022,691.0629272,693.7767624,680.3480933,688.7468516,20109742
31-03-2022,687.9749146,694.6892502,685.892788,688.2790602,14295714
01-04-2022,704.6554565,706.5270514,687.9514955,690.8056662,14568556
04-04-2022,775.2146606,805.7684143,731.1152041,739.2800143,97450970
05-04-2022,752.4981079,779.8467649,749.5737409,779.8467649,30922582
06-04-2022,725.640686,743.8653746,724.0030406,742.8827417,27027860
07-04-2022,709.6854248,721.1957226,708.2583108,721.1723619,40781732
08-04-2022,708.7027588,713.8964228,700.584728,707.5095943,41256322
11-04-2022,700.0466919,706.5270778,698.6897742,704.6554829,20799066
12-04-2022,698.8067017,705.0531378,692.5602655,694.3616641,27435402
13-04-2022,685.4482422,702.924306,684.3721093,697.1691286,28892520
18-04-2022,652.9292603,669.8672286,650.4026528,663.878102,45620376
19-04-2022,628.0137329,650.1687863,620.9016942,646.1214503,74096022
20-04-2022,633.6752319,636.2954532,624.8085173,633.745371,49325736
21-04-2022,643.0566406,645.6067231,633.2074061,638.6817987,52446270
22-04-2022,634.2835083,643.5245082,631.2655843,636.3422741,20659148
25-04-2022,639.0326538,641.3253689,618.6790602,631.6632492,20935488
26-04-2022,641.9804688,646.6126204,635.0087663,641.957051,17016842
27-04-2022,642.2144165,645.2323404,634.5174482,636.3422647,18054334
28-04-2022,641.652832,645.2322683,637.3247693,641.9569776,20773722
29-04-2022,647.8526001,657.2807714,641.7465557,645.8640304,28401476
02-05-2022,656.7894287,658.0761502,637.3014922,637.3014922,19494316
04-05-2022,634.4706421,656.742609,631.6632499,655.058185,29055916
05-05-2022,633.0435181,643.3607072,630.0255943,643.3607072,17862912
06-05-2022,616.5033569,624.6448063,614.3510342,622.3053126,26731268
09-05-2022,617.5560913,620.6676291,606.1627693,608.2683135,32762434
10-05-2022,627.475647,633.0670142,615.3102794,615.3102794,20113812
11-05-2022,631.0081787,634.0027418,621.6736224,633.0669444,17102924
12-05-2022,616.7843628,628.0261632,612.0272831,625.3280965,22382290
13-05-2022,611.2462769,623.8607722,609.1872639,620.0977504,16768238
16-05-2022,617.7547607,621.0208116,608.3826826,614.8674042,9804356
17-05-2022,621.9674072,623.3874241,614.4886284,621.3047211,16641444
18-05-2022,621.920105,631.1028929,620.0740714,626.7245072,15732384
19-05-2022,609.2109375,613.6366453,605.0692216,608.8085532,20537506
20-05-2022,625.2570801,626.7954317,611.7195973,616.7606688,13919350
23-05-2022,617.2340088,629.5171318,614.9146363,621.9673984,19486320
24-05-2022,624.3104248,627.1741487,613.873335,615.3406742,12870796
25-05-2022,628.9729004,632.3572281,626.3221557,629.5408841,12887112
26-05-2022,646.9123535,648.9477342,634.274226,635.2919164,26992428
27-05-2022,658.9115601,660.1658621,648.8294165,649.3264456,24031718
30-05-2022,663.4082642,672.3780146,661.9408671,667.5262901,12624674
31-05-2022,657.4442139,664.9466836,653.2078527,660.7339548,13485388
01-06-2022,660.2368774,662.8875642,652.8054784,653.207805,12091896
02-06-2022,655.6218872,656.994582,652.5451835,656.6395777,11475020
03-06-2022,653.3498535,663.0296131,651.4564975,661.8699556,6957244
06-06-2022,652.4741211,656.5211927,644.0487216,651.4564885,6173266
07-06-2022,644.9716797,650.5097804,640.9482984,644.6876879,10253966
08-06-2022,647.2437134,653.6811118,642.3209766,650.0364248,5986588
09-06-2022,652.1190796,654.1781503,642.3919984,644.8060156,7311816
10-06-2022,639.5283203,647.504071,635.9782778,643.7883714,9155430
13-06-2022,627.9315186,629.5408827,619.2694493,626.5115015,10892572
14-06-2022,621.020813,627.6475595,617.7074397,620.6658087,11870356
15-06-2022,618.8670044,622.819431,614.5833214,616.1216731,11810470
16-06-2022,606.4892578,625.0678128,604.9272161,620.0740634,12169192
17-06-2022,610.4890137,614.8673997,601.8978987,603.507263,14723922
20-06-2022,625.8251953,627.1742,612.5717028,617.5653948,15936840
21-06-2022,632.6412354,640.9009774,626.7244981,632.8068924,13220684
22-06-2022,629.6591187,632.8304664,626.322056,630.6057965,8159698
23-06-2022,631.9785767,638.0609712,624.0974708,629.7775388,15372244
24-06-2022,640.8064575,644.5221577,633.5880367,633.5880367,8013432
27-06-2022,641.9660034,651.3144484,639.9543127,648.4744145,9804164
28-06-2022,637.0669556,639.4809728,633.5169132,636.1675999,9770574
29-06-2022,636.1439209,639.3626492,630.1325388,630.1325388,9994046
30-06-2022,638.0609741,640.9010081,632.3809061,632.3809061,12475822
01-07-2022,640.7826538,643.7410225,629.5645429,636.1439086,11472452
04-07-2022,641.6820068,643.8356646,635.3392529,640.7589611,8487480
05-07-2022,640.2383423,652.900161,638.2030192,645.6344186,14325718
06-07-2022,649.0661011,650.0837915,637.6349527,638.0609694,15049078
07-07-2022,660.6866455,661.7279683,650.5808109,653.2078657,17743142
08-07-2022,661.3018799,667.4079643,660.1895448,667.4079643,12474030
11-07-2022,665.5855713,667.3605923,659.4794873,659.8344915,7462880
12-07-2022,658.7932129,665.159599,657.6571878,665.159599,9876974
13-07-2022,642.7233887,659.9292508,641.0193797,657.94125,15945610
14-07-2022,639.5046387,649.7287489,638.6526054,644.6876773,10372410
15-07-2022,644.7114258,646.0604304,637.4930058,640.4276846,13595646
18-07-2022,637.8480225,646.6284267,635.2446578,638.0610019,20332220
19-07-2022,638.0846558,643.0547152,632.8542368,632.8542368,15792538
20-07-2022,646.1314087,648.9950749,641.4926635,643.6937013,20347862
21-07-2022,644.0960083,648.2377243,642.8416485,644.0013636,12640278
22-07-2022,659.1245117,661.2545371,644.8770204,646.5810291,12729592
25-07-2022,661.0651855,664.8518973,654.769812,660.3078548,10143126
26-07-2022,659.7162476,663.6212944,656.189895,660.7812603,8527964
27-07-2022,664.7572632,665.514594,655.2194714,657.4205091,9212778
28-07-2022,670.6503296,674.0347149,667.8813081,669.7983541,17420406
29-07-2022,678.8627319,680.945435,669.9166716,680.6614431,20019736
01-08-2022,684.5192261,685.6078711,676.8984795,681.1348406,13193036
02-08-2022,676.993103,683.7855061,673.5850853,682.5548363,15036510
03-08-2022,678.5787354,679.5964257,670.72132,674.4843417,10975498
04-08-2022,677.7741089,684.7794912,668.8043004,681.6081431,12012206
05-08-2022,675.4783936,680.1644031,672.6856821,678.2947373,9268982
08-08-2022,692.0452881,693.2049455,675.5020558,675.9280725,15357736
10-08-2022,694.0569458,696.5182853,685.8918487,691.7138833,17353102
11-08-2022,703.2396851,705.7484047,697.9620018,703.6183793,18301766
12-08-2022,702.9793701,704.9437384,698.624617,702.9083577,8850370
16-08-2022,711.026123,714.0318139,704.3520553,707.5470933,12563756
17-08-2022,714.6945801,716.0435847,703.2634315,710.0085123,12384350
18-08-2022,715.5465698,716.5879503,709.8428693,710.0085264,8342138
19-08-2022,706.718811,715.6885619,705.275104,714.7418839,8063702
22-08-2022,695.973999,704.4941012,694.7196391,702.8137824,8234066
23-08-2022,693.8203125,698.624657,686.5308805,687.9035751,14966884
24-08-2022,697.1572876,698.4116474,690.6961991,691.974249,13455520
25-08-2022,693.3706665,703.7604929,689.6549667,700.494442,11823040
26-08-2022,693.4889526,701.3937486,691.642919,696.7786933,7706176
29-08-2022,681.3241577,684.4481835,676.2120735,680.1881326,8653178
30-08-2022,703.4291382,705.2514819,683.0755594,684.6612336,10135400
01-09-2022,696.8259888,705.0147184,690.6015696,693.3232688,22403136
02-09-2022,703.1451416,705.5118368,693.536336,696.826077,12038086
05-09-2022,707.6655273,709.5351934,702.4824304,703.4291084,12131932
06-09-2022,704.9674683,713.1562565,703.5947735,709.4878791,12238696
07-09-2022,701.6304321,705.2751194,696.4237031,696.4237031,9776206
08-09-2022,708.8724365,710.0084616,701.5593725,705.3223942,11164690
09-09-2022,709.3458252,714.2685624,707.1921674,708.2098,15128888
12-09-2022,706.9555054,711.9018749,705.2751288,710.0085189,11080492
13-09-2022,716.2092285,717.5346008,709.3221807,709.4878378,13001966
14-09-2022,723.5695801,728.4213042,706.3873535,707.1920644,20219760
15-09-2022,719.8066406,729.391756,715.6886142,724.2087167,13539372
16-09-2022,706.5767212,716.9664881,701.9616664,711.4757678,20560046
19-09-2022,711.2391357,716.6352116,700.5416864,704.8017372,12076038
20-09-2022,719.8066406,721.3686825,714.6946138,716.6352922,10781668
21-09-2022,718.6942749,720.1853043,712.3752107,713.7952277,9072304
22-09-2022,703.3817749,714.8129236,701.8434231,710.9551991,12048144
23-09-2022,684.5192261,698.1750451,680.1881625,696.9206851,15806252
26-09-2022,675.2891235,679.9278113,671.1947295,674.6737597,8923486
27-09-2022,669.2303467,681.6081733,665.987986,678.0108084,12639700
28-09-2022,657.7282715,667.6920234,656.0005725,665.5146754,11816132
29-09-2022,654.3201294,663.7158966,652.6398107,660.9232429,14410388
30-09-2022,672.7803345,677.5610465,646.107695,652.6397959,15781756
03-10-2022,668.9226074,671.1236452,663.1952175,667.3842558,11541112
04-10-2022,687.7615356,690.1282305,675.0523956,676.6380697,11538526
06-10-2022,680.1881104,692.3055766,678.8627381,691.0512168,12549198
07-10-2022,677.253418,679.2177285,672.3069911,676.9930584,13297994
10-10-2022,669.7746582,674.981387,661.8225402,666.4612853,13109302
11-10-2022,662.9822388,670.7213194,662.4141973,663.1952182,14521620
12-10-2022,667.3132935,669.7036206,661.3965564,664.1892101,9225050
13-10-2022,659.6452026,665.6329524,655.1011599,663.6449518,14714234
14-10-2022,681.1348267,684.9215387,669.8930253,670.7213686,12849920
17-10-2022,684.7084961,689.9388569,675.4546963,679.241408,18410500
18-10-2022,683.430481,692.4476117,681.6081374,690.1519292,10561108
19-10-2022,690.4359131,699.3110189,687.9508834,692.9682651,12967040
20-10-2022,685.7735596,687.7142379,682.7915008,683.5015093,7898078
21-10-2022,680.9454956,689.962627,678.7681477,687.28825,10492606
24-10-2022,691.5720215,692.4950095,688.376983,688.376983,2167794
25-10-2022,686.7674561,694.7668954,683.9747448,691.59549,13773394
27-10-2022,688.4241943,694.5539107,686.9331651,693.2049063,15937276
28-10-2022,690.4595337,694.3882703,685.110838,686.3415078,10474278
31-10-2022,708.4464111,709.0617749,694.5066016,696.7549617,12830528
01-11-2022,716.2802124,723.7353013,709.4878096,711.6651573,19073756
02-11-2022,716.7298584,723.3802942,715.4991886,718.0552307,12720406
03-11-2022,713.5822144,719.5935964,708.5884649,708.9197791,10332352
04-11-2022,708.6594849,717.6292357,705.0857524,711.5231511,10818060
07-11-2022,714.1738892,715.6885508,706.2690934,714.7418728,9835834
09-11-2022,713.9608765,718.5049194,711.9018633,717.1322825,9269790
10-11-2022,721.7236328,722.7886456,707.6654878,708.635798,12774182
11-11-2022,762.6201172,774.8559184,727.9953589,731.3087318,56722338
14-11-2022,764.4661255,770.595842,756.3956729,763.0224185,19195390
15-11-2022,766.3358154,768.3001838,759.8274044,768.3001838,11030202
16-11-2022,772.9152832,777.2226567,763.0224863,766.1702023,13578150
17-11-2022,765.9335327,772.276287,763.9218419,765.9098427,12100930
18-11-2022,763.921875,768.2292486,759.8274808,767.2825706,10459232
21-11-2022,756.0880737,763.0225019,752.7036882,760.9634888,8344816
22-11-2022,754.975708,759.4014161,753.082352,757.342403,8546314
23-11-2022,756.9400635,759.709085,754.5023561,759.709085,10185738
24-11-2022,769.2468872,772.4892478,756.9400732,760.1587437,17197960
25-11-2022,765.6968384,772.3472166,764.0164618,771.4005386,8410496
28-11-2022,757.4606934,760.8687109,754.5260148,758.7150532,16105980
29-11-2022,756.324707,763.1881225,753.958012,756.0407152,12638236
30-11-2022,761.342041,763.4484341,755.9696553,755.9696553,15184806
01-12-2022,766.5725098,774.8559423,764.4424843,767.7558573,20446366
02-12-2022,760.703064,766.1464622,759.7800761,762.0757586,7811078
05-12-2022,763.4721069,764.2531278,755.5436788,762.05209,11592622
06-12-2022,762.6201172,763.8270969,757.3423759,757.8157149,12353092
07-12-2022,762.2888184,766.146543,759.4487842,764.0402074,11674720
08-12-2022,766.5725098,769.6492133,759.7090943,762.0757893,14803634
09-12-2022,772.0396118,773.8382654,766.8091927,769.6492267,11963384
12-12-2022,778.0509644,782.7133418,767.4718495,769.1758583,14434808
13-12-2022,780.2047119,784.3227382,778.6426701,781.0093651,17031702
14-12-2022,786.8076782,788.3460298,781.009276,782.4292929,14227640
15-12-2022,772.3945923,790.1921269,770.1462321,784.3464019,18182648
16-12-2022,776.1102905,778.6899649,761.6024389,766.8328578,14647958
19-12-2022,778.524292,779.4236476,769.7438307,778.1692878,9604542
20-12-2022,773.1519165,774.5719335,766.9038072,766.9038072,7174698
21-12-2022,765.6732178,778.5480743,760.4428561,776.7493628,9269198
22-12-2022,763.0460815,770.3591452,761.6023746,767.8504257,9747096
23-12-2022,756.2301025,759.3068062,750.4553318,751.1890304,10693152
26-12-2022,771.2822266,775.8026372,752.6090257,757.1057463,9907322
27-12-2022,772.0631714,774.3588538,763.7324172,772.962527,7926772
28-12-2022,771.447876,772.9625376,768.2764702,768.2764702,8691870
29-12-2022,776.8913574,777.9326802,762.549162,766.8565355,11012896
30-12-2022,770.6668091,778.6425587,766.8090852,778.6425587,7122640
02-01-2023,770.927124,776.1575425,766.1227799,770.1224709,4381378
03-01-2023,775.9682617,777.6959606,767.8504865,767.8504865,8378030
04-01-2023,762.0994873,778.9976667,760.6557802,773.9092724,10351600
05-01-2023,757.2003784,765.8861953,752.3250214,764.4424883,10941436
06-01-2023,754.6916504,761.64971,747.0235246,758.2890149,9092462
09-01-2023,756.1590576,762.8094937,752.6090151,755.4490491,10729340
10-01-2023,742.3375854,757.3424088,740.7755436,757.3424088,16371766
11-01-2023,753.0349121,756.3956069,738.4087277,742.171749,15195798
12-01-2023,757.0584106,759.1884362,749.8399909,751.5676898,9250070
13-01-2023,757.6500854,762.0284712,750.7156575,756.7507298,9244546
16-01-2023,750.3843384,767.4245423,748.0176434,764.4424835,14748094
17-01-2023,761.5550537,762.549054,746.692199,752.5142913,10786354
18-01-2023,774.9979858,777.0333089,757.2003928,759.7091127,19090642
19-01-2023,778.2166138,781.0093253,772.9625626,774.8559185,11172162
20-01-2023,786.1923828,790.0027848,777.8853181,778.2166323,18843404
23-01-2023,791.9434814,796.440202,786.4054382,788.7011208,15444400
24-01-2023,802.5463257,805.8123765,792.8428756,792.8665656,24983940
25-01-2023,780.3703613,801.3392446,778.7846872,800.6056038,14704142
27-01-2023,764.821167,774.8559305,752.5853078,772.4892356,35179948
30-01-2023,764.0401001,769.3178411,748.8222409,754.9756474,18512822
31-01-2023,758.9991455,768.0872319,754.9757637,766.6672148,18596244
01-02-2023,770.3829346,788.1094575,760.1824557,768.702558,17302790
02-02-2023,758.9281006,768.9392323,752.0173625,761.1764609,17497106
03-02-2023,785.1746826,785.9793357,760.6557016,762.5490574,14411100
06-02-2023,781.8376465,790.1920909,779.2105921,785.742693,11167672
07-02-2023,782.9973145,788.0620762,772.7732041,785.4587118,10264588
08-02-2023,782.9026489,789.6240391,781.0092931,783.0209837,8444826
09-02-2023,781.2697144,786.5237657,774.1696293,785.7427448,11777336
10-02-2023,784.3701172,785.0328034,777.3173539,780.4414378,8172116
13-02-2023,784.961731,786.5710951,778.4296873,783.3760568,5736944
14-02-2023,792.227356,794.026067,784.7722677,788.1093303,10908592
15-02-2023,790.6181641,794.2628513,784.2043974,794.2628513,11438712
16-02-2023,787.7544556,796.1089007,786.2161038,791.9908166,8062500
17-02-2023,783.802063,789.6004657,777.6722883,786.2160803,8956270
20-02-2023,776.4415894,790.2157422,773.8145927,785.7427119,8086706
21-02-2023,779.3526001,786.8550111,773.4358631,776.2758968,12389296
22-02-2023,764.0638428,777.1990009,761.626193,775.8026739,10359102
23-02-2023,758.8807983,766.2648756,753.6030566,763.4958539,27882010
24-02-2023,752.1119995,765.8151986,750.3369782,765.8151986,17061740
27-02-2023,753.9816895,756.8690457,746.5976128,750.6683165,14312972
28-02-2023,757.1530762,759.8511432,751.9936694,753.5557112,18993992
01-03-2023,756.4193115,763.4957055,755.3306089,763.0223666,14137256
02-03-2023,749.9819946,760.1587837,748.8223371,754.5024054,17391814
03-03-2023,764.8684692,766.8091475,751.6623001,755.449012,14986234
06-03-2023,770.2645874,776.0156101,765.8862016,766.8091895,27004710
08-03-2023,771.8029175,776.0392784,766.809168,766.809168,20099774
09-03-2023,771.8739624,779.0923829,770.122631,771.5189581,20700166
10-03-2023,751.9699707,763.8507674,750.2422719,762.2887256,27387000
13-03-2023,742.4559326,759.1411328,740.7518659,751.615031,26443550
14-03-2023,740.4677734,749.5795482,738.0774464,743.2604848,33185612
15-03-2023,729.8413696,749.2482674,727.33265,746.9288949,37264754
16-03-2023,734.5747681,737.9827856,725.179001,728.4686837,21753342
17-03-2023,744.3966064,747.4969423,728.9420762,737.2255089,22950876
20-03-2023,739.2372437,742.242935,731.4981619,742.1719226,26503114
21-03-2023,747.6151733,749.0588802,736.6100429,744.0651313,33050494
22-03-2023,745.8875732,750.7392977,740.917514,749.7689297,14177324
23-03-2023,739.8998413,752.7746385,737.7224935,742.0771891,28364178
24-03-2023,738.7164917,744.9882332,736.0184248,738.4088098,31477748
27-03-2023,741.9351807,747.6152486,737.8881669,739.450151,31872006
28-03-2023,747.9702759,749.2483259,740.3495294,741.1068603,39276302
29-03-2023,751.567688,758.2890787,748.7749763,749.7689767,39763612
31-03-2023,761.862854,763.4721605,753.7450781,755.2597399,34711228
03-04-2023,762.3361816,764.7738314,758.6441142,760.9161646,40025398
05-04-2023,782.7843628,783.8493755,764.9158157,766.1464856,43365392
06-04-2023,788.7483521,790.0973565,779.6365772,780.3229534,44637344
10-04-2023,785.0090332,790.9494607,782.9026978,787.2810835,31813286
11-04-2023,787.3047485,790.1921048,781.5299783,785.2693678,42361542
12-04-2023,797.5288086,799.0907925,789.4347241,789.5293688,26955504
13-04-2023,801.1025391,803.2799446,794.3338263,799.1382285,35330086
17-04-2023,788.8905029,814.1431285,782.5714385,814.1431285,32405148
18-04-2023,785.5534058,793.9078508,784.038744,790.476143,29637226
19-04-2023,788.4407349,790.6181404,784.3937212,788.1094207,24741168
20-04-2023,791.3754272,794.0024238,788.7720629,791.2807248,32922716
21-04-2023,792.6534424,793.7657774,787.2810565,790.0027557,20128618
24-04-2023,799.0671997,800.6291837,792.416764,798.5228483,35675852
25-04-2023,787.7070923,798.8541908,786.6420796,798.8541908,50353068
26-04-2023,791.328125,792.8427866,783.3760071,785.742702,27392750
27-04-2023,795.6828003,797.6944909,788.5117034,790.7127412,47790392
28-04-2023,798.8068848,800.4162489,790.4761299,797.4341901,27916272
02-05-2023,798.6411743,804.2029072,796.1561447,799.3274927,32221184
03-05-2023,801.434021,802.7830257,795.0439438,797.5526061,29407270
04-05-2023,817.835144,820.9828022,798.5702122,798.5702122,56854638
05-05-2023,769.4836426,786.1924765,767.8032658,775.8027074,62770416
08-05-2023,778.3823242,781.175036,771.5425985,773.9092936,37244524
09-05-2023,778.4059448,783.849343,776.2522294,780.9619868,43688938
10-05-2023,782.0032959,783.2103334,773.0098555,778.4059313,46340550
11-05-2023,782.5240479,798.9962689,780.6543818,788.1804838,35734618
12-05-2023,789.4348145,791.8015095,778.2876578,779.5893401,22478760
15-05-2023,793.2214966,795.5645015,788.1567348,791.4227853,18512260
16-05-2023,788.6731567,800.402952,787.0932018,800.402952,32722086
17-05-2023,784.4360962,789.9658807,778.1642576,789.9658807,30466868
18-05-2023,787.5720825,791.8570258,785.1782464,789.0083842,49646942
19-05-2023,788.4816895,789.965856,781.1326248,789.0083217,30460332
22-05-2023,785.6809692,791.3543491,781.6832162,787.5720764,28334032
23-05-2023,783.8376465,789.7743715,782.0422695,789.4871229,22470074
24-05-2023,773.592041,782.6646558,772.5387181,779.2175554,33588112
25-05-2023,770.6236572,775.6268094,764.7587591,773.5441254,29776930
26-05-2023,773.592041,775.1240726,767.1047223,775.1240726,26635066
29-05-2023,783.0237427,785.6569622,777.9248604,779.6723723,21816292
30-05-2023,783.6222534,786.4469917,779.6963856,782.114125,37125928
31-05-2023,771.222168,782.7604463,768.2538346,780.3427069,43334270
01-06-2023,767.9425659,775.5549759,766.0274972,775.5549759,50366938
02-06-2023,769.1395264,773.1133176,766.5063067,771.9881679,17859710
05-06-2023,768.1340942,773.9271656,767.2004631,772.9696312,18697242
06-06-2023,765.7402954,770.7433894,762.3170981,769.6901249,32182852
07-06-2023,769.7140503,772.0361181,764.1124971,767.6792896,24949026
08-06-2023,770.192749,778.4754447,767.5834912,767.5834912,37395522
09-06-2023,771.102478,774.8847508,769.3789277,773.6399677,18212578
12-06-2023,766.4105835,773.5920917,765.764201,772.0360983,13408292
13-06-2023,767.7032471,770.3364668,761.2877546,761.2877546,27926108
14-06-2023,766.8652954,771.7726588,766.1231829,771.0305463,20113968
15-06-2023,757.4336548,768.8761438,755.9733915,767.9425712,35377476
16-06-2023,767.3441772,770.4322025,758.3672917,759.8754202,15779272
19-06-2023,768.0144043,772.8499413,765.2375312,771.2939479,24829146
20-06-2023,769.6182861,771.2939714,761.5510704,768.0144277,20005626
21-06-2023,783.0715942,783.8615718,771.2939332,773.6877691,24308946
22-06-2023,786.9017334,793.5805707,784.7233778,785.1781832,56596140
23-06-2023,786.8538208,794.7056138,782.3294946,784.0051796,21339218
26-06-2023,783.0476685,790.3249061,779.7680666,787.5719948,16130314
27-06-2023,794.083252,800.9296462,784.4840048,786.5905337,33831864
28-06-2023,802.4856567,804.2810337,794.9929383,799.5412268,59562950
30-06-2023,814.5745239,818.1174129,805.8848876,815.819307,40699016
03-07-2023,823.3839111,841.4334124,818.6919689,819.888887,44104116
04-07-2023,827.4054565,836.4063033,820.5112556,825.1313123,38795188
05-07-2023,801.1211548,823.479559,798.8470107,821.684182,37165754
06-07-2023,801.9350586,808.0872054,794.9450692,800.9775242,52156544
07-07-2023,794.9450684,801.9350578,792.9821345,797.1473858,19926336
10-07-2023,793.053894,802.7728914,789.8222155,795.2323082,38398442
11-07-2023,789.1998291,802.4137915,787.8113926,796.1898182,50670426
12-07-2023,781.8029175,797.7698512,779.0261026,792.527315,70958358
13-07-2023,785.704834,793.532666,784.2446291,793.1735906,41913546
14-07-2023,787.3326416,791.6894113,782.7843533,791.6894113,24727214
17-07-2023,803.8022461,805.2864127,781.8268204,789.9658626,49252928
18-07-2023,803.131958,815.8192885,799.5412041,812.9466854,81076818
19-07-2023,806.7705688,808.5180808,801.935032,804.8555001,32935134
20-07-2023,808.5180664,810.0740597,804.3288536,804.8794476,56210948
21-07-2023,802.2941284,809.0208309,801.0972104,804.328889,42154248
24-07-2023,803.5629272,806.5552224,799.5891359,803.6107923,32179444
25-07-2023,812.2763672,813.4254201,803.5628281,806.5551229,55992596
26-07-2023,809.4516602,813.7126998,808.1590121,813.7126998,24794358
27-07-2023,801.0493164,815.340505,798.3203084,813.8563384,59741302
28-07-2023,786.8538208,799.0145183,785.7047679,795.4716296,41015684
31-07-2023,790.5403442,793.2214872,784.5557545,789.9898087,34565006
01-08-2023,795.8306885,798.3202543,789.9657909,792.0962814,35394188
02-08-2023,785.4176025,790.6840418,781.8986753,786.1357533,28116322
03-08-2023,779.7442017,790.6121936,777.0391553,785.1781976,57673946
04-08-2023,791.019104,793.0778262,780.0314207,782.8561587,37388304
07-08-2023,790.56427,796.2376492,788.7928549,796.2376492,28300918
08-08-2023,789.9179688,792.6469183,786.1596581,790.7797146,43773828
09-08-2023,790.2052002,792.1202688,780.9171056,791.4021181,33361236
10-08-2023,783.1912231,792.0005503,780.8692142,788.5534502,50781118
11-08-2023,775.0283813,784.412207,773.7835398,784.412207,28225822
14-08-2023,771.2460938,773.2090276,766.1472114,771.2939588,31304410
16-08-2023,768.9957886,770.6475703,757.0745331,757.9362789,34137542
17-08-2023,764.7348633,770.7673182,763.1549082,764.8784584,52884040
18-08-2023,761.598877,764.2560581,759.0853493,760.0668454,25633366
21-08-2023,761.0004272,766.2668662,759.8035093,766.2668662,21837270
22-08-2023,757.744812,765.0699734,756.452164,764.2799959,32273570
23-08-2023,759.6119385,761.5031038,753.2204088,756.452087,36498588
24-08-2023,756.1170044,764.2081227,754.6088761,762.8197447,43145792
25-08-2023,747.5949707,755.2552458,746.1108041,753.8429059,30069756
28-08-2023,755.374939,757.7209099,747.5949721,747.5949721,28867238
29-08-2023,761.3834839,762.5085751,757.1463475,761.0961768,35538932
30-08-2023,755.8297119,767.918583,753.4358761,767.918583,28084204
31-08-2023,752.3587036,757.960315,748.3610091,755.9734194,100075772
01-09-2023,753.9146729,755.9733952,746.5656082,752.1432576,43226776
04-09-2023,758.6306152,761.9340623,754.0104999,761.2398732,25073638
05-09-2023,754.010437,760.4737939,751.9517148,760.4737939,38712082
06-09-2023,763.8730469,766.0274992,754.0104545,754.9201239,56320910
07-09-2023,771.222168,772.7302964,759.8754082,763.8731028,34208342
08-09-2023,777.2306519,781.7789401,769.666107,770.0012791,34502210
11-09-2023,781.2523193,783.5025017,777.5179119,779.8638828,31573022
12-09-2023,783.6940918,786.5666952,778.0207118,785.1782585,39033340
13-09-2023,787.0454102,790.7318942,779.7202486,781.0129551,46420094
14-09-2023,786.5665894,789.9658245,782.8321821,787.2129133,23538848
15-09-2023,795.5913696,799.5411989,789.9658552,789.9658552,173411202
18-09-2023,779.93573,792.3597154,778.5233317,791.7612564,37056288
20-09-2023,748.6481934,765.5486977,747.0682968,765.5486977,115474648
21-09-2023,743.6929932,751.1617495,735.8891231,743.5254363,72841442
22-09-2023,732.3462524,748.9834125,729.5215143,746.3980579,61704250
25-09-2023,732.9925537,737.636572,730.1199506,730.1199506,40208754
26-09-2023,736.1763306,737.3014217,730.1199143,730.1199143,27575308
27-09-2023,731.0056152,733.7106613,725.3322362,729.1623734,39338538
28-09-2023,729.4975586,736.1524344,726.9361658,734.4288841,55354188
29-09-2023,730.7424316,735.123105,728.8273628,729.4975901,32053782
03-10-2023,722.0048828,731.0774977,721.0233867,731.0774977,38971694
04-10-2023,732.2983398,734.9075975,713.0039997,715.7569109,54649430
05-10-2023,735.2667236,742.8312687,733.7585953,734.93161,48512674
06-10-2023,734.4528198,739.6952971,732.4419626,739.2165299,17759356
09-10-2023,725.9307861,732.5138353,723.8960255,731.5563009,16454972
10-10-2023,730.0481567,732.0350523,725.4280415,727.9894928,33266292
11-10-2023,737.1099854,738.3308651,731.795681,732.5616969,31333360
12-10-2023,742.017395,743.0467563,733.2798929,735.4343455,22025336
13-10-2023,735.2667236,741.5146589,732.4898505,737.3014842,39745300
16-10-2023,732.3222656,734.6442748,727.965496,733.231935,17856084
17-10-2023,737.8759766,744.8420626,734.9076433,744.8420626,32902558
18-10-2023,727.6065063,737.8760402,726.8165287,737.8760402,31216200
19-10-2023,725.3082886,730.7183809,719.6827744,720.7360972,30252364
20-10-2023,729.0667114,731.0775103,720.5446319,720.5446319,21094010
23-10-2023,721.0473633,731.9153553,718.1986634,729.4018275,22376136
25-10-2023,716.4750977,729.0666981,714.0573,728.2048938,28311996
26-10-2023,700.6279297,714.3206599,699.1198013,713.9615845,55561798
27-10-2023,703.3808594,707.6179375,702.3036332,703.5484162,31940532
30-10-2023,711.0170898,713.3390989,699.9097152,700.5560392,23310982
31-10-2023,706.8997192,720.0658163,705.7028013,720.0658163,32634824
01-11-2023,705.9422607,707.3546007,700.0773623,700.0773623,33877466
02-11-2023,707.0194702,713.6025193,702.4233167,710.9692997,45225154
03-11-2023,710.3708496,714.0334305,709.3654502,712.4056103,18095340
06-11-2023,715.5175781,717.1932633,710.0117553,717.1932633,25593730
07-11-2023,712.0465088,715.2781873,707.2348751,715.2781873,41952848
08-11-2023,714.1052246,715.0148355,709.0542074,710.4665472,31399546
09-11-2023,711.2805786,714.6079876,710.2512173,711.4481355,22116740
10-11-2023,714.0812988,716.2357513,708.5994376,708.6233409,14015186
13-11-2023,712.7886353,716.211774,711.4001987,714.368532,20605914
15-11-2023,720.2574463,723.3933366,718.4142041,720.1137927,41245460
16-11-2023,722.1484985,727.2473809,719.9461811,722.7948226,29713838
17-11-2023,720.5924683,721.7415212,712.8843284,713.3630956,23701874
20-11-2023,720.6403809,724.3747885,718.8929273,724.3747885,19331452
21-11-2023,726.7446289,728.6836594,723.9438525,727.2473578,24959972
22-11-2023,724.1593018,727.7260938,719.8503973,727.7260938,29123650
23-11-2023,728.3485107,729.5693319,722.2202677,722.2202677,13046220
24-11-2023,733.5192261,734.021955,727.6543278,728.3006518,16469192
28-11-2023,731.8674316,735.9848175,730.5029569,735.0033215,28489338
29-11-2023,746.4698486,748.3130906,733.9500754,734.3809775,34042488
30-11-2023,746.3023071,752.8374324,738.3308219,751.2575358,69491440
01-12-2023,744.6744995,749.6297282,743.0945444,745.8714175,22153536
04-12-2023,770.5279541,771.7727372,753.4120265,760.2823242,50662456
05-12-2023,777.3743286,784.6994906,773.9272279,783.5025725,52230820
06-12-2023,779.3372192,784.4360428,773.9989536,784.4360428,38613060
07-12-2023,780.605957,782.305604,773.7835244,777.9966992,20450386
08-12-2023,791.4979248,792.3597292,780.6059708,780.6059708,33728038
11-12-2023,790.4446411,796.5249611,788.5295723,789.9898357,23187620
12-12-2023,782.5928345,792.9581558,781.2762247,791.9766597,36581476
13-12-2023,780.8214722,783.2631733,773.2569267,781.5635263,29346914
14-12-2023,790.0376587,794.2507747,787.5719961,788.0507632,35172366
15-12-2023,793.1018066,798.5836676,788.3380381,789.9658582,138837130
18-12-2023,792.6948242,797.003729,790.42068,795.0886602,18014754
19-12-2023,791.3543091,794.1072205,787.1172311,789.9658725,24008446
20-12-2023,793.3171997,799.038444,787.3086484,793.7959669,34232520
21-12-2023,807.5365601,808.9968233,790.0855201,793.3171985,36589240
22-12-2023,799.9481812,807.153651,798.1528041,806.0524631,48578850
26-12-2023,805.5018311,807.1775162,798.8470139,801.0971963,18045856
27-12-2023,815.4841919,817.0162236,803.658607,805.0470436,27009078
28-12-2023,816.4177856,824.1498878,814.8617922,818.3568162,44076470
29-12-2023,818.3328247,821.037871,811.9891594,812.4679266,25011426
01-01-2024,812.9945679,818.2849688,810.0740996,816.7768404,14239686
02-01-2024,813.4733276,815.2448013,808.4941371,813.3297325,29242092
03-01-2024,800.9296265,816.1543877,799.038461,814.8617397,28389762
04-01-2024,809.5234985,811.4864323,799.8763279,803.3713518,26734056
05-01-2024,805.3822021,816.2502532,798.631596,807.752135,31889470
08-01-2024,796.4052734,805.4539852,794.75355,803.6107432,17998470
09-01-2024,790.2052002,803.2755671,788.4098233,798.1766851,25326888
10-01-2024,792.8145142,794.7295829,785.8484865,786.6145024,16115824
11-01-2024,789.4871216,796.1419974,786.6145184,794.7535608,18314010
12-01-2024,785.7527466,792.8385249,782.1141274,790.923456,19773552
15-01-2024,800.8817749,804.7597774,786.901738,788.8646717,28320356
16-01-2024,803.9219971,806.0764496,793.8439236,800.9775669,25322500
17-01-2024,736.1045532,764.4954709,731.7477835,751.6644869,170145236
18-01-2024,711.5198975,725.3323197,708.5994292,715.2782084,161070930
19-01-2024,704.098999,723.0581686,703.0217728,720.9994462,109600538
23-01-2024,683.3683472,706.0379623,682.2432559,701.3939438,115469402
24-01-2024,697.0371704,698.2579917,660.8184204,660.8184204,86004404
25-01-2024,686.9830322,697.7313319,679.562141,695.4093228,98941852
29-01-2024,696.4387207,700.3406851,692.2016427,693.2788689,65645498
30-01-2024,691.4835205,700.5321742,689.8557003,696.3908845,41728768
31-01-2024,700.2209473,706.1576134,687.8926926,689.1853406,65761040
01-02-2024,702.0402222,705.5112841,697.1089554,701.4178599,32690740
02-02-2024,692.3692017,708.9824002,690.4062678,706.1816238,44867754
05-02-2024,691.7467651,695.1220972,686.5761145,692.2973591,38605046
06-02-2024,691.3876953,694.0687799,685.8818726,692.0819428,41075740
07-02-2024,684.6131592,696.0318041,683.0332624,695.6487669,54837086
08-02-2024,671.734375,688.9220715,670.5134952,684.5653015,69106124
09-02-2024,671.9976196,677.0725402,664.0500959,666.5157587,56642124
12-02-2024,665.4864502,676.8093069,662.3026364,670.1065657,34447812
13-02-2024,667.6168823,672.3566892,662.7813454,666.4199644,57580994
14-02-2024,662.6378174,666.2046099,652.823089,658.7837177,91320810
15-02-2024,677.0007935,677.6949825,662.7813723,663.0925827,41584944
16-02-2024,679.8015747,683.5359239,674.3196551,681.7166436,32175742
19-02-2024,678.4609985,684.15834,677.5513292,684.15834,34451756
20-02-2024,696.2711182,697.6834579,675.9235135,677.455545,56133508
21-02-2024,689.0178223,700.9151754,687.0309267,700.9151754,45893136
22-02-2024,679.6340332,684.06263,676.1150474,678.7722288,50560882
23-02-2024,680.1366577,686.5042847,678.8918747,681.0702888,29833452
26-02-2024,680.9505615,686.9590544,676.7613488,676.7613488,23506870
27-02-2024,679.9212036,683.0570935,676.5219684,676.761352,32087150
28-02-2024,674.7745361,681.860256,672.1891814,679.9212838,25321986
29-02-2024,671.9019165,675.253287,668.9814482,671.2794958,53295700
01-03-2024,684.9961548,685.9536892,670.2740637,670.2740637,34738898
04-03-2024,685.9297485,687.9884709,681.9081508,685.0919059,35616474
05-03-2024,689.8317261,690.8610873,680.639419,680.8069758,37991672
06-03-2024,690.6695557,695.5769195,686.3367475,686.3367475,42409530
07-03-2024,692.3452148,694.7151475,690.0950325,692.0579662,49348046
11-03-2024,683.5838013,692.2733788,681.2856954,684.6370657,50531094
12-03-2024,698.784729,700.9152198,684.2780587,686.552203,65418454
13-03-2024,699.1916504,704.5538198,694.2603247,701.6333515,63067454
14-03-2024,696.8217163,701.8727338,691.4835086,700.00553,52432158
15-03-2024,695.4811401,698.6649535,690.5019499,694.2123954,143613804
18-03-2024,692.3213501,697.0850605,687.4139862,692.7761556,21437856
19-03-2024,693.9011841,695.3614473,687.2702705,687.2702705,36183594
20-03-2024,685.1397705,695.0023624,682.075649,693.7575794,43606094
21-03-2024,692.1776733,694.8108929,688.6108811,690.669545,28922860
22-03-2024,690.7891846,694.5714568,688.3474837,689.903477,45980326
26-03-2024,682.4348145,688.4433081,680.878821,683.2965604,56844290
27-03-2024,689.7599487,693.2310113,680.4479492,681.5491372,62168668
28-03-2024,693.2070313,699.2394862,689.7598724,689.7598724,55592142
01-04-2024,704.0271606,705.6071158,696.8935177,698.0425707,25199570
02-04-2024,708.6472778,715.6851322,700.5561005,701.4657699,41225446
03-04-2024,709.6766357,716.0681661,704.4580616,704.7931753,45584386
04-04-2024,731.3647461,732.513799,720.0658521,720.0658521,88935066
05-04-2024,741.8737183,744.2435925,732.5856231,736.8227011,59055902
08-04-2024,740.4613647,745.5602473,738.0436254,744.4590593,20482940
09-04-2024,741.3949585,744.4111567,737.4451292,744.4111567,21884494
10-04-2024,735.5540161,742.0413354,733.9261959,742.0413354,27807400
12-04-2024,727.2233276,732.4419012,724.5901084,728.2048237,41084208
15-04-2024,715.6132813,722.9384425,714.344595,716.9778145,23415248
16-04-2024,722.5794067,724.3269187,709.6526922,711.9268364,20744886
18-04-2024,715.6132813,727.1755203,713.8658278,722.8427124,34234884
19-04-2024,733.1362305,734.883684,708.6951417,711.7113985,34576434
22-04-2024,723.9917603,745.6320735,722.1246149,745.6320735,42298438
23-04-2024,721.7894287,730.8381406,719.7068031,730.7424105,26827060
24-04-2024,723.7523804,728.5640143,722.483694,725.3323356,22441580
25-04-2024,723.2975464,727.5824894,721.143094,721.143094,35445204
26-04-2024,722.8427734,731.5563135,720.8080127,727.6304456,24854694
29-04-2024,732.2744141,734.6442883,721.2867305,725.3322898,36093350
30-04-2024,727.7740479,737.0621437,725.2844817,732.1308179,52307382
02-05-2024,733.5910645,735.8652087,727.8937229,728.6837005,33475006
03-05-2024,727.534668,737.5887798,721.5979427,734.0698523,31865242
06-05-2024,728.994873,734.6682526,726.3616535,728.6836627,28793396
07-05-2024,721.0952148,729.6651592,720.1376805,728.6597014,28480602
08-05-2024,709.8442383,716.6905745,708.7430503,716.2118073,41687862
09-05-2024,693.0155029,711.807115,691.9622385,706.1576388,46281278
10-05-2024,697.8200073,704.6385064,692.4331342,698.3538309,27276608
13-05-2024,706.2400513,708.4482126,694.1317161,694.9567108,27047202
14-05-2024,709.0062866,711.214448,703.837836,704.784157,25665142
15-05-2024,698.111145,708.3995859,696.8008454,708.3995859,38931996
16-05-2024,708.6665649,709.78279,696.6552672,701.7752582,34945236
17-05-2024,710.5349731,712.4276743,701.8480026,701.8480026,20920190
21-05-2024,707.9628906,713.2526672,703.740702,703.740702,43769978
22-05-2024,708.1569824,711.2629461,702.7943981,707.5018326,39996278
23-05-2024,724.3661499,725.8463537,707.1135946,707.8900707,40861920
24-05-2024,736.3046875,737.6150465,721.1631959,721.8911534,31060206
27-05-2024,741.4003906,749.7961904,737.20255,739.2893258,29385440
28-05-2024,742.7592773,745.4527437,739.9930626,742.5651435,27908904
29-05-2024,731.9855347,739.5319917,728.5641108,736.6929693,35147706
30-05-2024,735.1642456,739.4106642,726.8170235,727.5692107,33755350
31-05-2024,743.2688599,745.4284433,734.7517338,737.1782587,74079588
03-06-2024,762.99646,776.002657,752.2227132,776.002657,72637256
04-06-2024,719.7800903,756.5904611,705.6334384,755.6198511,89531240
05-06-2024,753.0963135,756.8816569,719.3918461,725.0699501,81631650
06-06-2024,756.9301758,759.7206795,750.5726922,759.4537973,46422870
07-06-2024,763.5545654,768.8929201,753.2176051,757.5853498,36712216
10-06-2024,757.7067261,767.097366,755.911062,763.8700759,22454058
11-06-2024,759.4052734,762.4141407,753.2903832,755.1345658,29545326
12-06-2024,763.9428711,770.8099486,760.1817574,764.3553685,39280436
13-06-2024,767.145813,769.5480488,763.8700045,767.6311179,24120192
14-06-2024,774.9835815,776.0027102,765.6656898,768.7231351,25540554
18-06-2024,780.2733765,781.5836762,771.3679826,774.9835403,32415714
19-06-2024,804.5628052,810.4107536,778.4291453,782.9910237,90131196
20-06-2024,810.1437988,816.0159768,801.7237699,810.3622216,41408742
21-06-2024,808.3967285,811.8423818,797.4288484,811.8423818,51630776
24-06-2024,811.6240234,812.9343231,798.6906345,799.2972657,28544994
25-06-2024,830.5266724,833.2443684,810.9931468,810.9931468,74521548
26-06-2024,825.7463989,830.3082775,820.6992154,828.8765923,47596666
27-06-2024,823.1500244,831.3274012,818.5153383,823.1257355,55074650
28-06-2024,817.1564941,828.2214114,814.8270067,823.8536669,26476046
01-07-2024,827.5420532,828.5612411,815.3123911,815.3123911,21187024
02-07-2024,839.8687744,841.9556095,826.3530428,832.2980287,45921690
03-07-2024,858.3346558,870.637125,856.3934359,869.1812101,123217802
04-07-2024,838.194519,854.0154498,837.0782939,854.0154498,45848658
05-07-2024,799.8310547,817.7388187,796.9677437,817.7388187,82242548
08-07-2024,793.6434937,803.1554595,789.6640165,798.4723138,39087800
09-07-2024,794.2015381,799.1516248,786.3638514,788.6205312,48550878
10-07-2024,789.15448,795.9002316,786.55811,791.0228925,45507182
11-07-2024,787.1161499,789.0330809,776.9732641,788.1109896,44177074
12-07-2024,787.5043945,795.1237185,781.8991574,787.1647047,56049960
15-07-2024,787.2131958,790.9500797,783.8645796,787.8926346,33375694
16-07-2024,786.0727539,789.5912151,784.6411279,786.5580589,28950324
18-07-2024,783.6705322,788.1110256,776.0754972,780.3704346,33717064
19-07-2024,780.0307007,787.649965,778.1865181,784.2528302,26002152
22-07-2024,797.1376953,801.2384986,782.627065,784.7381297,53744822
23-07-2024,785.4176025,799.685581,778.9145039,799.5642548,52002152
24-07-2024,778.4534912,786.6793871,770.6886114,780.4432298,61728206
25-07-2024,784.5440674,788.6206413,773.090881,773.090881,25535732
26-07-2024,785.2962646,787.0433507,774.765111,778.9144923,43810540
29-07-2024,778.9387817,791.9449197,775.6629731,783.7675426,51001148
30-07-2024,784.0344849,793.3523168,776.0026637,777.4585787,54595834
31-07-2024,784.1315308,790.0279982,780.9527594,783.282247,37820484
01-08-2024,795.3178101,800.777491,785.199154,787.6014492,26215174
02-08-2024,805.1937256,810.701925,791.5323793,791.5323793,44119238
05-08-2024,784.1315308,798.8120066,776.9732822,795.9486953,41333634
06-08-2024,777.0703125,792.4787457,773.2364505,791.0471197,45116050
07-08-2024,787.8926392,791.0471215,777.5556193,784.7381568,42346264
08-08-2024,797.2104492,802.3547293,785.8300714,788.13527,33976950
09-08-2024,800.8502197,806.8437834,798.7149253,801.7237923,26644618
12-08-2024,805.6547852,813.3468572,799.4671467,801.7238267,39316196
13-08-2024,778.0409546,792.2118962,777.0461149,790.0765423,54055042
14-08-2024,780.2733765,783.1366285,778.0409261,779.6424563,32334428
16-08-2024,792.0662842,793.0611831,781.8263605,790.319198,27849246
19-08-2024,791.7993774,794.759726,787.9896859,794.759726,19502164
20-08-2024,794.7839355,798.8119905,789.8095595,789.8095595,31134494
21-08-2024,789.0089111,793.25533,785.126471,790.1250771,47630904
22-08-2024,791.6781006,795.0752357,790.0765703,792.0177904,21300638
23-08-2024,788.6448975,792.9883534,787.6499985,792.9883534,20333422
26-08-2024,795.8758545,799.7582942,792.114741,792.114741,22364266
27-08-2024,794.8082275,799.4914324,792.1147612,797.5502125,35773244
28-08-2024,794.4926758,795.7787457,791.14406,794.8081358,26921188
29-08-2024,795.1964722,798.0354944,791.6052036,796.8707506,49052604
30-08-2024,794.3956909,806.5768334,786.7521379,803.6650037,445342100
02-09-2024,789.5668945,799.2002455,787.7470009,799.2002455,34049680
03-09-2024,794.6140747,795.8758558,788.4264364,792.9883149,37282860
04-09-2024,796.7736816,798.2295965,792.0176695,795.4148041,24682744
05-09-2024,798.5450439,800.7046866,796.8707655,798.8119854,22876318
06-09-2024,794.4199219,799.6612391,793.0368146,795.075131,26029602
09-09-2024,799.0546265,800.0252364,791.0956132,794.9295343,23792914
10-09-2024,800.9229736,802.6943485,794.9294696,802.6943485,26606646
11-09-2024,797.7928467,801.9664575,795.5118778,800.947329,22226684
12-09-2024,808.8092651,810.4593139,799.3215884,802.6944343,32424046
13-09-2024,808.4937744,812.400503,804.1746077,812.400503,23860532
16-09-2024,810.9202881,814.2446744,807.5717313,809.0033572,15172820
17-09-2024,809.8769531,814.3417351,807.6202732,814.3417351,20127122
18-09-2024,822.494873,824.4846115,810.9931099,811.3570886,40917342
19-09-2024,829.1435547,834.239257,824.605965,824.6301947,30651776
20-09-2024,845.0130005,846.8328941,828.6825354,833.0259913,60623386
23-09-2024,854.0397339,857.218446,844.5519978,848.7984164,26965350
24-09-2024,858.0435181,864.6436541,851.3462855,856.5633141,33039036
25-09-2024,863.4060669,867.725293,854.2095613,854.2095613,31965312
26-09-2024,865.5171509,867.7253123,858.0435015,860.4700264,31899644
27-09-2024,850.5697632,862.9692696,849.2836932,862.3869273,35613502
30-09-2024,840.5725098,849.9873789,836.8599148,848.7013681,26383534
01-10-2024,837.7334595,845.4013021,834.7731108,836.6658122,24572284
03-10-2024,816.282959,837.7091852,812.0850591,832.6134831,48473398
04-10-2024,804.4657593,820.4808226,802.2090794,812.6431358,48683232
07-10-2024,785.1264648,805.1210075,782.7969771,801.8209097,94458296
08-10-2024,801.2627563,804.0532598,787.1646239,791.0470635,29734406
09-10-2024,792.5758667,804.0290528,790.4162239,800.5105915,41125642
10-10-2024,806.7709351,808.2510796,792.2603057,795.4147877,21754766
11-10-2024,801.2385254,807.7658537,797.4774118,807.7658537,23672594
14-10-2024,819.2432861,821.1602763,802.6943989,803.6892978,18527508
15-10-2024,817.302063,824.0478137,813.1284522,822.1065939,19651130
16-10-2024,824.9213867,828.8765747,815.3608436,815.3608436,20470682
17-10-2024,811.9879761,823.8779472,808.1297662,822.5675883,14695732
18-10-2024,816.210144,820.6506963,802.7429313,807.1106759,24809724
21-10-2024,838.9466553,848.3858722,830.3810702,832.2980011,46548354
22-10-2024,832.0796509,844.4306385,830.2111794,839.6018778,38875280
23-10-2024,842.392395,847.5851345,827.4692671,827.4692671,38036090
24-10-2024,849.1138306,858.3346248,843.5085346,843.5085346,30832258
25-10-2024,846.0806885,853.0933215,838.9466699,851.7102142,26130478
28-10-2024,841.6158447,849.7689918,839.043764,845.4012471,22012142
29-10-2024,850.1815186,856.0779859,837.1996103,837.7092042,35794926
30-10-2024,841.8099976,851.5889047,836.762814,845.4012662,32715724
31-10-2024,842.343811,843.8968225,834.4333756,838.6069865,22895912
01-11-2024,843.1203613,846.4203996,837.68491,841.0335262,1759692
04-11-2024,831.8612061,846.8571409,830.3082539,846.8571409,28089248
05-11-2024,853.0933228,855.44704,823.9993137,826.4743572,44232406
06-11-2024,851.831604,859.7178103,847.0270726,859.7178103,27787910
07-11-2024,847.609436,854.5977804,843.4600548,846.5174998,18895456
08-11-2024,851.4432983,855.0103373,847.2696874,850.2543248,19902986
11-11-2024,857.1942139,865.2017461,849.8660612,851.4918803,24565362
12-11-2024,833.8509521,861.4162974,829.2163254,859.9603825,31395406
13-11-2024,815.9675293,839.2864577,811.9152445,833.1473377,35728500
14-11-2024,821.5,827.3721784,811.4784404,811.9637454,27146470
18-11-2024,827.4934692,834.1907013,822.591901,825.0184258,27081968
19-11-2024,845.522583,851.1035902,826.3287478,831.8127176,50981272
21-11-2024,845.0130005,853.6514528,841.6158657,848.9925368,35716512
22-11-2024,847.1483765,851.3705654,839.3592669,846.1535368,24773612
25-11-2024,866.5605469,875.2718067,856.5147576,866.2936647,427737274
26-11-2024,866.5363159,878.4019988,858.8927626,878.4019988,30935566
27-11-2024,879.5182495,881.9690041,866.3422073,868.647406,32714976
28-11-2024,870.2246094,891.0684339,867.725277,882.7697309,35722392
29-11-2024,871.6320801,875.7814023,865.2503074,874.1799314,27669536
02-12-2024,875.829895,877.5042328,861.4163605,875.2475527,15110876
03-12-2024,886.312561,891.6994348,881.3624144,884.5654156,43410242
04-12-2024,902.7157593,905.0937655,888.6662041,891.9905313,44669084
05-12-2024,905.4577026,912.3490092,890.6316128,902.6671992,39682714
06-12-2024,900.6531982,904.7054828,894.9023463,901.2113108,17783156
09-12-2024,907.5202637,912.3733132,897.3288596,899.5855395,26947912
10-12-2024,906.5981445,911.2570601,901.9635179,911.2570601,13325480
11-12-2024,904.1716919,908.4423994,901.0900171,903.4922531,14045426
12-12-2024,902.3032227,906.865101,897.1832318,898.2994568,17293790
13-12-2024,908.3695679,909.946809,887.7441069,903.8804969,19009002
16-12-2024,905.1907959,907.4959945,900.3620352,905.1422773,13107082
17-12-2024,889.6853638,903.807727,886.4095551,900.8958971,21079532
18-12-2024,878.7416992,891.0199388,877.0189021,888.0353014,23422312
19-12-2024,870.3944702,874.0827762,863.3575481,873.3548187,25380770
20-12-2024,859.7177734,872.3599919,857.55819,864.910513,25692348
23-12-2024,874.0343018,876.4608267,864.473817,864.8135068,11044592
24-12-2024,872.6268311,877.7710517,868.4775092,874.5438212,14485834
26-12-2024,869.0598755,879.3726061,864.2068258,872.845278,10481678
27-12-2024,872.699646,876.4364705,868.2590938,871.0253676,7259330
30-12-2024,862.8237305,880.8285333,859.4751143,869.7635561,22222218
31-12-2024,860.3729248,864.7164399,856.8544637,859.1354326,14117236
01-01-2025,865.1774292,870.6371101,854.6705648,860.6640693,7313806
02-01-2025,870.5158081,875.2232427,860.4457298,862.4354683,18558576
03-01-2025,848.8954468,871.2437648,847.4881097,869.1812186,24426194
06-01-2025,830.1141357,852.7778537,827.8332261,844.4791507,18816348
07-01-2025,831.5215454,835.2098513,825.018447,832.2980215,13527906
08-01-2025,822.2521973,830.6722263,816.9380725,829.0221776,19738190
09-01-2025,809.3916626,819.6801044,804.6841688,817.3263871,40420222
10-01-2025,804.0289917,812.8372886,802.6944031,810.9445874,17453280
13-01-2025,791.4596558,799.1760172,788.2809435,795.9002084,21669066
14-01-2025,799.1030884,803.7620039,794.4441729,795.851569,26661432
15-01-2025,797.3803101,806.9165048,794.1045017,803.9076378,14022892
16-01-2025,801.7481079,805.8732002,797.2832666,802.1363163,21212454
17-01-2025,794.322876,800.995819,790.3191101,797.5986844,23112076
20-01-2025,801.3598022,806.0672366,789.1058522,789.1058522,17557618
21-01-2025,797.0648804,806.1158297,792.5272908,804.7569522,31158144
22-01-2025,808.5423584,811.3813806,788.8389295,797.0648842,30619306
23-01-2025,807.9842529,818.7094809,801.3598283,818.7094809,34909158
24-01-2025,800.6561279,810.6048794,798.083988,805.6062147,24236200
27-01-2025,790.9500732,797.6472464,789.1058906,796.4339839,22804166
28-01-2025,810.6534424,817.3991934,799.2972941,799.2972941,30179312
29-01-2025,814.0020142,815.8704264,809.9011518,812.8857891,12619890
30-01-2025,820.8933716,823.9993353,811.6968659,815.7976693,25744846
31-01-2025,824.4118042,827.299345,817.2292671,818.8307971,15821686
01-02-2025,820.6264038,831.3274019,813.3954073,823.805175,5587528
03-02-2025,814.3417358,818.6124433,807.2805249,810.4592961,20276540
04-02-2025,835.1613159,837.5393221,815.3366202,819.5344607,28616502
05-02-2025,843.3630371,846.4689417,834.1907609,841.0335495,23675506
06-02-2025,846.2990723,848.7984047,836.6657803,842.2467876,26760716
07-02-2025,840.9122314,857.5339276,837.1511177,849.2837426,23509600
10-02-2025,832.6619873,836.3988118,829.1435263,833.4142337,17195950
11-02-2025,825.697876,830.3567918,819.5344674,826.4743521,22724704
12-02-2025,828.3185425,830.8421046,815.8946879,821.6213102,22809570
13-02-2025,823.9022217,831.9340426,821.8882535,824.5331418,12602434
14-02-2025,822.519104,825.9405277,815.3123372,825.9405277,19959892
17-02-2025,833.4384766,834.7245466,815.918979,817.83591,12938946
18-02-2025,836.2047119,840.329804,828.0030465,831.3516624,16350910
19-02-2025,838.218689,843.4114875,831.0604409,833.2686022,11884112
20-02-2025,818.7579956,832.1524008,817.8844822,830.3567961,26390510
21-02-2025,821.3786011,822.5675745,813.9777008,815.7490757,15680940
24-02-2025,813.9049683,817.3506218,806.1400886,815.8461882,20693646
25-02-2025,816.4527588,819.1947436,810.9930782,810.9930782,24138708
27-02-2025,825.3580933,830.2354316,816.5498559,816.5498559,35786800
28-02-2025,840.7423096,843.0960267,817.738843,817.738843,54516728
03-03-2025,825.7706909,845.9108471,822.1551334,844.3336059,21205364
04-03-2025,829.871521,831.9583561,821.7426625,824.0478612,19920958
05-03-2025,820.1654053,830.2597724,819.3161216,825.964776,21583872
06-03-2025,820.7477417,824.9699305,811.5512362,818.7094845,32966088
07-03-2025,819.8014526,825.5765939,814.1476377,816.2829915,13372914
10-03-2025,818.9521484,824.969942,816.792565,819.6801059,15604050
11-03-2025,817.9815063,822.1065985,810.4835684,816.4770728,19898430
12-03-2025,830.4296265,833.9966062,820.9176607,820.9176607,18784106
13-03-2025,828.2214355,835.1128015,825.0427236,832.807603,15736264
17-03-2025,830.0656738,836.6658099,827.445015,827.445015,18950652
18-03-2025,830.0656738,830.0656738,830.0656738,830.0656738,0
19-03-2025,846.4204102,849.7690264,840.645269,842.0041467,15221406
20-03-2025,858.3831787,860.9310298,848.9440206,851.2249303,17833978
21-03-2025,859.159668,860.9795617,851.9771897,851.9771897,33508264
24-03-2025,873.5489502,875.6843039,860.761176,863.3575458,17393736
25-03-2025,883.9587402,894.7567761,874.2769295,875.9269783,39101416
26-03-2025,876.7277222,886.8948376,874.5195608,885.6815752,24478442
27-03-2025,885.8514404,893.4464753,872.6268796,873.5489709,41658100
28-03-2025,887.2344971,891.0198994,876.3879431,887.6227647,28773648
01-04-2025,857.9463501,878.3534471,856.7330877,874.5195261,28511006
02-04-2025,872.0444946,873.1606605,859.3294691,859.3294691,11573564
03-04-2025,871.0496826,875.4902353,862.3870001,864.3767388,11250038
04-04-2025,881.9447632,893.9074835,878.9358368,879.8579281,33540454
07-04-2025,853.0205078,863.7700246,843.5570611,855.4956105,37995450
08-04-2025,858.5773315,864.8134888,849.4293444,856.563304,35563872
09-04-2025,856.5632935,861.4163433,850.9822862,856.5632935,22454608
11-04-2025,876.8247681,882.9638879,861.2950088,861.2950088,32775766
15-04-2025,905.0452271,910.8203679,900.2406961,905.0937457,49298344
16-04-2025,911.40271,914.2175024,902.9098732,914.2175024,19136820
17-04-2025,925.3309326,931.639897,910.771784,913.3439239,35703084
21-04-2025,935.2311401,946.6843249,926.9324375,933.7267067,34247298
22-04-2025,952.0227661,956.3419923,939.0651467,939.0651467,45961750
23-04-2025,933.6782227,960.3699954,932.0281739,960.3699954,30570642
24-04-2025,930.2325439,933.6781972,924.5544405,926.9324466,25931754
25-04-2025,927.5148315,938.0945035,918.0999626,934.1150265,18500878
28-04-2025,931.8825684,936.4929655,926.1560053,927.5148237,13920492
29-04-2025,926.3500977,936.0561965,922.1764278,931.2031471,18918308
30-04-2025,934.2120361,939.9871769,927.078077,928.3883767,31936870
02-05-2025,932.7075806,942.4136794,931.7854893,936.5415015,17840404
05-05-2025,939.9386597,947.3152713,937.7547874,941.0063069,15068024
06-05-2025,937.463562,941.5401355,933.8723527,936.6385673,17490156
07-05-2025,944.2093506,945.7137842,932.9502988,938.5798247,21420778
08-05-2025,935.9106445,948.6741891,931.3487659,948.6741891,34803430
09-05-2025,917.0807495,931.3002084,915.6734125,926.9809824,17188796
12-05-2025,949.8388672,951.1492262,928.0487213,930.6208022,18618972
13-05-2025,933.0473022,952.0227143,931.7855212,946.34467,24242102
14-05-2025,927.2236938,936.7356597,923.5353878,932.8047012,15445308
15-05-2025,938.4827271,943.8210814,920.6234814,928.631013,32241458
16-05-2025,938.9194946,943.3358172,935.8621089,938.4827676,15868010
19-05-2025,940.8607178,943.9181628,937.1238932,940.035723,10202964
20-05-2025,929.3104858,938.8709699,928.3883946,935.7164877,23879090
21-05-2025,935.0856323,944.8402503,932.3193585,935.1826696,15132040
22-05-2025,931.7369995,933.8237753,924.6029811,929.4560307,21306670
23-05-2025,938.3856812,940.0357299,929.116368,931.834064,9566072
26-05-2025,941.5886841,946.2961779,935.1341635,939.0651219,10802860
27-05-2025,934.8429565,945.3740503,929.989907,937.4150373,26162148
28-05-2025,933.4840698,938.8224243,930.6692774,931.8825398,18157594
29-05-2025,935.425293,941.8798725,925.6221567,935.6679454,28917794
30-05-2025,943.8696289,945.7623301,934.4061822,937.5606644,28748078
02-06-2025,937.6577148,939.5504161,925.961877,936.6871049,14668822
03-06-2025,934.0179443,947.3153125,931.7855533,940.5210429,24377584
04-06-2025,942.0739746,943.0931624,932.2223194,932.270838,12961542
05-06-2025,946.1505127,950.6638724,941.5886343,945.3740366,22255418
06-06-2025,960.2729492,968.8143643,942.8019698,943.43289,30127008
09-06-2025,960.3699951,968.1833931,958.9140802,968.1833931,13202588
10-06-2025,953.7698975,962.2627346,951.731581,962.2627346,15533126
11-06-2025,946.5388184,954.8860401,944.8887696,954.8860401,11096394
12-06-2025,943.1417236,951.6830796,939.2107651,946.3447247,16349130
13-06-2025,930.6207886,938.0944969,928.3883976,931.7855323,12117762
16-06-2025,939.2592163,940.9577836,931.8340268,933.726728,16513746
17-06-2025,936.444458,942.2681176,931.3487558,940.0357266,16978736
18-06-2025,938.531311,939.6960548,930.329645,930.329645,18433816
19-06-2025,939.2106934,944.7917003,934.5031998,938.5312546,16876220
20-06-2025,953.4786987,956.0023202,937.4151153,937.4151153,32900408
23-06-2025,945.5681763,950.1785733,942.3651754,945.5681763,11739518
24-06-2025,951.6345215,960.4185295,949.0623815,953.62426,22625322
25-06-2025,961.0009155,961.8744882,953.0904798,954.1096084,18405932
26-06-2025,981.1896362,983.7617171,960.9038643,961.5833031,50084830
27-06-2025,988.5983276,991.0024945,978.0494846,987.6660923,28213384
30-06-2025,982.0236816,988.0586251,979.0798185,986.9301202,13649020
01-07-2025,987.2244873,989.1380103,983.2502841,983.7409279,14389386
02-07-2025,974.4187012,991.0515399,970.4444979,991.0515399,18878250
03-07-2025,974.958374,985.2128424,973.5846072,978.78542,16860506
04-07-2025,976.0378418,983.0049606,971.47483,974.9583894,7863944
07-07-2025,975.1055908,980.5026731,973.339285,975.890609,11349426
08-07-2025,981.9746094,983.7409152,970.0028875,970.0028875,15224316
09-07-2025,986.7828979,988.0586199,980.3554754,984.7222177,13861428
10-07-2025,984.3296509,989.6286283,981.287683,989.1379845,17030310
11-07-2025,973.2901611,983.6427941,971.9163943,980.306392,12516922
14-07-2025,972.9467773,975.7434234,966.8627815,972.9467773,13088850
15-07-2025,979.079834,983.0540373,968.040347,968.040347,14498168
16-07-2025,979.4723511,992.4253009,977.6569329,990.1192988,17994612
17-07-2025,974.8602905,983.6428275,972.7995504,983.2502885,22529158
18-07-2025,960.3862915,979.8157761,958.2274466,974.8602852,16129446
21-07-2025,981.53302,982.2689858,969.7575676,970.5916382,22309078
22-07-2025,984.7712402,990.1192701,982.7596125,987.7151033,14836814
23-07-2025,993.2103882,995.9089294,982.75965,986.6848009,13634916
24-07-2025,988.2548218,999.7849523,985.4091234,999.7849523,19107176
25-07-2025,985.9922485,991.1076549,983.2378174,991.1076549,9306598
28-07-2025,987.9105225,994.2555908,983.9756038,985.2052659,12059580
29-07-2025,994.3539429,996.7640926,981.9097985,983.6804999,19895696
30-07-2025,996.4197998,999.7644446,992.0913653,997.5018784,15154036
31-07-2025,992.6815796,999.1742314,987.6645823,990.9108782,22183032
01-08-2025,989.7304077,997.6494797,988.3040477,990.6157884,11317258
04-08-2025,979.7947388,992.8291567,977.8764539,988.6974802,13933946
05-08-2025,972.711853,980.975206,966.7603007,977.0894619,23978058
06-08-2025,976.4992676,977.8272786,968.9737117,969.514751,14080204
07-08-2025,981.4671021,984.51664,972.3184281,973.9415461,13081186
08-08-2025,970.8920288,980.1882864,968.9737439,977.3846207,13895264
11-08-2025,981.5654297,982.5491593,970.4984712,971.8757167,9105854
12-08-2025,968.9245605,981.7622209,967.7440729,979.745587,12937802
13-08-2025,974.039917,980.7784409,968.530995,980.7784409,13577396
14-08-2025,979.3520508,981.7622005,969.5639287,972.9086335,17511716
18-08-2025,985.5003662,996.8132574,981.5654476,988.6483131,19284796
19-08-2025,979.3520508,986.7300232,977.1878335,982.8935136,12352438
20-08-2025,977.9256592,979.7947696,973.4005266,977.3354454,9950228
21-08-2025,979.4012451,982.5000176,975.4663264,982.5000176,12439850
22-08-2025,966.317627,981.7621945,962.6286408,978.7618311,19833502
25-08-2025,966.0717163,972.6135427,962.579488,964.1534314,17518044
26-08-2025,957.5625,969.6623631,952.2503357,963.5632271,16917731
28-08-2025,942.2162476,956.3819785,939.4618165,951.2665724,25438255
29-08-2025,936.1171265,947.6267756,934.641532,938.4781017,14823813
01-09-2025,935.1333618,941.8719458,930.9525109,934.1496322,20178344
02-09-2025,929.1326904,939.2650942,928.6408256,935.5269334,14196320
03-09-2025,938.9207764,940.7406522,924.7058709,929.6245192,16083481
04-09-2025,945.6101074,949.9877163,940.6914593,944.5772033,17597657
05-09-2025,947.7251587,951.7584262,938.5272505,951.7584262,11602111
08-09-2025,950.2828369,957.3165279,944.8231494,953.2340258,11711307
09-09-2025,949.4467163,958.5462158,947.0365666,958.1526999,13985539
10-09-2025,950.1845093,958.0543466,946.0528327,958.0543466,18091100
11-09-2025,952.0535278,953.4799478,944.2820997,944.6755556,15113633
12-09-2025,951.5617065,954.9555859,946.5938837,954.1194397,14363519
15-09-2025,951.3157349,956.5294899,949.2991011,953.8242334,14486377
16-09-2025,951.1190186,953.5783428,945.5609819,945.5609819,18661794
17-09-2025,950.7747192,958.5462076,948.6596764,949.4467082,17361476
18-09-2025,961.0055542,963.7108108,953.4799981,957.4640913,17791598
19-09-2025,951.1682129,960.8087514,946.4462626,959.03805,31243267
22-09-2025,948.512146,955.3982536,946.2987543,948.3153881,10854415
23-09-2025,941.6260376,952.4470638,939.9536852,951.2665762,21022298
24-09-2025,935.5761108,940.8882752,927.6570988,936.707424,15117220
25-09-2025,934.3955688,942.4129894,931.9854793,937.0024764,31413279
26-09-2025,929.6737061,935.9695999,925.9847198,929.7228805,14874656
29-09-2025,934.8382568,941.2324994,923.820473,930.6574059,32398179
30-09-2025,935.5269165,944.3804835,930.903375,942.4621987,28296687
01-10-2025,949.5450439,953.8242439,930.6082482,937.1992489,25350832
03-10-2025,949.4467163,951.0206598,936.5106471,936.5106471,26658296
06-10-2025,957.6116333,961.4973774,946.3479169,956.0868644,18542683
07-10-2025,966.5144043,973.7447934,955.2015131,958.1527021,25535736
08-10-2025,962.7762451,969.8591108,958.6937429,960.120163,15939710
09-10-2025,961.2022095,963.0713198,954.3653365,958.6445364,15370950
10-10-2025,964.9404297,970.1541848,962.1859387,963.0713194,13757080
13-10-2025,961.1038818,965.0388005,956.1852335,958.4477997,18634254
14-10-2025,961.2514648,964.4977607,951.2665847,954.2177737,22934382
15-10-2025,962.3335571,968.8753835,957.5132577,959.1364357,23310447
16-10-2025,978.1715698,980.3849616,965.5306676,966.6619808,22936566
17-10-2025,986.2381592,992.5832275,969.9574453,977.7781081,25210511
20-10-2025,986.6316528,1003.404231,980.7784495,980.7784495,22195202
21-10-2025,991.3043823,993.5669485,987.6645706,989.6320299,3471600
23-10-2025,992.3864746,1003.896124,989.6320436,999.4693402,43526526
24-10-2025,978.5650635,995.4852254,975.1711842,994.5506702,17707768
27-10-2025,986.6316528,992.6323796,979.9914778,980.2865847,15700796
28-10-2025,987.2218628,991.5994717,978.8109864,981.417894,33904289
29-10-2025,991.4519043,996.0262712,983.7296506,988.5499499,17769445
30-10-2025,981.90979,993.0750977,980.8768259,983.7296659,19962917
31-10-2025,971.2362671,988.1072545,965.1863658,977.8272677,23221330
03-11-2025,976.4992676,978.3683179,967.3013593,968.9737117,16607180
04-11-2025,969.2196655,980.7784892,967.6948965,970.9411925,20024544
06-11-2025,968.6294556,974.9252895,958.1527104,965.0388182,22279516
07-11-2025,966.317627,968.8753601,958.8904801,964.0550608,15004568
10-11-2025,968.4818726,974.826941,964.2518469,966.3176552,15988262
11-11-2025,975.5646973,977.3353986,962.0875892,967.4981022,10200530
12-11-2025,973.4005127,982.7459446,971.6298113,982.5491867,13137263
13-11-2025,970.5969238,973.9907432,966.6127705,967.9900161,14124839
14-11-2025,973.4988403,975.5155342,960.1693155,960.1693155,21386965
17-11-2025,980.3357544,981.7129999,969.5639029,975.1219993,18396408
18-11-2025,976.3024902,982.7459073,973.8923406,981.4178964,20002640
19-11-2025,978.4174805,980.3357653,967.9899703,973.8923481,19813847
20-11-2025,992.4356689,995.1409256,976.3025381,979.1061437,19850865
21-11-2025,981.8114014,991.8946307,980.3358068,986.7792243,17499897
24-11-2025,982.8934937,994.9933562,977.4337461,983.7296398,32204053
25-11-2025,973.6956177,989.7303993,972.3184322,987.664591,24989383
26-11-2025,987.5662231,990.5665866,965.333897,965.333897,19494356
27-11-2025,993.0750732,1000.256288,984.7133713,985.7954499,25536848
28-11-2025,991.2059937,995.5836027,987.8613488,990.6157799,15988807
01-12-2025,985.7954712,1000.944932,983.0410401,1000.944932,16746566
02-12-2025,973.6956177,978.2208102,968.9737273,971.9249163,27316662
03-12-2025,984.2214966,985.9921979,969.9574169,969.9574169,15448777
04-12-2025,980.9752197,988.3531921,976.8435432,983.7296507,14528169
05-12-2025,986.9759521,991.5994935,974.0891177,975.859819,12843366
08-12-2025,986.7791748,990.1238796,981.2703129,983.7296369,12901022
09-12-2025,980.8768311,986.4841022,977.8272931,978.7126738,15294322
10-12-2025,973.6956177,982.2540778,969.2688342,981.2703482,15322830
11-12-2025,984.0247803,986.3857555,972.4167821,973.8923766,11844809
12-12-2025,985.2052612,988.3532082,981.9589653,986.6808557,11988618
15-12-2025,979.8930664,985.5003373,975.8597989,975.8597989,9790060
16-12-2025,978.1223755,982.4508099,973.990699,973.990699,20049088
17-12-2025,967.9899902,979.7947462,964.8420433,979.7947462,19080922
18-12-2025,963.7599487,971.334679,957.464055,957.464055,14912404
19-12-2025,969.4655762,971.9249003,962.7762265,970.9411707,25952384
22-12-2025,971.6298218,976.7452281,967.891661,971.9249287,13540411
23-12-2025,980.3849487,982.647575,971.6297908,974.3842219,17927849
24-12-2025,980.9752197,983.139437,976.8435432,976.8435432,13699996
26-12-2025,975.9581909,980.9752483,971.6298164,979.7947607,9360853
29-12-2025,975.5646973,981.1719682,971.1379139,976.9418827,13545749
30-12-2025,974.777771,978.8110387,966.2193107,974.0891482,33155849
31-12-2025,975.072876,981.3687099,971.5314131,974.876118,10963454
01-01-2026,975.0236816,981.3195155,973.4005037,977.3354223,7132074
02-01-2026,985.3035889,986.8775923,972.7118614,975.0236621,11751459
05-01-2026,961.5957642,990.025576,960.4152765,989.3861277,27647379
06-01-2026,946.5446777,950.9714611,940.4455419,947.0365426,31988783
07-01-2026,933.6086426,940.8882662,930.6082791,940.4455759,52884712
08-01-2026,931.296875,937.4943598,926.0831198,929.3294157,21928849
09-01-2026,923.722168,935.1334082,918.1148968,929.624546,38183839
12-01-2026,921.7055054,926.6733281,914.4750564,922.2465447,21071666
13-01-2026,922.098999,932.2806373,917.426283,932.2806373,32042827
14-01-2026,910.3926392,924.7550684,905.2280584,914.8685972,36688248
15-01-2026,910.3926392,910.3926392,910.3926392,910.3926392,0
16-01-2026,915.9506836,920.7218086,904.2443364,906.9987675,37780235
19-01-2026,912.8027954,920.9185653,904.5394421,920.6726329,38191942
20-01-2026,916.0490723,919.2953681,904.6377722,914.1799619,36022727
21-01-2026,905.3755493,916.9836071,900.6044846,909.9499162,32766854
22-01-2026,903.7524414,913.196222,898.3419283,912.9011151,44444755
23-01-2026,901.1947021,911.0319986,894.4561781,905.0312718,30985247
27-01-2026,911.3272095,916.0491,890.2753701,891.2590998,44753093
28-01-2026,917.5246582,926.1322927,913.2946327,917.3279003,35347138
29-01-2026,920.2791138,924.0172745,909.3105038,914.9669495,37175628
30-01-2026,914.1307983,923.6238137,912.6552038,914.8685956,29691233
02-02-2026,912.9994507,914.6718031,894.5053455,900.1126165,28032106
03-02-2026,933.2643433,977.827285,929.6245315,967.7440559,50336968
04-02-2026,937.5927124,941.62604,932.5265407,937.0024986,24366770
05-02-2026,934.2480469,940.494706,931.296858,940.4455316,28103169
06-02-2026,925.7879639,932.6740715,922.34491,929.6245336,18120272
09-02-2026,922.0006104,934.5431633,920.1315,929.6245151,23947829
10-02-2026,917.2295532,925.5912553,914.8194036,914.868578,31525385
11-02-2026,912.0157471,920.7709651,910.2450457,916.0982492,24869804
12-02-2026,905.621521,913.4913585,903.5557127,911.917415,33872203
13-02-2026,889.1932373,913.0978553,886.3403974,898.1451529,50188359
16-02-2026,910.7368774,914.3766891,887.4224733,889.1932346,18806989
17-02-2026,910.6385498,912.9994649,903.6540333,907.9824677,22599629
18-02-2026,909.6548462,910.4418179,904.5886143,908.1792517,12738702
19-02-2026,900.7028809,914.0816407,897.6041684,913.8848827,21209234
20-02-2026,897.013855,902.9162329,893.6200357,896.1777088,22654907
23-02-2026,908.5726929,910.5893867,900.3585742,901.5882363,23270122
24-02-2026,895.6858521,912.8519466,894.357841,912.8519466,31313985
25-02-2026,892.8330078,901.0963609,888.4062244,895.7350223,27884303
26-02-2026,883.9794312,897.1614324,880.4380285,897.1614324,41165937
27-02-2026,873.3060303,884.3238148,870.6007736,883.9794734,34620755
02-03-2026,865.0918579,873.3059763,857.3695443,861.9439111,38378924
04-03-2026,854.5167847,864.9934694,834.2027434,834.2027434,39862322
05-03-2026,863.468689,867.0593262,849.4505416,859.6321194,31324582
06-03-2026,843.1054688,857.5171319,841.187184,853.9264947,34439647
09-03-2026,827.0215454,828.7430723,808.1339237,811.5769776,35592613
10-03-2026,835.6291504,842.8595392,826.9231071,836.2193642,52866024
11-03-2026,820.3813477,835.0388833,814.1346284,831.2515482,42261076
12-03-2026,819.2008667,822.7915039,806.7566626,806.7566626,46107561
13-03-2026,803.7071533,810.3965032,798.7885049,806.6583424,41700464
16-03-2026,826.9231567,830.7597266,802.3791489,803.70716,52182605
17-03-2026,831.5958252,835.0881134,821.5125964,833.9076259,38826979
18-03-2026,829.333252,833.0222381,818.0695357,831.5958181,23507063
19-03-2026,785.2130127,802.379107,757.4718248,757.4718248,171637393
20-03-2026,767.7518311,780.8354236,765.5384393,772.227789,103129469
23-03-2026,732.0424805,756.1930326,728.9928824,750.7333448,72341738
24-03-2026,752.454834,760.1770877,735.534672,742.7158864,61269986
25-03-2026,769.5717163,781.8683373,755.7011518,755.7011518,59230640
27-03-2026,743.8963623,762.2921185,742.2731844,760.6197661,65485199
30-03-2026,719.6473999,738.7809532,714.8271607,733.0753334,103500135
01-04-2026,730.1733398,743.6012737,727.0745674,730.9111371,78862761
02-04-2026,738.6826172,742.7158847,714.8271732,718.1226435,49310300
06-04-2026,758.4555664,760.1770933,732.8785953,746.6508105,42976659
07-04-2026,759.43927,761.4067293,748.6182442,753.5368923,51309793
08-04-2026,802.8217773,804.4941298,783.0488346,786.9837533,70269512
09-04-2026,784.7211914,805.6746219,780.1959988,801.7397032,48879392
10-04-2026,797.1161499,799.0344348,787.9674759,790.9186649,38156026
13-04-2026,781.7699585,785.5081191,774.5395096,778.6220116,47549328
15-04-2026,796.7226563,801.5428954,790.9186274,791.8531825,39769515
16-04-2026,782.5077515,806.7074765,779.3106301,804.6908428,62861293
17-04-2026,786.885376,790.8694691,775.375727,777.2447773,37282544
20-04-2026,782.5077515,796.7718312,777.1464129,784.1308693,52148044
21-04-2026,798.5425415,801.6413139,782.2618278,782.2618278,49135752
22-04-2026,786.885376,799.8213849,785.0162656,796.8210215,23876412
23-04-2026,771.5883179,783.6882405,769.7684421,779.1138736,37677616
24-04-2026,772.0802002,774.7854568,764.3579464,764.6530533,27720358
27-04-2026,776.949646,780.0975928,772.2277558,774.6870799,18115375
28-04-2026,769.817627,781.5732083,765.6367759,772.2277766,35366803
29-04-2026,766.3253784,777.1464043,764.7022005,772.719621,25799963
30-04-2026,759.144165,766.1286214,749.8479081,757.4718127,47998755
01-05-2026,759.144165,759.144165,759.144165,759.144165,0
04-05-2026,766.7189331,773.8017387,760.0295233,760.0295233,29028060
05-05-2026,759.734375,764.2595673,751.2743243,761.8002432,38887657
06-05-2026,783.5898438,785.9508189,760.9148872,762.5380652,35530831
07-05-2026,783.0979614,788.5084744,775.7199892,781.0813277,46137553
08-05-2026,768.1452637,775.9167518,764.5546865,771.244036,38016841
11-05-2026,751.2251587,762.2428826,749.5036318,759.3901026,41123422
12-05-2026,738.2399292,747.3394285,735.6330216,744.2898305,43937132
13-05-2026,737.4037476,747.5853858,735.1903558,739.7647228,28960919
14-05-2026,757.0291748,765.6368096,734.8460822,738.781001,50992358
15-05-2026,755.0125122,769.1782433,752.9467039,760.4230253,24347873
18-05-2026,756.1437988,761.5050772,739.1252283,746.6507839,29812079
19-05-2026,750.0446777,758.2587962,747.8804605,754.2255287,40307830
20-05-2026,747.1427002,749.8479568,742.8635001,747.2410491,24013451
21-05-2026,746.7984009,755.7503168,742.8634822,754.5206547,34664725
22-05-2026,754.3239136,762.390509,746.7984175,746.7984175,25604071
25-05-2026,774.0476685,775.0313981,762.5872538,763.3742255,26043952
26-05-2026,766.2270508,777.9825721,764.112008,771.2932225,31528062
27-05-2026,746.3065186,761.3083956,744.5849917,756.9799612,63680153
28-05-2026,746.3065186,746.3065186,746.3065186,746.3065186,0
29-05-2026,732.4359131,748.1264133,725.7465633,733.9115076,101299431
01-06-2026,730.6160278,740.108983,727.172974,736.8135127,47996441
02-06-2026,736.0757446,741.3386745,721.2214502,725.0087856,47314447
03-06-2026,741.3878784,744.5849998,730.5176177,732.3375536,36109480
04-06-2026,741.928894,744.9784319,732.8785695,736.9610715,42673538
05-06-2026,734.8952026,746.3556768,732.5342876,741.6829611,22116568
08-06-2026,726.631958,729.4355636,722.5494558,725.9925097,21550700
09-06-2026,726.336792,731.8457143,720.3852394,727.4189307,38539563
10-06-2026,734.6984863,743.6504624,724.4185592,724.5169082,44458159
11-06-2026,732.4851074,743.69965,728.0583238,730.9111639,32632007
12-06-2026,759.881958,761.8494173,740.8467538,742.4207572,36088159
15-06-2026,764.7022095,780.5894671,762.9806826,777.1464134,39990334
16-06-2026,772.1294556,774.8838867,766.7681168,767.8010209,27820970
17-06-2026,774.2935791,781.3764445,770.3586605,774.8346784,32405604
18-06-2026,786,789.8857442,773.4082723,773.7033792,41492071
19-06-2026,779.7999878,789.0499878,776.2000122,788.7000122,33798761
22-06-2026,786.4000244,789.9000244,783.0999756,789.9000244,25194765
23-06-2026,774.6500244,790.9000244,772.5499878,783.0499878,28289062
24-06-2026,793.2000122,794.9000244,772.6500244,773,34696974
